author_id,author_name,hit_work_id,hit_title,hit_publication_year,hit_type,hit_cited_by_count,economics_portfolio_citations,economics_portfolio_works,hit_share,author_position_on_hit,subfield_name,topic_name,hit_author_count,prior_works,prior_cited_works,prior_citations
https://openalex.org/A5068490503,Michael C. Jensen,https://openalex.org/W2752617332,"Theory of the firm: Managerial behavior, agency costs and ownership structure",1976,article,69606,100112,68,0.6952812849608438,first,Economics and Econometrics,Economic theories and models,2,14,14,15978
https://openalex.org/A5114113233,Manuel Arellano,https://openalex.org/W2025610165,Some Tests of Specification for Panel Data: Monte Carlo Evidence and an Application to Employment Equations,1991,article,32287,55948,60,0.5770894401944663,first,Economics and Econometrics,Spatial and Panel Data Analysis,2,7,7,656
https://openalex.org/A5001761955,Robert M. Solow,https://openalex.org/W2070631858,A Contribution to the Theory of Economic Growth,1956,article,23612,42132,197,0.560429127504035,first,"General Economics, Econometrics and Finance",Economic Theory and Policy,1,7,6,279
https://openalex.org/A5009198168,Ahmedin Jemal,https://openalex.org/W2999417355,"Cancer statistics, 2020",2020,article,21282,27936,78,0.7618127147766323,last,Economics and Econometrics,Economic and Financial Impacts of Cancer,3,44,32,2047
https://openalex.org/A5071476945,Burton G. Malkiel,https://openalex.org/W2131773668,EFFICIENT CAPITAL MARKETS: A REVIEW OF THEORY AND EMPIRICAL WORK*,1970,review,15646,27735,109,0.5641247521182621,first,Finance,Financial Markets and Investment Strategies,2,13,12,631
https://openalex.org/A5004558610,Joseph A. Schumpeter,https://openalex.org/W2323266160,"The General Theory of Employment, Interest and Money.",1936,article,14606,27506,52,0.531011415691122,first,"General Economics, Econometrics and Finance",Economic Theory and Policy,2,8,7,8140
https://openalex.org/A5108357701,Herbert A. Simon,https://openalex.org/W2148962857,A Behavioral Model of Rational Choice,1955,article,14957,27024,44,0.5534709887507401,first,Economics and Econometrics,Economic theories and models,1,7,7,1851
https://openalex.org/A5013327075,Michael C. Munger,https://openalex.org/W3121147769,"Institutions, Institutional Change and Economic Performance",1991,article,25312,26906,57,0.9407567085408459,first,Economics and Econometrics,Economic Theory and Institutions,2,7,7,901
https://openalex.org/A5003087402,Элинор Остром,https://openalex.org/W2175723801,Governing the Commons: The Evolution of Institutions for Collective Action,1992,article,19137,26736,39,0.7157764811490126,last,Economics and Econometrics,Economic Theory and Institutions,2,6,5,447
https://openalex.org/A5084654258,Brian J. Loasby,https://openalex.org/W2137358449,An Evolutionary Theory of Economic Change.,1983,article,21725,25214,68,0.8616244943285476,first,Economics and Econometrics,Economic theories and models,3,13,11,1532
https://openalex.org/A5018872515,David Weil,https://openalex.org/W2166974667,A Contribution to the Empirics of Economic Growth,1992,article,15000,22424,69,0.668926150552979,last,Economics and Econometrics,Economic Growth and Productivity,3,10,8,789
https://openalex.org/A5045313082,Andrew Levin,https://openalex.org/W1978775682,Unit root tests in panel data: asymptotic and finite-sample properties,2002,article,12566,21751,148,0.5777205645717438,first,Economics and Econometrics,Spatial and Panel Data Analysis,3,31,29,4055
https://openalex.org/A5026185670,Olympia Bover,https://openalex.org/W2035554302,Another look at the instrumental variable estimation of error-components models,1995,article,19198,21275,62,0.9023736780258519,last,Economics and Econometrics,Spatial and Panel Data Analysis,2,9,6,448
https://openalex.org/A5101403147,Richard J. Smith,https://openalex.org/W1966910378,Bounds testing approaches to the analysis of level relationships,2001,article,19122,20794,19,0.9195921900548235,last,"General Economics, Econometrics and Finance",Monetary Policy and Economic Impact,3,10,9,1404
https://openalex.org/A5109487711,Katarina Jusélius,https://openalex.org/W1587141723,MAXIMUM LIKELIHOOD ESTIMATION AND INFERENCE ON COINTEGRATION — WITH APPLICATIONS TO THE DEMAND FOR MONEY,1990,article,14045,20251,112,0.6935459977285072,last,"General Economics, Econometrics and Finance",Monetary Policy and Economic Impact,2,5,5,181
https://openalex.org/A5033832195,Barry C. Field,https://openalex.org/W2175723801,Governing the Commons: The Evolution of Institutions for Collective Action,1992,article,19137,19511,20,0.9808313259187125,first,Economics and Econometrics,Economic Theory and Institutions,2,9,5,121
https://openalex.org/A5103360489,Andrew Weiss,https://openalex.org/W1546523058,Credit Rationing in Markets with Imperfect Information,1981,article,12860,18625,55,0.6904697986577181,last,Finance,"Banking stability, regulation, efficiency",2,3,3,737
https://openalex.org/A5084768823,Gordon Tullock,https://openalex.org/W2089314759,"Exit, Voice and Loyalty: Responses to Decline in Firms, Organizations, and States.",1970,article,11034,18589,120,0.5935768465221367,first,Economics and Econometrics,Economic Theory and Institutions,2,19,16,3878
https://openalex.org/A5019884843,Scott Baker,https://openalex.org/W3126081245,Measuring Economic Policy Uncertainty*,2016,article,11387,18371,92,0.6198356104730282,first,Economics and Econometrics,Market Dynamics and Volatility,3,39,31,2169
https://openalex.org/A5103002387,Avinash Dixit,https://openalex.org/W1995503011,Investment Under Uncertainty.,1994,article,9867,17866,15,0.5522780700772417,middle,Economics and Econometrics,Economic theories and models,3,12,10,7999
https://openalex.org/A5103231182,Peter Schmidt,https://openalex.org/W1588163064,Testing the null hypothesis of stationarity against the alternative of a unit root,1992,article,12417,17309,55,0.7173724651915189,middle,Finance,Financial Risk and Volatility Modeling,4,14,13,1049
https://openalex.org/A5113850381,Sherwin Rosen,https://openalex.org/W2051688880,Hedonic Prices and Implicit Markets: Product Differentiation in Pure Competition,1974,article,10483,16735,64,0.6264117119808784,first,Economics and Econometrics,Housing Market and Economics,1,8,5,823
https://openalex.org/A5017670482,William M. Dugger,https://openalex.org/W2566856888,The Economic Institutions of Capitalism,1987,article,14988,16613,80,0.9021850358153254,first,Economics and Econometrics,Economic Theory and Institutions,1,25,20,875
https://openalex.org/A5047944478,Claire Gudex,https://openalex.org/W1990166011,Development and preliminary testing of the new five-level version of EQ-5D (EQ-5D-5L),2011,article,9731,16577,35,0.5870181576883634,middle,Economics and Econometrics,"Health Systems, Economic Evaluations, Quality of Life",8,22,21,4592
https://openalex.org/A5031114648,Andrew Lloyd,https://openalex.org/W1990166011,Development and preliminary testing of the new five-level version of EQ-5D (EQ-5D-5L),2011,article,9731,16510,62,0.5894003634161115,middle,Economics and Econometrics,"Health Systems, Economic Evaluations, Quality of Life",8,14,13,913
https://openalex.org/A5103872562,Mariah Farrell,https://openalex.org/W2162180338,The Measurement of Productive Efficiency,1957,article,15920,16282,14,0.9777668591082177,first,Economics and Econometrics,Economic Growth and Productivity,1,4,4,103
https://openalex.org/A5071194921,D. O’Brien,https://openalex.org/W1973308529,Markets and Hierarchies: Analysis and Antitrust Implications.,1976,article,13767,15935,72,0.8639472858487606,first,Economics and Econometrics,Merger and Competition Analysis,2,3,3,153
https://openalex.org/A5109548038,Kyung So Im,https://openalex.org/W2117513178,Testing for unit roots in heterogeneous panels,2003,article,14790,15668,12,0.9439622159816186,first,"General Economics, Econometrics and Finance",Monetary Policy and Economic Impact,3,3,3,661
https://openalex.org/A5047977076,Gouke J. Bonsel,https://openalex.org/W1990166011,Development and preliminary testing of the new five-level version of EQ-5D (EQ-5D-5L),2011,article,9731,14817,61,0.6567456300195721,middle,Economics and Econometrics,"Health Systems, Economic Evaluations, Quality of Life",8,35,34,4184
https://openalex.org/A5034703281,Sendhil Mullainathan,https://openalex.org/W2096684396,How Much Should We Trust Differences-In-Differences Estimates?,2004,article,10364,14563,50,0.711666552221383,last,Economics and Econometrics,Spatial and Panel Data Analysis,3,7,6,750
https://openalex.org/A5091789121,David E. Runkle,https://openalex.org/W2061160212,On the Relation between the Expected Value and the Volatility of the Nominal Excess Return on Stocks,1993,article,8606,14461,34,0.5951179033261876,last,Finance,Financial Markets and Investment Strategies,3,19,18,2049
https://openalex.org/A5027748495,Talcott Parsons,https://openalex.org/W2153656501,The Theory of Social and Economic Organization.,1948,article,11452,14458,25,0.7920874256467008,last,Economics and Econometrics,Economic Theory and Institutions,4,11,10,557
https://openalex.org/A5110382351,Bert Metz,https://openalex.org/W1522296012,Climate Change 2001: The Scientific Basis,2002,article,12979,14380,24,0.9025730180806676,last,Economics and Econometrics,Climate Change Policy and Economics,4,6,6,394
https://openalex.org/A5006750775,Michael Herdman,https://openalex.org/W1990166011,Development and preliminary testing of the new five-level version of EQ-5D (EQ-5D-5L),2011,article,9731,14344,52,0.6784021193530396,first,Economics and Econometrics,"Health Systems, Economic Evaluations, Quality of Life",8,16,14,3515
https://openalex.org/A5032189601,Daniel B. Nelson,https://openalex.org/W1999814123,Conditional Heteroskedasticity in Asset Returns: A New Approach,1991,article,10302,14257,16,0.7225924107455987,first,Finance,Financial Risk and Volatility Modeling,1,4,4,2473
https://openalex.org/A5091811976,Xavier Badı́a,https://openalex.org/W1990166011,Development and preliminary testing of the new five-level version of EQ-5D (EQ-5D-5L),2011,article,9731,14079,42,0.6911712479579516,last,Economics and Econometrics,"Health Systems, Economic Evaluations, Quality of Life",8,33,29,4169
https://openalex.org/A5022665670,Philip H. Dybvig,https://openalex.org/W2157509893,"Bank Runs, Deposit Insurance, and Liquidity",1983,article,9307,13305,69,0.699511461856445,last,Finance,"Banking stability, regulation, efficiency",2,5,5,375
https://openalex.org/A5086246320,Charles E. Lindblom,https://openalex.org/W2313563931,"The Science of ""Muddling Through""",1959,article,8102,13079,21,0.6194663200550501,first,Economics and Econometrics,Economic theories and models,1,9,7,794
https://openalex.org/A5081956728,David Parkin,https://openalex.org/W1990166011,Development and preliminary testing of the new five-level version of EQ-5D (EQ-5D-5L),2011,article,9731,13034,63,0.7465858523860672,middle,Economics and Econometrics,"Health Systems, Economic Evaluations, Quality of Life",8,27,25,2431
https://openalex.org/A5070570974,Chia-Shang James Chu,https://openalex.org/W1978775682,Unit root tests in panel data: asymptotic and finite-sample properties,2002,article,12566,13032,13,0.9642418661755678,last,Economics and Econometrics,Spatial and Panel Data Analysis,3,6,5,419
https://openalex.org/A5101796767,Chien‐Fu Lin,https://openalex.org/W1978775682,Unit root tests in panel data: asymptotic and finite-sample properties,2002,article,12566,13027,11,0.9646119597758501,middle,Economics and Econometrics,Spatial and Panel Data Analysis,3,6,4,434
https://openalex.org/A5032795128,David Soskice,https://openalex.org/W3125715642,Varieties of Capitalism: The Institutional Foundations of Comparative Advantage,2003,article,7598,11879,39,0.6396161293038135,last,"General Economics, Econometrics and Finance",Economic Theory and Policy,3,15,14,3490
https://openalex.org/A5111370678,R. Kerry Turner,https://openalex.org/W2130509491,Changes in the global value of ecosystem services,2014,article,5965,11296,42,0.5280630311614731,last,Economics and Econometrics,Economic and Environmental Valuation,8,33,30,4967
https://openalex.org/A5059704705,Donald R. Gorham,https://openalex.org/W2020844317,The Brief Psychiatric Rating Scale,1962,article,10888,11118,5,0.9793128260478503,last,Economics and Econometrics,"Health Systems, Economic Evaluations, Quality of Life",2,3,3,202
https://openalex.org/A5019507985,Ray Ball,https://openalex.org/W2081432842,An Empirical Evaluation of Accounting Income Numbers,1968,article,6510,11100,89,0.5864864864864865,first,Economics and Econometrics,Housing Market and Economics,2,32,26,672
https://openalex.org/A5053384308,Silvana Tenreyro,https://openalex.org/W2100130392,The Log of Gravity,2006,article,5918,11023,74,0.5368774380840061,last,"General Economics, Econometrics and Finance",Global trade and economics,2,18,16,645
https://openalex.org/A5089743071,Robert Waldmann,https://openalex.org/W2050643653,Noise Trader Risk in Financial Markets,1990,article,6313,10698,44,0.5901103009908394,last,Finance,Financial Markets and Investment Strategies,4,5,5,473
https://openalex.org/A5000264408,Paul J. H. Schoemaker,https://openalex.org/W2102469678,Strategic assets and organizational rent,1993,article,8278,10669,13,0.7758927734558065,last,Finance,Capital Investment and Risk Analysis,2,4,4,651
https://openalex.org/A5025513758,Douglas O. Staiger,https://openalex.org/W2165144879,Instrumental Variables Regression with Weak Instruments,1997,article,7201,10664,30,0.6752625656414104,first,"General Economics, Econometrics and Finance",Monetary Policy and Economic Impact,2,3,3,255
https://openalex.org/A5071371826,Ronald S. Burt,https://openalex.org/W2321650456,Structural Holes: The Social Structure of Competition,1995,article,7942,10618,7,0.7479751365605576,last,Economics and Econometrics,Economic Theory and Institutions,2,4,4,2673
https://openalex.org/A5024881899,Stephen Färber,https://openalex.org/W2130509491,Changes in the global value of ecosystem services,2014,article,5965,10558,73,0.5649744269748058,middle,Economics and Econometrics,Economic and Environmental Valuation,8,71,30,4450
https://openalex.org/A5010699608,Nathaniel Beck,https://openalex.org/W2034301206,What To Do (and Not to Do) with Time-Series Cross-Section Data,1995,article,6585,10499,43,0.627202590722926,first,Economics and Econometrics,Fiscal Policies and Political Economy,2,19,16,782
https://openalex.org/A5072846443,João Santos Silva,https://openalex.org/W2100130392,The Log of Gravity,2006,article,5918,10338,49,0.5724511510930548,first,"General Economics, Econometrics and Finance",Global trade and economics,2,10,9,395
https://openalex.org/A5073172028,Armen A. Alchian,https://openalex.org/W2043593255,"Vertical Integration, Appropriable Rents, and the Competitive Contracting Process",1978,article,5884,10243,22,0.5744410817143415,last,Economics and Econometrics,Climate Change Policy and Economics,3,14,13,4325
https://openalex.org/A5013430806,Frank Windmeijer,https://openalex.org/W2988039629,A finite sample correction for the variance of linear efficient two-step GMM estimators,2004,article,5691,10214,76,0.5571764245153711,first,Economics and Econometrics,Spatial and Panel Data Analysis,1,24,21,1558
https://openalex.org/A5014488325,Raphael Amit,https://openalex.org/W2102469678,Strategic assets and organizational rent,1993,article,8278,10139,8,0.8164513265608048,first,Finance,Capital Investment and Risk Analysis,2,4,3,121
https://openalex.org/A5091397663,Richard J. Murnane,https://openalex.org/W2892380133,The Skill Content of Recent Technological Change: An Empirical Exploration,2003,article,5626,9703,29,0.5798206740183448,last,Economics and Econometrics,Economic Growth and Productivity,3,14,13,3845
https://openalex.org/A5079273943,Eduardo Borensztein,https://openalex.org/W3123888140,How does foreign direct investment affect economic growth?,1998,article,5871,9689,130,0.6059448859531428,first,Economics and Econometrics,Economic Growth and Productivity,3,46,32,801
https://openalex.org/A5082255432,Walter Willinger,https://openalex.org/W2105818147,On the self-similar nature of Ethernet traffic (extended version),1994,article,5249,9577,24,0.5480839511329226,middle,Economics and Econometrics,Complex Systems and Time Series Analysis,4,9,9,1937
https://openalex.org/A5061288273,Takashi Yamagata,https://openalex.org/W3123095200,Testing slope homogeneity in large panels,2007,article,5261,9542,55,0.5513519178369315,last,Economics and Econometrics,Spatial and Panel Data Analysis,2,10,10,168
https://openalex.org/A5112669993,George E. P. Box,https://openalex.org/W2093230975,On a measure of lack of fit in time series models,1978,article,5897,9518,7,0.6195629333893675,last,"General Economics, Econometrics and Finance",Monetary Policy and Economic Impact,2,4,4,2677
https://openalex.org/A5020576268,G. S. Maddala,https://openalex.org/W1969230115,A Comparative Study of Unit Root Tests with Panel Data and a New Simple Test,1999,article,6729,9225,47,0.729430894308943,first,"General Economics, Econometrics and Finance",Monetary Policy and Economic Impact,2,41,35,2290
https://openalex.org/A5103444001,John Moore,https://openalex.org/W4236584637,Credit Cycles,1997,article,4660,9050,37,0.5149171270718232,last,Economics and Econometrics,Economic theories and models,2,8,6,2169
https://openalex.org/A5087959777,Donald M. Berwick,https://openalex.org/W2164510796,"The Triple Aim: Care, Health, And Cost",2008,article,5069,8908,52,0.5690390660080826,first,Economics and Econometrics,Healthcare Policy and Management,3,29,26,3125
https://openalex.org/A5108725459,Benjamin Klein,https://openalex.org/W2043593255,"Vertical Integration, Appropriable Rents, and the Competitive Contracting Process",1978,article,5884,8897,36,0.6613465212993144,first,Economics and Econometrics,Climate Change Policy and Economics,3,13,10,727
https://openalex.org/A5066187518,Elizabeth A. McGlynn,https://openalex.org/W2136636673,The Quality of Health Care Delivered to Adults in the United States,2003,article,5103,8882,93,0.5745327628912407,first,Economics and Econometrics,Healthcare Policy and Management,7,39,29,1155
https://openalex.org/A5029654497,Nai‐Fu Chen,https://openalex.org/W2015800048,Economic Forces and the Stock Market,1986,article,5335,8881,33,0.6007206395676162,first,Economics and Econometrics,Market Dynamics and Volatility,3,7,5,547
https://openalex.org/A5046957272,Christophe Hurlin,https://openalex.org/W2023668736,Testing for Granger non-causality in heterogeneous panels,2012,article,5400,8876,128,0.6083821541234791,last,Economics and Econometrics,Spatial and Panel Data Analysis,2,75,58,1748
https://openalex.org/A5086038630,R.S. de Groot,https://openalex.org/W2130509491,Changes in the global value of ecosystem services,2014,article,5965,8718,25,0.6842165634319798,middle,Economics and Econometrics,Economic and Environmental Valuation,8,22,15,2689
https://openalex.org/A5066604469,Roger Gordon,https://openalex.org/W4247110188,Journal of Economic Literature,2009,article,4837,8587,84,0.5632933504134157,first,Economics and Econometrics,Economic theories and models,1,62,48,2943
https://openalex.org/A5013275181,Carl Benedikt Frey,https://openalex.org/W2526781987,The future of employment: How susceptible are jobs to computerisation?,2016,article,8003,8467,11,0.9451990079130743,first,Economics and Econometrics,Labor market dynamics and wage inequality,2,5,4,183
https://openalex.org/A5041131871,Russell Davidson,https://openalex.org/W2091020207,Estimation and Inference in Econometrics.,1994,article,5592,8431,57,0.66326651642747,middle,Economics and Econometrics,Game Theory and Voting Systems,3,26,19,2437
https://openalex.org/A5058569296,Ronald W. Hansen,https://openalex.org/W2121175754,The price of innovation: new estimates of drug development costs,2003,article,4277,8422,11,0.5078366183804321,middle,Economics and Econometrics,Pharmaceutical Economics and Policy,3,5,4,959
https://openalex.org/A5027444615,David Alan Aschauer,https://openalex.org/W2147081279,Is public expenditure productive?,1989,article,5351,8342,55,0.6414528889954447,first,Economics and Econometrics,Fiscal Policy and Economic Growth,1,22,16,596
https://openalex.org/A5111568766,Frank Levy,https://openalex.org/W2892380133,The Skill Content of Recent Technological Change: An Empirical Exploration,2003,article,5626,8132,33,0.6918347270044269,middle,Economics and Econometrics,Economic Growth and Productivity,3,24,19,2362
https://openalex.org/A5037154785,Rajnish Mehra,https://openalex.org/W2570834760,The equity premium: A puzzle,1985,article,5732,8126,70,0.7053901058331282,first,Economics and Econometrics,Economic theories and models,2,9,7,346
https://openalex.org/A5006898504,Israel M. Kirzner,https://openalex.org/W2014226439,Competition and Entrepreneurship,1974,article,5108,8061,55,0.6336682793698052,last,Economics and Econometrics,Economic Theory and Institutions,2,9,9,181
https://openalex.org/A5042997925,Robert Inklaar,https://openalex.org/W2161041152,The Next Generation of the Penn World Table,2015,article,4640,8001,114,0.5799275090613674,middle,Economics and Econometrics,Economic Growth and Productivity,3,87,73,2718
https://openalex.org/A5055082052,Philip K. Porter,https://openalex.org/W3125715642,Varieties of Capitalism: The Institutional Foundations of Comparative Advantage,2003,article,7598,7848,18,0.968144750254842,first,"General Economics, Econometrics and Finance",Economic Theory and Policy,3,8,7,219
https://openalex.org/A5113035928,Scott F. Richard,https://openalex.org/W2020272840,A Rational Theory of the Size of Government,1981,article,5454,7844,24,0.6953085160632331,last,Economics and Econometrics,Fiscal Policy and Economic Growth,2,3,3,238
https://openalex.org/A5039529252,Stefan Gößling,https://openalex.org/W3020637112,"Pandemics, tourism and global change: a rapid assessment of COVID-19",2020,article,4564,7795,33,0.5855035279025016,first,Economics and Econometrics,COVID-19 Pandemic Impacts,3,20,18,1782
https://openalex.org/A5008873925,Douglas Holtz‐Eakin,https://openalex.org/W2092532477,Estimating Vector Autoregressions with Panel Data,1988,article,4200,7782,87,0.5397070161912105,first,"General Economics, Econometrics and Finance",Monetary Policy and Economic Impact,3,7,6,152
https://openalex.org/A5049560807,Hiro Y. Toda,https://openalex.org/W2078213728,Statistical inference in vector autoregressions with possibly integrated processes,1995,article,5838,7737,15,0.7545560294687863,first,"General Economics, Econometrics and Finance",Monetary Policy and Economic Impact,2,7,7,1515
https://openalex.org/A5004047023,John Adams,https://openalex.org/W2136636673,The Quality of Health Care Delivered to Adults in the United States,2003,article,5103,7691,77,0.6635027954752308,middle,Economics and Econometrics,Healthcare Policy and Management,7,20,11,185
https://openalex.org/A5114167461,Graham Elliott,https://openalex.org/W2149292156,Efficient Tests for an Autoregressive Unit Root,1996,article,5568,7562,72,0.7363131446707221,first,Finance,Financial Risk and Volatility Modeling,3,36,8,430
https://openalex.org/A5073914493,Ted O’Donoghue,https://openalex.org/W2145107370,Time Discounting and Time Preference: A Critical Review,2002,review,4785,7341,24,0.6518185533306089,last,Economics and Econometrics,Economic and Environmental Valuation,3,7,6,643
https://openalex.org/A5103118666,Chihwa Kao,https://openalex.org/W2125331782,Spurious regression and residual-based tests for cointegration in panel data,1999,article,5526,7262,24,0.7609473974111814,first,"General Economics, Econometrics and Finance",Monetary Policy and Economic Impact,1,4,4,693
https://openalex.org/A5064109074,H. Michael Mann,https://openalex.org/W3124201178,Industrial Market Structure and Economic Performance.,1971,article,6393,7259,11,0.8806998209119713,first,Economics and Econometrics,Merger and Competition Analysis,2,4,4,267
https://openalex.org/A5021513462,Richard J. Gilbert,https://openalex.org/W2161159763,Appropriating the Returns from Industrial Research and Development,1987,article,3819,7223,81,0.528727675481102,middle,Economics and Econometrics,Economic Growth and Productivity,6,16,14,630
https://openalex.org/A5016441552,Andrew Abbott,https://openalex.org/W2124990143,The System of Professions: An Essay on the Division of Expert Labor.,1990,article,5664,7177,44,0.7891876828758534,last,Economics and Econometrics,Occupational and Professional Licensing Regulation,2,3,3,139
https://openalex.org/A5080909830,Frank de Charro,https://openalex.org/W2153836018,EQ-SD: a measure of health status from the EuroQol Group,2001,review,5554,7174,10,0.7741845553387232,last,Economics and Econometrics,"Health Systems, Economic Evaluations, Quality of Life",2,6,6,619
https://openalex.org/A5038597080,Joan Keesey,https://openalex.org/W2136636673,The Quality of Health Care Delivered to Adults in the United States,2003,article,5103,7170,23,0.7117154811715481,middle,Economics and Econometrics,Healthcare Policy and Management,7,14,11,1452
https://openalex.org/A5090698251,Eva Koscielny–Bunde,https://openalex.org/W2071602085,Multifractal detrended fluctuation analysis of nonstationary time series,2002,article,3555,6971,14,0.5099698751972457,middle,Economics and Econometrics,Complex Systems and Time Series Analysis,6,4,4,2169
https://openalex.org/A5009874837,Douglas W. Caves,https://openalex.org/W2081541758,"The Economic Theory of Index Numbers and the Measurement of Input, Output, and Productivity",1982,article,3723,6967,14,0.5343763456293957,first,Economics and Econometrics,Economic Growth and Productivity,3,3,3,611
https://openalex.org/A5111993188,Geoffrey R. Norman,https://openalex.org/W1977733462,Interpretation of Changes in Health-related Quality of Life,2003,review,4526,6831,10,0.6625677060459669,first,Economics and Econometrics,"Health Systems, Economic Evaluations, Quality of Life",3,3,3,1801
https://openalex.org/A5014524496,Eve A. Kerr,https://openalex.org/W2136636673,The Quality of Health Care Delivered to Adults in the United States,2003,article,5103,6790,33,0.7515463917525773,last,Economics and Econometrics,Healthcare Policy and Management,7,13,12,660
https://openalex.org/A5046935458,Robert B. Ekelund,https://openalex.org/W2014226439,Competition and Entrepreneurship,1974,article,5108,6787,101,0.7526152939443053,first,Economics and Econometrics,Economic Theory and Institutions,2,15,13,338
https://openalex.org/A5084328197,Alvin K. Klevorick,https://openalex.org/W2161159763,Appropriating the Returns from Industrial Research and Development,1987,article,3819,6731,35,0.5673748328628733,middle,Economics and Econometrics,Economic Growth and Productivity,6,24,22,947
https://openalex.org/A5002862118,Uwe E. Reinhardt,https://openalex.org/W2102858050,The world health report 2000 - Health systems: improving performance,2000,article,3516,6720,97,0.5232142857142857,first,Finance,Healthcare Systems and Reforms,2,59,50,1024
https://openalex.org/A5010397466,Marcus J. Chambers,https://openalex.org/W2091020207,Estimation and Inference in Econometrics.,1994,article,5592,6592,56,0.8483009708737864,first,Economics and Econometrics,Game Theory and Voting Systems,3,13,11,137
https://openalex.org/A5032147673,John F. Newman,https://openalex.org/W1681732057,Societal and Individual Determinants of Medical Care Utilization in the United States,2005,article,3650,6531,8,0.5588730669116522,last,Economics and Econometrics,Healthcare Policy and Management,2,7,5,2881
https://openalex.org/A5042747460,Peter J. Brockwell,https://openalex.org/W2140971281,Time Series: Theory and Methods,1992,article,5091,6430,42,0.7917573872472784,middle,Finance,Financial Risk and Volatility Modeling,3,6,6,110
https://openalex.org/A5082456527,Alberto Abadie,https://openalex.org/W2171656257,The Economic Costs of Conflict: A Case Study of the Basque Country,2003,article,4426,6369,15,0.6949285602135343,first,Economics and Econometrics,Economic Policies and Impacts,2,6,6,456
https://openalex.org/A5051839223,C. Michael Hall,https://openalex.org/W3020637112,"Pandemics, tourism and global change: a rapid assessment of COVID-19",2020,article,4564,6345,26,0.7193065405831364,last,Economics and Econometrics,COVID-19 Pandemic Impacts,3,13,9,926
https://openalex.org/A5064421397,Steven M. Asch,https://openalex.org/W2136636673,The Quality of Health Care Delivered to Adults in the United States,2003,article,5103,6329,58,0.8062885131932375,middle,Economics and Econometrics,Healthcare Policy and Management,7,12,9,172
https://openalex.org/A5103580236,Thomas Nolan,https://openalex.org/W2164510796,"The Triple Aim: Care, Health, And Cost",2008,article,5069,6276,10,0.8076800509878904,middle,Economics and Econometrics,Healthcare Policy and Management,3,7,5,1012
https://openalex.org/A5076830213,Marvin B. Lieberman,https://openalex.org/W1966144537,First-mover advantages,1988,article,3642,6275,44,0.580398406374502,first,Economics and Econometrics,Firm Innovation and Growth,2,6,5,1077
https://openalex.org/A5061626557,W. M. Corden,https://openalex.org/W1803375205,Booming Sector and De-Industrialisation in a Small Open Economy,1982,article,3168,6246,43,0.5072046109510087,first,Economics and Econometrics,Regional Economics and Spatial Analysis,2,15,14,829
https://openalex.org/A5110364403,Guojun Wu,https://openalex.org/W3121786372,Financial Constraints Risk,2006,article,3451,6245,30,0.5526020816653323,last,Finance,"Banking stability, regulation, efficiency",2,19,19,1151
https://openalex.org/A5040874215,P.J. Devereaux,https://openalex.org/W4399625654,The PRISMA statement for reporting systematic reviews and meta-analyses of studies that evaluate health care interventions: explanation and elaboration,2009,article,3433,6227,25,0.5513088164445158,middle,Economics and Econometrics,"Health Systems, Economic Evaluations, Quality of Life",10,11,10,1017
https://openalex.org/A5003782905,Lorenzo Garlappi,https://openalex.org/W2163969674,Optimal Versus Naive Diversification: How Inefficient is the 1/<i>N</i>Portfolio Strategy?,2007,article,3136,6177,56,0.5076898170632993,middle,Finance,Financial Markets and Investment Strategies,3,12,11,555
https://openalex.org/A5086759314,Peter Tufano,https://openalex.org/W2165723500,Costly Search and Mutual Fund Flows,1998,article,3362,6161,50,0.5456906346372342,last,Finance,Financial Markets and Investment Strategies,2,11,7,559
https://openalex.org/A5016706834,Leslie E. Papke,https://openalex.org/W3122896559,Econometric methods for fractional response variables with an application to 401(k) plan participation rates,1996,article,3977,6153,18,0.6463513733138306,first,Economics and Econometrics,Economic and Environmental Valuation,2,10,8,636
https://openalex.org/A5035683065,Axel Dreher,https://openalex.org/W1997222271,Does globalization affect growth? Evidence from a new index of globalization,2006,article,3136,6025,71,0.5204979253112033,first,"General Economics, Econometrics and Finance",Global trade and economics,1,15,12,281
https://openalex.org/A5029560749,Canice Prendergast,https://openalex.org/W2125313549,The Provision of Incentives in Firms,1999,article,3379,6022,27,0.5611092660245766,first,Economics and Econometrics,"Law, Economics, and Judicial Systems",1,7,6,775
https://openalex.org/A5023402692,Thomas J. Rothenberg,https://openalex.org/W2149292156,Efficient Tests for an Autoregressive Unit Root,1996,article,5568,5976,8,0.9317269076305221,middle,Finance,Financial Risk and Volatility Modeling,3,5,5,321
https://openalex.org/A5112806057,David H. Pyle,https://openalex.org/W2154127363,"INFORMATIONAL ASYMMETRIES, FINANCIAL STRUCTURE, AND FINANCIAL INTERMEDIATION",1977,article,4073,5971,37,0.6821302964327584,last,Economics and Econometrics,Fiscal Policy and Economic Growth,3,11,9,480
https://openalex.org/A5008359579,Daniel Scott,https://openalex.org/W3020637112,"Pandemics, tourism and global change: a rapid assessment of COVID-19",2020,article,4564,5902,13,0.7732971873941037,middle,Economics and Econometrics,COVID-19 Pandemic Impacts,3,9,9,1228
https://openalex.org/A5075957872,James Theiler,https://openalex.org/W2098746383,Testing for nonlinearity in time series: the method of surrogate data,1992,article,3731,5828,11,0.6401853122855182,first,Economics and Econometrics,Complex Systems and Time Series Analysis,5,3,3,1198
https://openalex.org/A5086213049,Harald Winkler,https://openalex.org/W2461419449,Paris Agreement climate proposals need a boost to keep warming well below 2 °C,2016,article,3304,5824,69,0.5673076923076923,middle,Economics and Econometrics,Climate Change Policy and Economics,10,45,44,1782
https://openalex.org/A5023444059,Moses Abramovitz,https://openalex.org/W2157774440,"Catching Up, Forging Ahead, and Falling Behind",1986,article,3480,5804,45,0.5995864920744314,first,Economics and Econometrics,Economic Growth and Productivity,1,36,16,1476
https://openalex.org/A5065584931,Jos Kleijnen,https://openalex.org/W4399625654,The PRISMA statement for reporting systematic reviews and meta-analyses of studies that evaluate health care interventions: explanation and elaboration,2009,article,3433,5767,23,0.5952835096237211,middle,Economics and Econometrics,"Health Systems, Economic Evaluations, Quality of Life",10,7,7,147
https://openalex.org/A5071734260,Soumyananda Dinda,https://openalex.org/W1987019268,Environmental Kuznets Curve Hypothesis: A Survey,2004,article,3803,5766,59,0.6595560180367672,first,Economics and Econometrics,"Energy, Environment, Economic Growth",1,4,3,701
https://openalex.org/A5005901319,J. Keith Ord,https://openalex.org/W1967137980,Local Spatial Autocorrelation Statistics: Distributional Issues and an Application,1995,article,3520,5746,25,0.6126000696136443,first,Economics and Econometrics,Spatial and Panel Data Analysis,2,14,14,1796
https://openalex.org/A5043246370,In Choi,https://openalex.org/W1976386631,Unit root tests for panel data,2001,article,4022,5561,57,0.7232512138104658,first,"General Economics, Econometrics and Finance",Monetary Policy and Economic Impact,1,17,14,700
https://openalex.org/A5001803562,Nigel W. Arnell,https://openalex.org/W2059087733,Successful adaptation to climate change across scales,2005,article,3051,5452,30,0.5596111518708731,middle,Economics and Econometrics,Climate Change Policy and Economics,3,6,4,287
https://openalex.org/A5018991465,Suzanne M. Skevington,https://openalex.org/W2109935313,The World Health Organization's WHOQOL-BREF quality of life assessment: Psychometric properties and results of the international field trial. A Report from the WHOQOL Group,2004,article,4543,5438,10,0.8354174328797352,first,Economics and Econometrics,"Health Systems, Economic Evaluations, Quality of Life",3,3,3,452
https://openalex.org/A5067099684,Javier Gardeazábal,https://openalex.org/W2171656257,The Economic Costs of Conflict: A Case Study of the Basque Country,2003,article,4426,5407,26,0.8185685222859257,last,Economics and Econometrics,Economic Policies and Impacts,2,12,10,581
https://openalex.org/A5042407637,Marshall Burke,https://openalex.org/W2163235518,Global non-linear effect of temperature on economic production,2015,article,2697,5356,35,0.5035474234503361,first,Economics and Econometrics,Climate Change Policy and Economics,3,4,3,235
https://openalex.org/A5056371388,Solomon Hsiang,https://openalex.org/W2163235518,Global non-linear effect of temperature on economic production,2015,article,2697,5337,37,0.5053400786958966,middle,Economics and Econometrics,Climate Change Policy and Economics,3,13,5,1620
https://openalex.org/A5113930247,Raf Wouters,https://openalex.org/W3124765495,An Estimated Dynamic Stochastic General Equilibrium Model of the Euro Area,2003,article,3550,5336,50,0.6652923538230885,last,"General Economics, Econometrics and Finance",Monetary Policy and Economic Impact,2,16,13,593
https://openalex.org/A5021137823,Brent R. Moulton,https://openalex.org/W2009729418,An Illustration of a Pitfall in Estimating the Effects of Aggregate Variables on Micro Units,1990,article,2662,5229,31,0.5090839548670874,first,Economics and Econometrics,Economics of Agriculture and Food Markets,1,7,6,1983
https://openalex.org/A5081522669,Chris Birchenhall,https://openalex.org/W3097169496,Numerical Recipes in C: The Art of Scientific Computing.,1994,article,4376,5210,19,0.8399232245681382,first,Economics and Econometrics,Economic theories and models,5,6,5,440
https://openalex.org/A5107396201,Gavin Wright,https://openalex.org/W266848492,An evolutionary theory of economic change,1982,article,3210,5115,43,0.6275659824046921,first,Economics and Econometrics,Economic theories and models,1,10,9,712
https://openalex.org/A5014165870,Samuel B. Thompson,https://openalex.org/W1789808336,Predicting Excess Stock Returns Out of Sample: Can Anything Beat the Historical Average?,2007,article,2928,5110,14,0.5729941291585127,last,Finance,Financial Markets and Investment Strategies,2,10,10,271
https://openalex.org/A5058523783,Steven A. Lippman,https://openalex.org/W1517602275,Uncertain Imitability: An Analysis of Interfirm Differences in Efficiency under Competition,1982,article,2854,5106,42,0.5589502546024285,first,Economics and Econometrics,Economic theories and models,2,11,11,642
https://openalex.org/A5070327607,Thomas R. Palfrey,https://openalex.org/W2264897026,Quantal Response Equilibria for Normal Form Games,1995,article,2582,5075,71,0.5087684729064039,last,Economics and Econometrics,Game Theory and Voting Systems,2,19,17,1197
https://openalex.org/A5091341094,Alexander Gerschenkron,https://openalex.org/W2080485486,Economic Backwardness in Historical Perspective.,1963,article,4247,4932,28,0.8611111111111112,last,Economics and Econometrics,Historical Economic and Social Studies,2,12,5,167
https://openalex.org/A5042922076,Eric Finkelstein,https://openalex.org/W2113318243,Annual Medical Spending Attributable To Obesity: Payer-And Service-Specific Estimates,2009,article,2955,4900,59,0.6030612244897959,first,Economics and Econometrics,Healthcare Policy and Management,4,16,12,535
https://openalex.org/A5085247937,Erik R. Sirri,https://openalex.org/W2165723500,Costly Search and Mutual Fund Flows,1998,article,3362,4898,21,0.6864026133115557,first,Finance,Financial Markets and Investment Strategies,2,4,4,588
https://openalex.org/A5088829001,Christian Broda,https://openalex.org/W3023877969,Globalization and the Gains From Variety,2006,article,2458,4894,35,0.5022476501838986,first,"General Economics, Econometrics and Finance",Global trade and economics,2,15,14,1183
https://openalex.org/A5108379594,Joel W. Cohen,https://openalex.org/W2113318243,Annual Medical Spending Attributable To Obesity: Payer-And Service-Specific Estimates,2009,article,2955,4875,33,0.6061538461538462,middle,Economics and Econometrics,Healthcare Policy and Management,4,18,18,1203
https://openalex.org/A5077506130,Edward Miguel,https://openalex.org/W2163235518,Global non-linear effect of temperature on economic production,2015,article,2697,4874,33,0.5533442757488716,last,Economics and Econometrics,Climate Change Policy and Economics,3,13,10,1695
https://openalex.org/A5110337865,Richard Jackman,https://openalex.org/W1965561045,Unemployment: macroeconomic performance and the labour market,1992,article,3365,4870,50,0.6909650924024641,last,Economics and Econometrics,Labor market dynamics and wage inequality,3,34,26,1280
https://openalex.org/A5003551674,Wilfred Beckerman,https://openalex.org/W2329780223,The Rise and Decline of Nations.,1983,article,2836,4746,44,0.5975558364938895,first,"General Economics, Econometrics and Finance",Economic Theory and Policy,2,24,19,1213
https://openalex.org/A5114033019,Joseph Dorfman,https://openalex.org/W2061798179,"History of Economic Analysis, <i>by Joseph A. Schumpeter, Elizabeth Boody Schumpeter</i>",1954,article,3850,4725,37,0.8148148148148148,first,Economics and Econometrics,Economic Theory and Institutions,1,18,13,376
https://openalex.org/A5083658637,Yona Rubinstein,https://openalex.org/W3122837923,Estimating Trade Flows: Trading Partners and Trading Volumes<sup>*</sup>,2008,article,2377,4710,28,0.5046709129511677,last,"General Economics, Econometrics and Finance",Global trade and economics,3,16,13,1804
https://openalex.org/A5065739845,Duncan Black,https://openalex.org/W1985194351,The Theory of Committees and Elections.,1959,article,2878,4706,16,0.6115597110072248,last,Economics and Econometrics,Game Theory and Voting Systems,2,8,6,109
https://openalex.org/A5073792852,Justin G. Trogdon,https://openalex.org/W2113318243,Annual Medical Spending Attributable To Obesity: Payer-And Service-Specific Estimates,2009,article,2955,4705,71,0.6280552603613178,middle,Economics and Econometrics,Healthcare Policy and Management,4,16,15,822
https://openalex.org/A5064132150,Murray Z. Frank,https://openalex.org/W3126053622,Is All That Talk Just Noise? The Information Content of Internet Stock Message Boards,2004,article,2357,4617,39,0.5105046567034871,last,Finance,Financial Markets and Investment Strategies,2,18,16,1471
https://openalex.org/A5055975319,Jonathan M. Karpoff,https://openalex.org/W2153146814,The Relation Between Price Changes and Trading Volume: A Survey,1987,article,2448,4614,49,0.5305591677503251,first,Finance,Financial Markets and Investment Strategies,1,4,4,666
https://openalex.org/A5029298095,Joe S. Bain,https://openalex.org/W1998691772,Barriers to New Competition,1957,article,2769,4561,23,0.607103705327779,last,Economics and Econometrics,Merger and Competition Analysis,2,12,10,1544
https://openalex.org/A5077161966,Ann Markusen,https://openalex.org/W1988393249,Sticky Places in Slippery Space: A Typology of Industrial Districts,1996,article,2427,4559,53,0.5323535863127878,first,Economics and Econometrics,Regional Economics and Spatial Analysis,1,23,21,890
https://openalex.org/A5040811062,Robert D. Willig,https://openalex.org/W3047095876,Contestable Markets and the Theory of Industry Structure,1982,article,2381,4512,46,0.5277039007092199,last,Economics and Econometrics,Italy: Economic History and Contemporary Issues,4,15,15,1035
https://openalex.org/A5062221528,Mary Norris,https://openalex.org/W1492662576,"Productivity Growth, Technical Progress, and Efficiency Change in Industrialized Countries",2016,article,4335,4471,4,0.9695817490494296,middle,Economics and Econometrics,Economic Growth and Productivity,4,3,3,136
https://openalex.org/A5036635872,Bailey Klinger,https://openalex.org/W2064927380,The Product Space Conditions the Development of Nations,2007,article,2765,4436,22,0.6233092876465284,middle,Economics and Econometrics,Economic and Technological Innovation,4,3,3,566
https://openalex.org/A5110739145,J. A. Scheinkman,https://openalex.org/W1507259579,A test for independence based on the correlation dimension,1996,article,3398,4417,10,0.7693004301562146,middle,Finance,Financial Risk and Volatility Modeling,4,7,7,824
https://openalex.org/A5066970134,Philip Musgrove,https://openalex.org/W2121570040,World development report 1993 : investing in health,1993,article,2419,4417,57,0.5476567806203305,middle,Economics and Econometrics,HIV/AIDS Impact and Responses,9,14,7,136
https://openalex.org/A5109276346,C. S. Holling,https://openalex.org/W2105827100,"Understanding the Complexity of Economic, Ecological, and Social Systems",2001,article,3952,4385,6,0.901254275940707,first,Economics and Econometrics,Economic and Technological Innovation,1,4,3,417
https://openalex.org/A5009122674,Timothy G. Conley,https://openalex.org/W1970448118,GMM estimation with cross sectional dependence,1999,article,2571,4345,25,0.5917146144994246,first,Economics and Econometrics,Spatial and Panel Data Analysis,1,4,4,410
https://openalex.org/A5113499690,Alessandro Liberati,https://openalex.org/W4399625654,The PRISMA statement for reporting systematic reviews and meta-analyses of studies that evaluate health care interventions: explanation and elaboration,2009,article,3433,4341,13,0.7908316056208247,first,Economics and Econometrics,"Health Systems, Economic Evaluations, Quality of Life",10,10,8,630
https://openalex.org/A5024944980,Judith A. Chevalier,https://openalex.org/W2033772453,Risk Taking by Mutual Funds as a Response to Incentives,1997,article,2419,4317,16,0.5603428306694463,first,Finance,Financial Markets and Investment Strategies,2,4,4,430
https://openalex.org/A5103497854,Théodore C. Bergstrom,https://openalex.org/W1484133690,On the private provision of public goods,1986,article,2300,4269,44,0.5387678613258374,first,Economics and Econometrics,Economic theories and models,3,28,19,1291
https://openalex.org/A5072362182,Angus Maddison,https://openalex.org/W1558177242,"Monitoring the world economy, 1820-1992",1996,article,2464,4252,79,0.5794920037629351,first,"General Economics, Econometrics and Finance",Economic Theory and Policy,1,34,22,773
https://openalex.org/A5036098987,Sam Bucovetsky,https://openalex.org/W1608361905,Political Economics: Explaining Economic Policy,2002,article,3922,4249,25,0.9230407154624618,first,Economics and Econometrics,Fiscal Policies and Political Economy,3,17,12,270
https://openalex.org/A5021961188,H. Myint,https://openalex.org/W1975833254,Collective Choice and Social Welfare,1972,article,2589,4249,28,0.6093198399623441,first,Economics and Econometrics,Economic Theory and Institutions,2,14,13,1056
https://openalex.org/A5113660304,Keith Smith,https://openalex.org/W2085317472,Modern Portfolio Theory and Investment Analysis.,1982,article,3091,4246,47,0.727979274611399,first,Finance,Financial Markets and Investment Strategies,3,22,15,374
https://openalex.org/A5003862560,Stefano Pagiola,https://openalex.org/W2153509701,Designing payments for environmental services in theory and practice: An overview of the issues,2008,article,2384,4215,20,0.5655990510083037,middle,Economics and Econometrics,Economic and Environmental Valuation,3,9,6,294
https://openalex.org/A5014724619,Taryn Fransen,https://openalex.org/W2461419449,Paris Agreement climate proposals need a boost to keep warming well below 2 °C,2016,article,3304,4213,53,0.7842392594350819,middle,Economics and Econometrics,Climate Change Policy and Economics,10,25,12,222
https://openalex.org/A5077890811,Aman Ullah,https://openalex.org/W2100159459,A bias-adjusted LM test of error cross-section independence,2008,article,2383,4188,54,0.5690066857688634,middle,"General Economics, Econometrics and Finance",Monetary Policy and Economic Impact,3,21,18,1374
https://openalex.org/A5075218188,Letícia Nogueira,https://openalex.org/W4283313052,"Cancer treatment and survivorship statistics, 2022",2022,article,3650,4183,29,0.8725794884054506,middle,Economics and Econometrics,Economic and Financial Impacts of Cancer,8,10,10,234
https://openalex.org/A5102711054,David Heath,https://openalex.org/W2170444200,Bond Pricing and the Term Structure of Interest Rates: A New Methodology for Contingent Claims Valuation,1992,article,3190,4129,33,0.7725841608137564,first,Finance,Stochastic processes and financial applications,3,3,3,430
https://openalex.org/A5030769449,Stylianos Perrakis,https://openalex.org/W3047095876,Contestable Markets and the Theory of Industry Structure,1982,article,2381,4115,120,0.5786148238153098,first,Economics and Econometrics,Italy: Economic History and Contemporary Issues,4,16,11,138
https://openalex.org/A5019442831,Jeffrey M. Hausdorff,https://openalex.org/W2102568183,Fractal dynamics in physiology: Alterations with disease and aging,2002,article,2145,4110,8,0.5218978102189781,middle,Economics and Econometrics,Complex Systems and Time Series Analysis,6,4,3,1363
https://openalex.org/A5039158955,Peter Rafaj,https://openalex.org/W1997065014,RCP 8.5—A scenario of comparatively high greenhouse gas emissions,2011,article,2863,4103,27,0.6977821106507434,last,Economics and Econometrics,Climate Change Policy and Economics,9,11,9,257
https://openalex.org/A5110276645,Thomas Schwartz,https://openalex.org/W2333983184,Congressional Oversight Overlooked: Police Patrols versus Fire Alarms,1984,article,2931,4097,23,0.7154015133024164,last,Economics and Econometrics,Legal and Constitutional Studies,2,8,8,721
https://openalex.org/A5084655010,Karl Ove Moene,https://openalex.org/W1484474409,Institutions and the Resource Curse,2006,article,2722,4033,45,0.6749318125464915,middle,"General Economics, Econometrics and Finance",Natural Resources and Economic Development,3,27,21,295
https://openalex.org/A5039043208,David M. Lilien,https://openalex.org/W2044117118,Estimating Time Varying Risk Premia in the Term Structure: The Arch-M Model,1987,article,2502,4018,9,0.6226978596316576,middle,Finance,Stochastic processes and financial applications,3,5,5,1453
https://openalex.org/A5039572251,Martin J. Beckmann,https://openalex.org/W25288802,Lectu re Notes in Economics and Mathematical Systems,1975,article,2409,4016,72,0.5998505976095617,first,Economics and Econometrics,Economic theories and models,2,42,35,1286
https://openalex.org/A5000648147,Chris Robinson,https://openalex.org/W3123464746,Handbook of Labor Economics,1989,article,3170,4004,28,0.7917082917082917,middle,Economics and Econometrics,Labor market dynamics and wage inequality,4,5,4,198
https://openalex.org/A5050344360,Paul Goldsmith-Pinkham,https://openalex.org/W2792018968,"Bartik Instruments: What, When, Why, and How",2020,article,2001,4000,36,0.50025,first,"General Economics, Econometrics and Finance",Global trade and economics,3,17,15,982
https://openalex.org/A5016298915,Mark Gersovitz,https://openalex.org/W2056964551,Debt with Potential Repudiation: Theoretical and Empirical Analysis,1981,article,2593,3997,41,0.6487365524143107,last,Economics and Econometrics,Housing Market and Economics,2,10,6,230
https://openalex.org/A5081166150,Huaming Song,https://openalex.org/W4226404192,"A review of the global climate change impacts, adaptation, and sustainable mitigation measures",2022,review,2034,3976,36,0.511569416498994,middle,Economics and Econometrics,Climate Change Policy and Economics,6,9,8,436
https://openalex.org/A5017170223,Flávio Cunha,https://openalex.org/W3125864288,The Technology of Skill Formation,2007,article,2977,3928,20,0.7578920570264766,first,Economics and Econometrics,Labor market dynamics and wage inequality,2,6,5,869
https://openalex.org/A5038976962,Albert-Ĺaszló Barabási,https://openalex.org/W2064927380,The Product Space Conditions the Development of Nations,2007,article,2765,3921,15,0.7051772507013517,middle,Economics and Econometrics,Economic and Technological Innovation,4,6,5,378
https://openalex.org/A5064301538,Dov Monderer,https://openalex.org/W3022321359,Potential Games,1996,article,3433,3908,35,0.8784544524053224,first,Economics and Econometrics,Economic theories and models,2,16,13,195
https://openalex.org/A5059117605,W. Davis Dechert,https://openalex.org/W1507259579,A test for independence based on the correlation dimension,1996,article,3398,3901,19,0.8710587028966932,middle,Finance,Financial Risk and Volatility Modeling,4,9,7,417
https://openalex.org/A5014783777,Richard T. Froyen,https://openalex.org/W3121863184,Foundations of International Macroeconomics,1997,article,3090,3872,74,0.7980371900826446,first,Finance,Global Financial Crisis and Policies,3,42,38,598
https://openalex.org/A5029440564,Raúl Prebisch,https://openalex.org/W1490995146,The economic development of Latin America and its principal problems,1950,article,3349,3848,60,0.8703222453222453,first,"General Economics, Econometrics and Finance",Economic Theory and Policy,1,6,5,115
https://openalex.org/A5071744823,Mark C. Strazicich,https://openalex.org/W2099342535,Minimum Lagrange Multiplier Unit Root Test with Two Structural Breaks,2003,article,2332,3826,47,0.6095138525875589,last,"General Economics, Econometrics and Finance",Monetary Policy and Economic Impact,2,10,8,508
https://openalex.org/A5111755714,J. R. M. Hosking,https://openalex.org/W4242671632,Fractional differencing,1981,article,2462,3768,12,0.6533970276008493,first,Economics and Econometrics,Complex Systems and Time Series Analysis,1,5,5,589
https://openalex.org/A5110894327,Roberto S. Mariano,https://openalex.org/W2040503026,Comparing Predictive Accuracy,1995,article,2421,3766,69,0.6428571428571429,last,"General Economics, Econometrics and Finance",Monetary Policy and Economic Impact,2,8,6,116
https://openalex.org/A5088185371,Robert H. Strotz,https://openalex.org/W4251562186,Myopia and Inconsistency in Dynamic Utility Maximization,1955,article,2864,3760,14,0.7617021276595745,first,Economics and Econometrics,Economic theories and models,1,4,3,131
https://openalex.org/A5068789733,Mike Clarke,https://openalex.org/W4399625654,The PRISMA statement for reporting systematic reviews and meta-analyses of studies that evaluate health care interventions: explanation and elaboration,2009,article,3433,3757,26,0.9137609795049242,middle,Economics and Econometrics,"Health Systems, Economic Evaluations, Quality of Life",10,12,9,192
https://openalex.org/A5091314901,Ulrich Kohli,https://openalex.org/W1972661585,Inside the Black Box: Technology and Economics,1984,article,1954,3754,90,0.5205114544485882,first,Economics and Econometrics,Economic Growth and Productivity,2,20,16,746
https://openalex.org/A5009402102,Ann L. Owen,https://openalex.org/W2007867145,Estimating dynamic panel data models: a guide for macroeconomists,1999,article,2120,3689,37,0.5746814854974248,last,Economics and Econometrics,Spatial and Panel Data Analysis,2,12,10,644
https://openalex.org/A5052125804,Robert E. Evenson,https://openalex.org/W2074382743,"Assessing the Impact of the Green Revolution, 1960 to 2000",2003,article,2132,3683,53,0.5788759163725224,first,Economics and Econometrics,Economic Growth and Productivity,2,39,32,1276
https://openalex.org/A5003436775,Maria Vassalou,https://openalex.org/W3125346872,Default Risk in Equity Returns,2004,article,1946,3675,30,0.5295238095238095,first,Finance,Credit Risk and Financial Regulations,2,22,18,1463
https://openalex.org/A5024459130,M Deverill,https://openalex.org/W2092052931,The estimation of a preference-based measure of health from the SF-36,2002,article,3023,3659,11,0.8261820169445203,last,Economics and Econometrics,"Health Systems, Economic Evaluations, Quality of Life",3,7,6,635
https://openalex.org/A5032996798,Eric J. Johnson,https://openalex.org/W3121878117,Medicine. Do defaults save lives?,2003,article,1975,3645,37,0.541838134430727,first,Economics and Econometrics,Economic and Environmental Valuation,2,8,7,538
https://openalex.org/A5112298276,Oded Stark,https://openalex.org/W1572874895,The new economics of labor migration,1985,article,2078,3615,87,0.5748271092669432,first,Economics and Econometrics,Regional Economics and Spatial Analysis,2,5,4,129
https://openalex.org/A5032557220,Jens Hilscher,https://openalex.org/W3122639747,In Search of Distress Risk,2009,article,2221,3605,41,0.6160887656033287,middle,Finance,Financial Markets and Investment Strategies,3,5,4,509
https://openalex.org/A5064314003,Neil J. Smelser,https://openalex.org/W2001786781,The Handbook of Economic Sociology,1994,article,2113,3600,37,0.5869444444444445,middle,Economics and Econometrics,Economic Theory and Institutions,3,24,15,1312
https://openalex.org/A5040454381,Amy P. Hutton,https://openalex.org/W1966586504,"Opaque financial reports, R2, and crash risk☆",2009,article,2633,3597,11,0.7319988879621907,first,Finance,Financial Markets and Investment Strategies,3,7,6,917
https://openalex.org/A5031204654,Cynthia D. Mulrow,https://openalex.org/W4399625654,The PRISMA statement for reporting systematic reviews and meta-analyses of studies that evaluate health care interventions: explanation and elaboration,2009,article,3433,3591,6,0.9560011138958507,middle,Economics and Econometrics,"Health Systems, Economic Evaluations, Quality of Life",10,5,4,158
https://openalex.org/A5036984578,Stephen P. Zeldes,https://openalex.org/W2030691535,Consumption and Liquidity Constraints: An Empirical Investigation,1989,article,1950,3587,16,0.5436297741845554,first,Economics and Econometrics,Economic theories and models,1,6,4,221
https://openalex.org/A5103542073,Robert Paul Thomas,https://openalex.org/W1982108682,The Rise of the Western World: A New Economic History.,1977,article,2107,3582,11,0.5882188721384701,last,"General Economics, Econometrics and Finance",Economic Theory and Policy,4,5,5,1208
https://openalex.org/A5000825093,Thomas D. Crocker,https://openalex.org/W3121523752,The Theory of Environmental Policy,1976,article,2298,3572,47,0.6433370660694289,first,Economics and Econometrics,Climate Change Policy and Economics,4,4,4,258
https://openalex.org/A5025494212,Kjersti Aas,https://openalex.org/W1992105816,Pair-copula constructions of multiple dependence,2007,article,2009,3564,22,0.563692480359147,first,Finance,Financial Risk and Volatility Modeling,4,6,6,468
https://openalex.org/A5055378566,Jun Ishii,https://openalex.org/W2156203513,The nature and growth of vertical specialization in world trade,2001,article,3172,3557,12,0.8917627213944335,middle,"General Economics, Econometrics and Finance",Global trade and economics,3,5,3,180
https://openalex.org/A5032748645,Joseph L. Pater,https://openalex.org/W2089469640,Quality of life and pharmacoeconomics in clinical trials,1996,article,2412,3530,30,0.68328611898017,first,Economics and Econometrics,"Health Systems, Economic Evaluations, Quality of Life",1,10,6,497
https://openalex.org/A5110912096,B. B. Mandelbrot,https://openalex.org/W2000902737,"<i>Fractals: Form, Chance, and Dimension</i>",1979,article,2161,3492,17,0.6188430698739977,first,Economics and Econometrics,Complex Systems and Time Series Analysis,2,3,3,349
https://openalex.org/A5051585714,Helena C. Kraemer,https://openalex.org/W2168434488,The role and interpretation of pilot studies in clinical research,2010,article,1854,3490,17,0.5312320916905444,last,Economics and Econometrics,"Health Systems, Economic Evaluations, Quality of Life",3,11,11,1324
https://openalex.org/A5029732327,Bengt‐Åke Lundvall,https://openalex.org/W2088129794,The Learning Economy,1994,article,2024,3464,53,0.5842956120092379,first,Economics and Econometrics,Economic Growth and Productivity,2,5,3,125
https://openalex.org/A5108365612,Gershon Feder,https://openalex.org/W2128521675,On exports and economic growth,1983,article,1804,3462,24,0.5210860774119006,first,Economics and Econometrics,Economic Growth and Productivity,1,20,18,1323
https://openalex.org/A5065493456,Christina Patterson,https://openalex.org/W2611356021,The Fall of the Labor Share and the Rise of Superstar Firms*,2020,article,2002,3450,29,0.5802898550724638,middle,Economics and Econometrics,Economic Growth and Productivity,5,12,11,1198
https://openalex.org/A5023928854,Theodore W. Schultz,https://openalex.org/W2321157259,Investment in Human Capital.,1972,article,2362,3429,43,0.6888305628463108,last,Economics and Econometrics,Fiscal Policy and Economic Growth,2,23,13,566
https://openalex.org/A5053623968,Charles Perrow,https://openalex.org/W2018037152,Complex Organizations: A Critical Essay,1990,article,2198,3409,12,0.6447638603696099,last,Economics and Econometrics,Economic Theory and Institutions,2,4,3,407
https://openalex.org/A5108569646,Arthur J. Hartz,https://openalex.org/W2616141209,"A Comparison of Observational Studies and Randomized, Controlled Trials",2000,article,2340,3391,16,0.690061928634621,last,Economics and Econometrics,"Health Systems, Economic Evaluations, Quality of Life",2,14,12,1038
https://openalex.org/A5028641366,Paul J. Zak,https://openalex.org/W3125274274,Trust and Growth,2001,article,2690,3370,27,0.798219584569733,first,Economics and Econometrics,Economic Policies and Impacts,2,9,8,221
https://openalex.org/A5105003187,Thomas Philippon,https://openalex.org/W4230327943,Measuring Systemic Risk,2016,article,1739,3346,48,0.5197250448296473,middle,Finance,"Banking stability, regulation, efficiency",4,13,10,598
https://openalex.org/A5048153491,Jonah B. Gelbach,https://openalex.org/W2134291350,Robust Inference With Multiway Clustering,2011,article,3007,3345,34,0.8989536621823617,middle,Economics and Econometrics,Spatial and Panel Data Analysis,3,8,6,209
https://openalex.org/A5086562154,J. André Knottnerus,https://openalex.org/W2136403658,GRADE guidelines: A new series of articles in the Journal of Clinical Epidemiology,2010,article,3056,3309,22,0.9235418555454821,last,Economics and Econometrics,"Health Systems, Economic Evaluations, Quality of Life",5,10,7,191
https://openalex.org/A5071180534,Daniel Friedman,https://openalex.org/W2109150831,Evolutionary Games in Economics,1991,article,1864,3303,82,0.5643354526188313,first,Economics and Econometrics,Economic theories and models,1,17,12,432
https://openalex.org/A5112765479,John Lintner,https://openalex.org/W1992563875,"SECURITY PRICES, RISK, AND MAXIMAL GAINS FROM DIVERSIFICATION*",1965,article,2133,3298,32,0.646755609460279,first,Finance,Financial Markets and Investment Strategies,1,18,11,327
https://openalex.org/A5041189474,John C. Panzar,https://openalex.org/W3047095876,Contestable Markets and the Theory of Industry Structure,1982,article,2381,3283,23,0.7252512945476698,middle,Economics and Econometrics,Italy: Economic History and Contemporary Issues,4,7,7,533
https://openalex.org/A5109283911,Lawrence S. Mayer,https://openalex.org/W2287851705,Epidemiologic Research: Principles and Quantitative Methods.,1984,article,2942,3276,17,0.8980463980463981,first,Economics and Econometrics,HIV/AIDS Impact and Responses,4,9,8,281
https://openalex.org/A5005341779,Daniel A. Ackerberg,https://openalex.org/W2265790795,Identification Properties of Recent Production Function Estimators,2015,article,2101,3259,23,0.6446762810678122,first,"General Economics, Econometrics and Finance",Global trade and economics,3,17,15,1117
https://openalex.org/A5000034313,Susmita Dasgupta,https://openalex.org/W1975641572,Confronting the Environmental Kuznets Curve,2002,article,1720,3257,27,0.5280933374270801,first,Economics and Econometrics,"Energy, Environment, Economic Growth",4,14,14,1344
https://openalex.org/A5086420750,Kashif Abbass,https://openalex.org/W4226404192,"A review of the global climate change impacts, adaptation, and sustainable mitigation measures",2022,review,2034,3255,22,0.6248847926267281,first,Economics and Econometrics,Climate Change Policy and Economics,6,3,3,224
https://openalex.org/A5065813966,Javier Vallés,https://openalex.org/W2149530077,Understanding the Effects of Government Spending on Consumption,2007,article,1910,3234,63,0.590599876314162,last,"General Economics, Econometrics and Finance",Monetary Policy and Economic Impact,3,42,30,1045
https://openalex.org/A5091142748,J. Robert Beck,https://openalex.org/W2164654252,Markov Models in Medical Decision Making,1993,article,2396,3230,18,0.7417956656346749,last,Economics and Econometrics,"Health Systems, Economic Evaluations, Quality of Life",2,5,5,526
https://openalex.org/A5102332399,Nathan H. Miller,https://openalex.org/W3124226976,Does function follow organizational form? Evidence from the lending practices of large and small banks,2005,article,1897,3219,24,0.5893134513824169,middle,Finance,"Banking stability, regulation, efficiency",5,3,3,156
https://openalex.org/A5006713595,John Rust,https://openalex.org/W2059183841,Optimal Replacement of GMC Bus Engines: An Empirical Model of Harold Zurcher,1987,article,1775,3202,43,0.5543410368519676,first,Economics and Econometrics,Economic and Environmental Valuation,1,5,4,316
https://openalex.org/A5084841149,Nick Bloom,https://openalex.org/W3023597126,Uncertainty and investment dynamics,2007,article,1975,3199,20,0.6173804313848078,middle,Finance,Capital Investment and Risk Analysis,2,4,4,743
https://openalex.org/A5064199817,Joseph V. Terza,https://openalex.org/W1995410581,Two-stage residual inclusion estimation: Addressing endogeneity in health econometric modeling,2007,article,1656,3181,38,0.52059100911663,first,Economics and Econometrics,"Health Systems, Economic Evaluations, Quality of Life",3,19,16,1089
https://openalex.org/A5025675403,Shekhar Saxena,https://openalex.org/W2149025975,Developing the World Health Organization Disability Assessment Schedule 2.0,2010,article,1781,3176,14,0.5607682619647355,middle,Economics and Econometrics,"Health Systems, Economic Evaluations, Quality of Life",9,7,6,1153
https://openalex.org/A5071061882,Werner Antweiler,https://openalex.org/W3126053622,Is All That Talk Just Noise? The Information Content of Internet Stock Message Boards,2004,article,2357,3173,19,0.7428301292152537,first,Finance,Financial Markets and Investment Strategies,2,8,8,535
https://openalex.org/A5012062925,Peter Aggleton,https://openalex.org/W1997753689,HIV and AIDS-related stigma and discrimination: a conceptual framework and implications for action,2003,article,2714,3168,36,0.8566919191919192,last,Economics and Econometrics,HIV/AIDS Impact and Responses,2,27,19,437
https://openalex.org/A5034196586,James Simmie,https://openalex.org/W2118805239,The economic resilience of regions: towards an evolutionary approach,2010,article,1584,3151,25,0.5026975563313234,first,Economics and Econometrics,Regional resilience and development,2,20,19,1441
https://openalex.org/A5077155935,Anna Bergek,https://openalex.org/W2082597100,Analyzing the functional dynamics of technological innovation systems: A scheme of analysis,2008,article,2149,3145,27,0.6833068362480127,first,Economics and Econometrics,Innovation Policy and R&D,5,7,3,130
https://openalex.org/A5032724070,Jan F. Kiviet,https://openalex.org/W2053625815,"On bias, inconsistency, and efficiency of various estimators in dynamic panel data models",1995,article,1932,3128,40,0.6176470588235294,first,Economics and Econometrics,Spatial and Panel Data Analysis,1,7,6,169
https://openalex.org/A5030858710,R. Duncan Luce,https://openalex.org/W2319178748,Individual Choice Behavior,1962,article,2542,3120,25,0.8147435897435897,last,Economics and Econometrics,Economic and Environmental Valuation,2,7,3,274
https://openalex.org/A5022998262,Patrice Dumas,https://openalex.org/W2190546151,Managing nitrogen for sustainable development,2015,article,2764,3110,36,0.8887459807073955,middle,Economics and Econometrics,Climate Change Policy and Economics,6,28,15,272
https://openalex.org/A5055526165,Karen L. Spritzer,https://openalex.org/W2107748660,Development of physical and mental health summary scores from the patient-reported outcomes measurement information system (PROMIS) global items,2009,article,1938,3107,14,0.6237528162214354,middle,Economics and Econometrics,"Health Systems, Economic Evaluations, Quality of Life",5,8,8,293
https://openalex.org/A5020244313,Youngsuk Yook,https://openalex.org/W3125217951,Political Uncertainty and Corporate Investment Cycles,2012,article,2037,3094,19,0.6583710407239819,last,Economics and Econometrics,Market Dynamics and Volatility,2,4,4,496
https://openalex.org/A5075825938,Thomas Hellmann,https://openalex.org/W3124982262,"Liberalization, Moral Hazard in Banking, and Prudential Regulation: Are Capital Requirements Enough?",2000,article,2105,3082,18,0.6829980532121999,first,Finance,"Banking stability, regulation, efficiency",3,5,4,666
https://openalex.org/A5060217385,Marcia A. Testa,https://openalex.org/W2335592397,Assessment of Quality-of-Life Outcomes,1996,article,2515,3036,12,0.8283926218708827,first,Economics and Econometrics,"Health Systems, Economic Evaluations, Quality of Life",2,4,4,270
https://openalex.org/A5036304714,Panayiotis P. Athanasoglou,https://openalex.org/W1990176981,"Bank-specific, industry-specific and macroeconomic determinants of bank profitability",2006,article,2182,3025,20,0.7213223140495868,first,Finance,"Banking stability, regulation, efficiency",3,4,4,294
https://openalex.org/A5029612428,Jonathan I. Dingel,https://openalex.org/W3015183602,How many jobs can be done at home?,2020,article,1946,3003,17,0.6480186480186481,first,Economics and Econometrics,COVID-19 Pandemic Impacts,2,9,9,507
https://openalex.org/A5044388789,Peter I. Buerhaus,https://openalex.org/W2072410090,Nurse-Staffing Levels and the Quality of Care in Hospitals,2002,article,2252,3002,32,0.7501665556295802,middle,Economics and Econometrics,Healthcare Policy and Management,5,9,8,128
https://openalex.org/A5083313910,Peter Schmidt,https://openalex.org/W3122580054,Testing the Null Hypothesis of Stationarity Against the Alternative of a Unit Root: How Sure Are We That Economic Time Series Have a Unit Root?,1991,preprint,1615,2989,36,0.5403144864503179,last,"General Economics, Econometrics and Finance",Monetary Policy and Economic Impact,3,11,11,968
https://openalex.org/A5080191351,Jens Hainmueller,https://openalex.org/W2745098867,Causal Inference in Conjoint Analysis: Understanding Multidimensional Choices via Stated Preference Experiments,2013,article,1829,2986,35,0.6125251172136638,first,Economics and Econometrics,Economic and Environmental Valuation,3,7,7,184
https://openalex.org/A5051156887,Robert Drazin,https://openalex.org/W2945749591,The processes of technological innovation,1991,article,2121,2976,5,0.7127016129032258,first,"General Economics, Econometrics and Finance",Economic Development and Digital Transformation,1,4,4,855
https://openalex.org/A5078214446,Jeffrey L. Furman,https://openalex.org/W3125883168,The determinants of national innovative capacity,2002,article,2284,2975,15,0.7677310924369748,first,Economics and Econometrics,Economic Growth and Productivity,3,3,3,156
https://openalex.org/A5037397834,Sam Ouliaris,https://openalex.org/W2110002822,Asymptotic Properties of Residual Based Tests for Cointegration,1990,article,1987,2963,33,0.6706041174485319,last,"General Economics, Econometrics and Finance",Monetary Policy and Economic Impact,2,7,6,643
https://openalex.org/A5081899507,Giorgos Kallis,https://openalex.org/W2937421004,Is Green Growth Possible?,2019,article,1774,2961,24,0.5991219182708545,last,Economics and Econometrics,Climate Change Policy and Economics,2,12,8,784
https://openalex.org/A5111944180,R. David McLean,https://openalex.org/W2182051792,Does Academic Research Destroy Stock Return Predictability?,2015,article,1493,2954,30,0.505416384563304,first,Finance,Financial Markets and Investment Strategies,2,19,17,878
https://openalex.org/A5112524201,Wesley C. Mitchell,https://openalex.org/W3121343633,Measuring Business Cycles,1947,article,1524,2951,97,0.5164351067434768,last,Economics and Econometrics,German Economic Analysis & Policies,3,86,51,1213
https://openalex.org/A5104047850,James S. Coleman,https://openalex.org/W2136843866,"Social Theory, Social Research, and a Theory of Action",1986,article,1557,2943,17,0.5290519877675841,first,Economics and Econometrics,Economic Theory and Institutions,1,9,9,691
https://openalex.org/A5069395724,Attila Lindner,https://openalex.org/W2942870997,The Effect of Minimum Wages on Low-Wage Jobs*,2019,article,2220,2941,19,0.754845290717443,middle,Economics and Econometrics,Labor market dynamics and wage inequality,4,5,5,220
https://openalex.org/A5040106096,Rémy Prud’homme,https://openalex.org/W2124222250,THE DANGERS OF DECENTRALIZATION,1995,article,1867,2940,27,0.6350340136054422,first,Economics and Econometrics,Taxation and Compliance Studies,1,17,10,805
https://openalex.org/A5087748035,Jack Needleman,https://openalex.org/W2072410090,Nurse-Staffing Levels and the Quality of Care in Hospitals,2002,article,2252,2919,37,0.7714970880438506,first,Economics and Econometrics,Healthcare Policy and Management,5,10,7,262
https://openalex.org/A5112866317,Philipp Krueger,https://openalex.org/W2906323621,The Importance of Climate Risks for Institutional Investors,2019,article,2497,2918,15,0.8557230980123373,first,Finance,Sustainable Finance and Green Bonds,3,7,6,183
https://openalex.org/A5068277876,Maciej Niewada,https://openalex.org/W2089165963,Measurement properties of the EQ-5D-5L compared to the EQ-5D-3L across eight patient groups: a multi-country study,2012,article,1609,2879,55,0.5588746092393192,middle,Economics and Econometrics,"Health Systems, Economic Evaluations, Quality of Life",8,14,9,177
https://openalex.org/A5113451082,Joseph J. Spengler,https://openalex.org/W2059692012,Vertical Integration and Antitrust Policy,1950,article,1643,2868,105,0.5728730822873083,first,Economics and Econometrics,Climate Change Policy and Economics,1,31,26,280
https://openalex.org/A5085421549,Isaac Sorkin,https://openalex.org/W2792018968,"Bartik Instruments: What, When, Why, and How",2020,article,2001,2850,18,0.7021052631578948,middle,"General Economics, Econometrics and Finance",Global trade and economics,3,14,10,821
https://openalex.org/A5068287338,Kenneth M. Langa,https://openalex.org/W2032698104,Monetary Costs of Dementia in the United States,2013,article,1451,2834,24,0.5119971771347918,last,Economics and Econometrics,"Health Systems, Economic Evaluations, Quality of Life",5,14,10,1187
https://openalex.org/A5050802728,Kevin Murdock,https://openalex.org/W3124982262,"Liberalization, Moral Hazard in Banking, and Prudential Regulation: Are Capital Requirements Enough?",2000,article,2105,2824,8,0.7453966005665722,middle,Finance,"Banking stability, regulation, efficiency",3,6,4,690
https://openalex.org/A5113441619,Hugh T. Patrick,https://openalex.org/W2039882728,Financial Development and Economic Growth in Underdeveloped Countries,1966,article,1754,2820,65,0.6219858156028368,first,Economics and Econometrics,Fiscal Policy and Economic Growth,1,15,7,103
https://openalex.org/A5023349855,Ben Zipperer,https://openalex.org/W2942870997,The Effect of Minimum Wages on Low-Wage Jobs*,2019,article,2220,2818,16,0.7877927608232789,last,Economics and Econometrics,Labor market dynamics and wage inequality,4,11,7,486
https://openalex.org/A5078669538,Melissa S. Kearney,https://openalex.org/W2048593579,Trends in U.S. Wage Inequality: Revising the Revisionists,2008,article,2379,2817,15,0.8445154419595314,last,Economics and Econometrics,Labor market dynamics and wage inequality,3,7,5,184
https://openalex.org/A5028260435,Sonya S. Lim,https://openalex.org/W3122186295,Driven to Distraction: Extraneous Events and Underreaction to Earnings News,2009,article,1543,2813,16,0.5485247067188056,middle,Finance,Financial Markets and Investment Strategies,3,11,11,1201
https://openalex.org/A5057435632,Richard Makadok,https://openalex.org/W2085234939,Toward a synthesis of the resource‐based and dynamic‐capability views of rent creation,2001,article,2487,2811,14,0.8847385272145144,first,Economics and Econometrics,Economic theories and models,1,3,3,133
https://openalex.org/A5039395692,Roger C. Kormendi,https://openalex.org/W2015646194,Macroeconomic determinants of growth: Cross-country evidence,1985,article,1585,2810,26,0.5640569395017794,first,Economics and Econometrics,Economic Growth and Productivity,2,4,4,604
https://openalex.org/A5066175695,Tim Jackson,https://openalex.org/W1495278944,Prosperity without Growth: Economics for a Finite Planet,2011,article,1854,2799,38,0.662379421221865,first,"General Economics, Econometrics and Finance",Economic Theory and Policy,2,17,17,416
https://openalex.org/A5082472626,Lily H. Fang,https://openalex.org/W3125591525,Media Coverage and the Cross‐section of Stock Returns,2009,article,1855,2796,24,0.663447782546495,first,Finance,Financial Markets and Investment Strategies,2,4,4,265
https://openalex.org/A5111896016,Michael Common,https://openalex.org/W2066082545,Economic growth and environmental degradation: The environmental Kuznets curve and sustainable development,1996,article,1682,2796,15,0.6015736766809728,middle,Economics and Econometrics,"Energy, Environment, Economic Growth",3,10,10,355
https://openalex.org/A5101906463,Carlos Montes,https://openalex.org/W2119119035,The history of ecosystem services in economic theory and practice: From early notions to markets and payment schemes,2009,article,1524,2785,11,0.5472172351885098,last,Economics and Econometrics,Economic and Environmental Valuation,4,4,4,931
https://openalex.org/A5011506926,Paula Bustos,https://openalex.org/W2124933622,"Trade Liberalization, Exports, and Technology Upgrading: Evidence on the Impact of MERCOSUR on Argentinian Firms",2011,article,1515,2779,23,0.5451601295430011,first,"General Economics, Econometrics and Finance",Global trade and economics,1,4,3,296
https://openalex.org/A5103350407,Zheng Song,https://openalex.org/W3121205121,Growing Like China,2011,article,1580,2767,41,0.5710155402963498,first,Economics and Econometrics,Economic Growth and Productivity,3,16,12,211
https://openalex.org/A5089389479,Garth Frazer,https://openalex.org/W2265790795,Identification Properties of Recent Production Function Estimators,2015,article,2101,2761,15,0.7609561752988048,last,"General Economics, Econometrics and Finance",Global trade and economics,3,10,10,645
https://openalex.org/A5004192940,Daniel W. Collins,https://openalex.org/W2154398438,An analysis of intertemporal and cross-sectional determinants of earnings response coefficients,1989,article,1769,2755,10,0.6421052631578947,first,Finance,Financial Markets and Investment Strategies,2,3,3,420
https://openalex.org/A5091747589,Joshua Matthew Pollet,https://openalex.org/W2113443463,Investor Inattention and Friday Earnings Announcements,2009,article,1786,2753,31,0.64874682164911,last,Finance,Financial Markets and Investment Strategies,2,10,10,531
https://openalex.org/A5029251303,John Ferejohn,https://openalex.org/W2316473956,Bargaining in Legislatures,1989,article,2013,2749,37,0.7322662786467806,last,Economics and Econometrics,Game Theory and Voting Systems,2,26,18,547
https://openalex.org/A5062395408,U. Frisch,https://openalex.org/W2013004558,<i>Turbulence: The Legacy of A. N. Kolmogorov</i>,1996,article,1808,2743,13,0.6591323368574553,first,Economics and Econometrics,Complex Systems and Time Series Analysis,2,5,5,737
https://openalex.org/A5086856198,Paul E. Meehl,https://openalex.org/W2012218966,Clinical Versus Actuarial Judgment,1989,review,2305,2734,8,0.8430870519385516,last,Economics and Econometrics,"Health Systems, Economic Evaluations, Quality of Life",3,3,3,258
https://openalex.org/A5059716665,Knut Anton Mork,https://openalex.org/W2094858492,Oil and the Macroeconomy When Prices Go Up and Down: An Extension of Hamilton's Results,1989,article,1565,2724,38,0.5745227606461086,first,Economics and Econometrics,Market Dynamics and Volatility,1,17,13,246
https://openalex.org/A5008306515,Donald Mackenzie,https://openalex.org/W1523079103,Do economists make markets?: on the performativity of economics,2007,article,2097,2723,20,0.770106500183621,first,Economics and Econometrics,Economic Theory and Institutions,3,5,3,297
https://openalex.org/A5112036918,Michael Von Korff,https://openalex.org/W2149025975,Developing the World Health Organization Disability Assessment Schedule 2.0,2010,article,1781,2694,11,0.6610987379361544,middle,Economics and Econometrics,"Health Systems, Economic Evaluations, Quality of Life",9,8,6,665
https://openalex.org/A5111688542,J. Marcus Fleming,https://openalex.org/W2137360725,Domestic Financial Policies Under Fixed and Under Floating Exchange Rates,1962,article,1421,2693,18,0.5276643148904567,first,Finance,Global Financial Crisis and Policies,1,7,6,193
https://openalex.org/A5027316988,Yan Feng,https://openalex.org/W2343426002,Valuing health-related quality of life: An EQ-5D-5L value set for England,2017,article,1380,2689,47,0.5132019338043883,middle,Economics and Econometrics,"Health Systems, Economic Evaluations, Quality of Life",5,23,15,944
https://openalex.org/A5111779096,Chih‐Ling Tsai,https://openalex.org/W2119621677,Improved Methods for Tests of Long‐Run Abnormal Stock Returns,1999,article,1924,2687,25,0.7160401935243766,last,Finance,Financial Markets and Investment Strategies,3,4,4,392
https://openalex.org/A5072329158,Edward H. Chamberlin,https://openalex.org/W2335010244,The Theory of Monopolistic Competition,1957,article,2160,2683,26,0.8050689526649273,last,Economics and Econometrics,Merger and Competition Analysis,2,19,16,391
https://openalex.org/A5032736642,Nuno Fernandes,https://openalex.org/W3013308762,Economic Effects of Coronavirus Outbreak (COVID-19) on the World Economy,2020,article,1918,2681,16,0.7154046997389034,first,Economics and Econometrics,HIV/AIDS Impact and Responses,1,13,11,763
https://openalex.org/A5088028058,Richard E. Ericson,https://openalex.org/W1964382689,Markov-Perfect Industry Dynamics: A Framework for Empirical Work,1995,article,2382,2661,21,0.895152198421646,first,Economics and Econometrics,Firm Innovation and Growth,2,6,6,167
https://openalex.org/A5108582382,Fan Dora Xia,https://openalex.org/W3125912523,Measuring the Macroeconomic Impact of Monetary Policy at the Zero Lower Bound,2016,article,1792,2656,30,0.6746987951807228,last,"General Economics, Econometrics and Finance",Monetary Policy and Economic Impact,2,3,3,540
https://openalex.org/A5074093929,Andrew Gelman,https://openalex.org/W2526501380,Increasing Transparency Through a Multiverse Analysis,2016,article,1412,2642,23,0.53444360333081,middle,Economics and Econometrics,Economic and Environmental Valuation,4,22,16,1230
https://openalex.org/A5110401994,A. B. Atkinson,https://openalex.org/W1967442942,Lectures in Public Economics.,1982,article,1592,2638,21,0.6034874905231236,middle,Economics and Econometrics,Fiscal Policy and Economic Growth,3,14,12,433
https://openalex.org/A5088504178,John McCallum,https://openalex.org/W1479800634,National Borders Matter: Canada-U.S. Regional Trade Patterns.,1995,article,2020,2637,28,0.7660219946909367,first,Economics and Econometrics,Regional Economics and Spatial Analysis,1,19,18,525
https://openalex.org/A5002272414,Marco Sammon,https://openalex.org/W3043617920,The Unprecedented Stock Market Reaction to COVID-19,2020,article,1453,2636,31,0.5512139605462822,middle,Economics and Econometrics,COVID-19 Pandemic Impacts,6,8,7,113
https://openalex.org/A5016189421,Ben R. Martin,https://openalex.org/W1965720378,The economic benefits of publicly funded basic research: a critical review,2001,review,1354,2625,34,0.5158095238095238,last,Economics and Econometrics,Innovation Policy and R&D,2,9,8,107
https://openalex.org/A5048511704,Valerie Cerra,https://openalex.org/W2152556759,Growth Dynamics: The Myth of Economic Recovery,2008,article,1327,2618,72,0.5068754774637128,first,"General Economics, Econometrics and Finance",Monetary Policy and Economic Impact,2,40,32,747
https://openalex.org/A5017291492,John Burbidge,https://openalex.org/W2012734657,Alternative Transformations to Handle Extreme Values of the Dependent Variable,1988,article,1318,2609,38,0.5051743963204293,first,"General Economics, Econometrics and Finance",Monetary Policy and Economic Impact,3,12,9,970
https://openalex.org/A5025931561,Shihao Gu,https://openalex.org/W4205539948,Empirical Asset Pricing via Machine Learning,2020,article,2035,2604,5,0.7814900153609831,first,Finance,Financial Markets and Investment Strategies,3,3,3,167
https://openalex.org/A5073087540,Erkko Autio,https://openalex.org/W2027502544,"Entrepreneurship, Innovation and Economic Growth: Evidence from GEM data",2005,article,1614,2603,23,0.6200537840952747,last,Economics and Econometrics,Firm Innovation and Growth,3,7,6,353
https://openalex.org/A5058200490,Louis T. W. Cheng,https://openalex.org/W3044042843,The role of ESG performance during times of financial crisis: Evidence from COVID-19 in China,2020,article,1405,2586,57,0.5433101314771849,middle,Economics and Econometrics,COVID-19 Pandemic Impacts,4,41,33,902
https://openalex.org/A5113444783,Quang Vuong,https://openalex.org/W1972048474,Limited information estimators and exogeneity tests for simultaneous probit models,1988,article,1663,2584,29,0.6435758513931888,last,Economics and Econometrics,Spatial and Panel Data Analysis,2,11,10,134
https://openalex.org/A5061128992,Jürgen Rehm,https://openalex.org/W2149025975,Developing the World Health Organization Disability Assessment Schedule 2.0,2010,article,1781,2581,31,0.6900426191398683,middle,Economics and Econometrics,"Health Systems, Economic Evaluations, Quality of Life",9,16,6,301
https://openalex.org/A5063807652,Milton Friedman,https://openalex.org/W3121144117,"A Monetary History of the United States, 1867-1960",1964,article,1769,2559,40,0.6912856584603361,middle,"General Economics, Econometrics and Finance",Economic Theory and Policy,3,11,9,358
https://openalex.org/A5061682893,Jill E. Hobbs,https://openalex.org/W3016428958,Food supply chains during the COVID‐19 pandemic,2020,article,1287,2544,44,0.5058962264150944,first,Economics and Econometrics,COVID-19 Pandemic Impacts,1,38,23,1085
https://openalex.org/A5014217976,Gwyn Bevan,https://openalex.org/W2017699874,WHAT’S MEASURED IS WHAT MATTERS: TARGETS AND GAMING IN THE ENGLISH PUBLIC HEALTH CARE SYSTEM,2006,article,1493,2543,50,0.5871018482107747,first,Economics and Econometrics,Healthcare Policy and Management,2,21,17,245
https://openalex.org/A5075967295,Frédèric Warzynski,https://openalex.org/W3124265334,Markups and Firm-Level Export Status,2012,article,1354,2539,64,0.5332808192201655,last,"General Economics, Econometrics and Finance",Global trade and economics,2,34,27,761
https://openalex.org/A5065854223,Paul A. Baran,https://openalex.org/W2048034272,The Political Economy of Growth,1958,article,1405,2532,26,0.5548973143759873,last,"General Economics, Econometrics and Finance",Economic Theory and Policy,2,8,5,583
https://openalex.org/A5051662754,Roy C. Geary,https://openalex.org/W2399767476,The Contiguity Ratio and Statistical Mapping,1954,article,1592,2521,37,0.6314954383181277,first,Economics and Econometrics,Complex Systems and Time Series Analysis,1,4,4,672
https://openalex.org/A5053891562,Gernot Klepper,https://openalex.org/W2131665065,Global and regional drivers of accelerating CO <sub>2</sub> emissions,2007,article,1768,2520,36,0.7015873015873015,middle,Economics and Econometrics,Climate Change Policy and Economics,7,29,23,674
https://openalex.org/A5083330944,Steven J. Bernstein,https://openalex.org/W1512542755,The RAND/UCLA Appropriateness Method User's Manual,2001,article,1922,2506,16,0.7669592976855547,middle,Economics and Econometrics,"Health Systems, Economic Evaluations, Quality of Life",5,8,8,511
https://openalex.org/A5066696049,Łukasz Pomorski,https://openalex.org/W3125969230,Responsible investing: The ESG-efficient frontier,2020,article,1731,2501,19,0.6921231507397041,last,Finance,Financial Markets and Investment Strategies,3,15,14,763
https://openalex.org/A5017419388,Don Harding,https://openalex.org/W2035777923,Dissecting the cycle: a methodological investigation,2002,article,1506,2498,37,0.6028823058446757,first,"General Economics, Econometrics and Finance",Monetary Policy and Economic Impact,2,13,10,128
https://openalex.org/A5018922307,George B. Richardson,https://openalex.org/W2024045908,The Organisation of Industry,1972,article,2136,2477,26,0.8623334679047234,first,"General Economics, Econometrics and Finance",Global trade and economics,1,18,11,211
https://openalex.org/A5062974091,Caroline Flammer,https://openalex.org/W3128873853,Corporate green bonds,2021,article,1947,2473,27,0.7873028710068742,first,Finance,Sustainable Finance and Green Bonds,1,9,6,399
https://openalex.org/A5027072923,Daniel Schwartz,https://openalex.org/W1965926642,Explanatory and Pragmatic Attitudes in Therapeutical Trials,2009,article,1257,2465,6,0.5099391480730223,first,Economics and Econometrics,"Health Systems, Economic Evaluations, Quality of Life",2,3,3,1174
https://openalex.org/A5012881733,Thijs Verburg,https://openalex.org/W2096611253,"Related Variety, Unrelated Variety and Regional Economic Growth",2007,article,2346,2461,7,0.9532710280373832,last,Economics and Econometrics,Regional Economics and Spatial Analysis,3,5,4,115
https://openalex.org/A5064012317,Ben Jann,https://openalex.org/W2152874686,The Blinder–Oaxaca Decomposition for Linear Regression Models,2008,article,1805,2457,53,0.7346357346357346,first,Economics and Econometrics,Labor market dynamics and wage inequality,1,19,12,180
https://openalex.org/A5054105085,Lorenzo Cappiello,https://openalex.org/W2018364810,Asymmetric Dynamics in the Correlations of Global Equity and Bond Returns,2006,article,1724,2454,45,0.7025264873675632,first,Finance,Financial Risk and Volatility Modeling,3,17,13,409
https://openalex.org/A5069382741,Michael D. Hurd,https://openalex.org/W2032698104,Monetary Costs of Dementia in the United States,2013,article,1451,2444,40,0.5936988543371522,first,Economics and Econometrics,"Health Systems, Economic Evaluations, Quality of Life",5,25,21,919
https://openalex.org/A5102977763,Mary O’Sullivan,https://openalex.org/W4254928272,Maximizing shareholder value: a new ideology for corporate governance,2000,article,1894,2441,29,0.7759115116755428,last,"General Economics, Econometrics and Finance",Economic Theory and Policy,2,4,4,136
https://openalex.org/A5109122897,Jonathan D. Jones,https://openalex.org/W2049239673,Testing for Linear and Nonlinear Granger Causality in the Stock Price‐Volume Relation,1994,article,1400,2438,30,0.5742411812961444,last,Economics and Econometrics,Complex Systems and Time Series Analysis,2,16,13,385
https://openalex.org/A5101543008,Ke Tang,https://openalex.org/W2107802909,Index Investment and the Financialization of Commodities,2012,article,1280,2437,58,0.5252359458350431,first,Economics and Econometrics,Market Dynamics and Volatility,2,13,13,414
https://openalex.org/A5084453119,Ijaz Younis,https://openalex.org/W4226404192,"A review of the global climate change impacts, adaptation, and sustainable mitigation measures",2022,review,2034,2436,27,0.8349753694581281,last,Economics and Econometrics,Climate Change Policy and Economics,6,4,4,132
https://openalex.org/A5035573326,Irwin Feller,https://openalex.org/W2322865823,"R&amp;D, Patents, and Productivity",1987,article,1231,2436,41,0.5053366174055829,first,Economics and Econometrics,Economic Growth and Productivity,2,14,10,160
https://openalex.org/A5072454749,Svend Hylleberg,https://openalex.org/W2126610602,Seasonal integration and cointegration,1990,article,1483,2432,39,0.6097861842105263,first,"General Economics, Econometrics and Finance",Monetary Policy and Economic Impact,4,4,3,215
https://openalex.org/A5058104099,Daniel Murphy,https://openalex.org/W2113983529,THE ROLE OF INVENTORIES AND SPECULATIVE TRADING IN THE GLOBAL MARKET FOR CRUDE OIL,2013,article,1398,2419,70,0.5779247622984705,last,Economics and Econometrics,Market Dynamics and Volatility,2,5,3,552
https://openalex.org/A5020534592,Cecilia Elena Rouse,https://openalex.org/W1991418004,Orchestrating Impartiality: The Impact of “Blind” Auditions on Female Musicians,2000,article,1739,2413,16,0.7206796518856196,last,Economics and Econometrics,Sports Analytics and Performance,2,3,3,518
https://openalex.org/A5051578979,Florian Haelg,https://openalex.org/W2785400778,The KOF Globalisation Index – revisited,2019,article,1908,2404,9,0.7936772046589018,middle,"General Economics, Econometrics and Finance",Global trade and economics,4,3,3,401
https://openalex.org/A5005097523,Sandeep Dahiya,https://openalex.org/W3125916795,Lending Relationships and Loan Contract Terms,2009,article,1251,2402,24,0.5208159866777685,middle,Finance,"Banking stability, regulation, efficiency",4,13,13,1110
https://openalex.org/A5074195513,James K. Boyce,https://openalex.org/W1980533847,"Income, inequality, and pollution: a reassessment of the environmental Kuznets Curve",1998,article,1329,2401,27,0.5535193669304457,last,Economics and Econometrics,"Energy, Environment, Economic Growth",2,6,5,248
https://openalex.org/A5014637497,James Banks,https://openalex.org/W2081590363,Quadratic Engel Curves and Consumer Demand,1997,article,1776,2389,32,0.7434072833821682,first,Economics and Econometrics,Economics of Agriculture and Food Markets,3,7,6,126
https://openalex.org/A5034999285,Luca Sessa,https://openalex.org/W3121567201,Credit and Banking in a DSGE Model of the Euro Area,2010,article,1211,2389,11,0.5069066555043952,middle,Finance,"Banking stability, regulation, efficiency",4,5,5,950
https://openalex.org/A5033521226,T. Rehle,https://openalex.org/W2598149030,"South African National HIV Prevalence, Incidence and Behaviour Survey, 2012",2014,article,1227,2377,21,0.5161968868321414,middle,Economics and Econometrics,HIV/AIDS Impact and Responses,8,17,9,934
https://openalex.org/A5019864309,Allyn A. Young,https://openalex.org/W1899786413,Increasing Returns and Economic Progress,1928,article,1650,2376,38,0.6944444444444444,first,"General Economics, Econometrics and Finance",Economic Theory and Policy,1,28,26,664
https://openalex.org/A5112775652,Dennis J. Aigner,https://openalex.org/W2067516326,Statistical Theories of Discrimination in Labor Markets,1977,article,1391,2372,25,0.586424957841484,first,Economics and Econometrics,Merger and Competition Analysis,2,17,16,432
https://openalex.org/A5015299043,Emmanuel Duguet,https://openalex.org/W2088518505,"Research, Innovation And Productivi[Ty: An Econometric Analysis At The Firm Level",1998,article,1430,2367,55,0.6041402619349387,middle,Economics and Econometrics,Firm Innovation and Growth,3,7,5,208
https://openalex.org/A5084954694,Sven Berg,https://openalex.org/W1509161467,Seats and votes. The effects and determinants of electoral systems,1990,article,1650,2366,23,0.6973795435333897,first,Economics and Econometrics,Economic Policies and Impacts,1,8,7,302
https://openalex.org/A5074145696,Kevin W. Caves,https://openalex.org/W2265790795,Identification Properties of Recent Production Function Estimators,2015,article,2101,2361,6,0.8898771706903854,middle,"General Economics, Econometrics and Finance",Global trade and economics,3,4,4,260
https://openalex.org/A5032864059,Gunnar Myrdal,https://openalex.org/W2049893405,Asian Drama: An Inquiry into the Poverty of Nations,1969,article,1445,2361,27,0.6120288013553579,last,Economics and Econometrics,Economic theories and models,2,18,15,712
https://openalex.org/A5090730720,David Pearce,https://openalex.org/W2138757993,Toward a Theory of Discounted Repeated Games with Imperfect Monitoring,1990,article,1256,2353,25,0.5337866553336167,middle,Economics and Econometrics,Economic theories and models,3,6,4,748
https://openalex.org/A5101920792,David Harvey,https://openalex.org/W2161564834,Neoliberalism as Creative Destruction,2007,article,1528,2340,6,0.652991452991453,first,Finance,"Housing, Finance, and Neoliberalism",1,5,4,812
https://openalex.org/A5038133032,Mikael Lindahl,https://openalex.org/W3126037482,Education for Growth: Why and for Whom?,2001,article,2063,2337,6,0.8827556696619597,last,Economics and Econometrics,Economic Growth and Productivity,2,3,3,249
https://openalex.org/A5022291052,Brian W. Bresnahan,https://openalex.org/W2159936838,Constructing Experimental Designs for Discrete-Choice Experiments: Report of the ISPOR Conjoint Analysis Experimental Design Good Research Practices Task Force,2013,article,1758,2321,20,0.7574321413183972,middle,Economics and Econometrics,Economic and Environmental Valuation,9,13,9,477
https://openalex.org/A5023148084,Winand Emons,https://openalex.org/W2211343806,European Economic Review,2007,article,1166,2320,80,0.5025862068965518,first,Economics and Econometrics,German Economic Analysis & Policies,1,40,29,814
https://openalex.org/A5111880959,Chunrong Ai,https://openalex.org/W1584886768,Computing Interaction Effects and Standard Errors in Logit and Probit Models,2004,article,1802,2315,27,0.7784017278617711,last,Economics and Econometrics,Economic theories and models,3,6,5,191
https://openalex.org/A5113463142,V. N. Balasubramanyam,https://openalex.org/W1975830170,Foreign Direct Investment and Growth in EP and is Countries,1996,article,1576,2313,44,0.6813661910938176,first,Economics and Econometrics,Economic Growth and Productivity,3,9,7,104
https://openalex.org/A5047387771,Brian J. Hall,https://openalex.org/W3121734384,Stock options for undiversified executives,2002,article,1208,2308,36,0.5233968804159446,first,Finance,Financial Markets and Investment Strategies,2,24,18,1085
https://openalex.org/A5010639385,Berk A. Sensoy,https://openalex.org/W3124796920,"Costly external finance, corporate investment, and the subprime mortgage credit crisis",2010,article,1466,2306,11,0.6357328707718994,last,Finance,"Banking stability, regulation, efficiency",3,4,4,587
https://openalex.org/A5060707167,Christopher Stanton,https://openalex.org/W3032856638,The impact of COVID-19 on small business outcomes and expectations,2020,article,1593,2300,26,0.6926086956521739,last,Economics and Econometrics,COVID-19 Pandemic Impacts,6,13,10,428
https://openalex.org/A5023233956,Cheolbeom Park,https://openalex.org/W1973809982,THE IMPACT OF OIL PRICE SHOCKS ON THE U.S. STOCK MARKET*,2009,article,1800,2299,44,0.7829491083079599,last,Economics and Econometrics,Market Dynamics and Volatility,2,10,8,143
https://openalex.org/A5039661948,Douglas M. Sloane,https://openalex.org/W2074425839,Nurses’ Reports On Hospital Care In Five Countries,2001,article,1626,2289,12,0.7103538663171691,middle,Economics and Econometrics,Healthcare Policy and Management,10,4,4,464
https://openalex.org/A5065707858,Ian McAllister,https://openalex.org/W2972036171,Economic and Social Review,1995,article,1983,2284,11,0.8682136602451839,last,Economics and Econometrics,Unemployment and Economic Growth,2,4,3,193
https://openalex.org/A5090950679,Jeroen Kremers,https://openalex.org/W2126322608,THE POWER OF COINTEGRATION TESTS,1992,article,1299,2283,28,0.568988173455979,first,"General Economics, Econometrics and Finance",Monetary Policy and Economic Impact,3,15,14,608
https://openalex.org/A5032086474,Gerald D. Gay,https://openalex.org/W2068928693,"Options, Futures, and Other Derivative Securities.",1990,article,1247,2269,48,0.5495813133539004,first,Finance,Stochastic processes and financial applications,2,23,22,537
https://openalex.org/A5060103038,Jonathan Grant,https://openalex.org/W2044591801,How to increase value and reduce waste when research priorities are set,2014,article,1460,2268,31,0.6437389770723104,middle,Economics and Econometrics,"Health Systems, Economic Evaluations, Quality of Life",9,12,9,158
https://openalex.org/A5036810810,Leonard Waverman,https://openalex.org/W3123689642,Telecommunications Infrastructure and Economic Development: A Simultaneous Approach,2001,article,1780,2264,34,0.7862190812720848,last,Economics and Econometrics,Fiscal Policy and Economic Growth,2,30,24,467
https://openalex.org/A5012890037,Rendigs Fels,https://openalex.org/W3121144117,"A Monetary History of the United States, 1867-1960",1964,article,1769,2260,46,0.7827433628318584,first,"General Economics, Econometrics and Finance",Economic Theory and Policy,3,28,21,342
https://openalex.org/A5049315044,Kenneth K. Kurihara,https://openalex.org/W3001472365,Utility Analysis and the Consumption Function: An Interpretation of Cross-Section Data,2013,article,2012,2258,52,0.8910540301151462,first,Economics and Econometrics,Housing Market and Economics,1,40,18,187
https://openalex.org/A5032213026,Shaun Fitzgibbons,https://openalex.org/W3125969230,Responsible investing: The ESG-efficient frontier,2020,article,1731,2258,4,0.766607617360496,middle,Finance,Financial Markets and Investment Strategies,3,3,3,527
https://openalex.org/A5057815458,Martin J. Osborne,https://openalex.org/W2159823353,A Model of Political Competition with Citizen-Candidates,1996,article,1271,2242,26,0.5669045495093666,first,Economics and Econometrics,Game Theory and Voting Systems,2,13,13,605
https://openalex.org/A5084480315,Olivier J. Wouters,https://openalex.org/W3009999522,"Estimated Research and Development Investment Needed to Bring a New Medicine to Market, 2009-2018",2020,article,1421,2237,37,0.6352257487706751,first,Economics and Econometrics,Pharmaceutical Economics and Policy,3,15,12,641
https://openalex.org/A5038695817,Keith Shaw,https://openalex.org/W2160085528,Resilience: A Bridging Concept or a Dead End?“Reframing” Resilience: Challenges for Planning Theory and PracticeInteracting Traps: Resilience Assessment of a Pasture Management System in Northern AfghanistanUrban Resilience: What Does it Mean in Planning Practice?Resilience as a Useful Concept for Climate Change Adaptation?The Politics of Resilience for Planning: A Cautionary Note,2012,article,1746,2235,13,0.7812080536912752,middle,Economics and Econometrics,Regional resilience and development,9,10,7,243
https://openalex.org/A5004047578,Mirko Draca,https://openalex.org/W1879687480,"Trade Induced Technical Change? The Impact of Chinese Imports on Innovation, IT and Productivity",2015,article,1465,2233,23,0.6560680698611733,middle,"General Economics, Econometrics and Finance",Global trade and economics,3,16,14,706
https://openalex.org/A5110274067,Ronald I. Miller,https://openalex.org/W3124636723,Determinants of Long-Term Growth: A Bayesian Averaging of Classical Estimates (BACE) Approach,2004,article,2126,2232,4,0.9525089605734767,last,Economics and Econometrics,Economic Growth and Productivity,3,3,3,106
https://openalex.org/A5002576193,John Fry,https://openalex.org/W2042442456,Speculative bubbles in Bitcoin markets? An empirical investigation into the fundamental value of Bitcoin,2015,article,1371,2230,25,0.614798206278027,last,Economics and Econometrics,Complex Systems and Time Series Analysis,2,8,4,100
https://openalex.org/A5084093996,Mandira Sarma,https://openalex.org/W2163723928,Financial Inclusion and Development,2010,article,1134,2224,18,0.5098920863309353,first,Economics and Econometrics,Microfinance and Financial Inclusion,2,5,5,709
https://openalex.org/A5050957902,Andy Snell,https://openalex.org/W2021675656,Testing for a unit root in the nonlinear STAR framework,2002,article,1541,2221,53,0.6938316073840612,last,"General Economics, Econometrics and Finance",Monetary Policy and Economic Impact,3,17,13,271
https://openalex.org/A5025320882,Julie Sochalski,https://openalex.org/W2074425839,Nurses’ Reports On Hospital Care In Five Countries,2001,article,1626,2210,13,0.7357466063348417,middle,Economics and Econometrics,Healthcare Policy and Management,10,7,6,501
https://openalex.org/A5113533722,Kishwar Nawaz,https://openalex.org/W3015661206,"Moving towards a sustainable environment: The dynamic linkage between natural resources, human capital, urbanization, economic growth, and ecological footprint in China",2020,article,1164,2208,12,0.5271739130434783,last,Economics and Econometrics,"Energy, Environment, Economic Growth",4,4,3,282
https://openalex.org/A5004625557,Somnath Chatterji,https://openalex.org/W2149025975,Developing the World Health Organization Disability Assessment Schedule 2.0,2010,article,1781,2203,12,0.8084430322287789,middle,Economics and Econometrics,"Health Systems, Economic Evaluations, Quality of Life",9,4,3,191
https://openalex.org/A5000925736,Chad D. Meyerhoefer,https://openalex.org/W2147408739,The medical care costs of obesity: An instrumental variables approach,2011,article,1356,2197,27,0.6172052799271734,last,Economics and Econometrics,Healthcare Policy and Management,2,10,6,145
https://openalex.org/A5054176270,Paul A. Johnson,https://openalex.org/W2012774161,Multiple regimes and cross‐country growth behaviour,1995,article,1338,2197,33,0.6090122894856622,last,Economics and Econometrics,Economic Growth and Productivity,2,7,6,121
https://openalex.org/A5088068627,Joseph P. Ogden,https://openalex.org/W2104559023,A New Estimate of Transaction Costs,1999,article,1408,2187,31,0.6438042981252858,middle,Finance,Financial Markets and Investment Strategies,3,16,14,674
https://openalex.org/A5027894384,Benoı̂t Laplante,https://openalex.org/W1975641572,Confronting the Environmental Kuznets Curve,2002,article,1720,2183,25,0.7879065506184151,middle,Economics and Econometrics,"Energy, Environment, Economic Growth",4,15,12,428
https://openalex.org/A5010558391,Wayne A. Ray,https://openalex.org/W2164595809,Evaluating Medication Effects Outside of Clinical Trials: New-User Designs,2003,article,1601,2183,11,0.7333944113605131,first,Economics and Econometrics,"Health Systems, Economic Evaluations, Quality of Life",1,9,9,571
https://openalex.org/A5043815049,John Conlisk,https://openalex.org/W1526813172,Why Bounded Rationality,1996,article,1534,2180,25,0.7036697247706422,first,Economics and Econometrics,Economic theories and models,1,22,20,606
https://openalex.org/A5048291994,Roberto Blanco,https://openalex.org/W3123699647,An Empirical Analysis of the Dynamic Relation between Investment‐Grade Bonds and Credit Default Swaps,2005,article,1201,2179,41,0.5511702615878844,first,Finance,Credit Risk and Financial Regulations,2,11,9,570
https://openalex.org/A5037509634,David J. Ravenscraft,https://openalex.org/W2107539208,"The Performance of Hedge Funds: Risk, Return, and Incentives",1999,article,1152,2179,11,0.528682882055989,last,Finance,Financial Markets and Investment Strategies,3,9,9,995
https://openalex.org/A5005043202,Michael Luca,https://openalex.org/W3032856638,The impact of COVID-19 on small business outcomes and expectations,2020,article,1593,2174,14,0.7327506899724011,middle,Economics and Econometrics,COVID-19 Pandemic Impacts,6,5,5,320
https://openalex.org/A5005965545,Kathleen J. Mullen,https://openalex.org/W2032698104,Monetary Costs of Dementia in the United States,2013,article,1451,2172,20,0.66804788213628,middle,Economics and Econometrics,"Health Systems, Economic Evaluations, Quality of Life",5,6,5,208
https://openalex.org/A5056163029,Sean Jooste,https://openalex.org/W2598149030,"South African National HIV Prevalence, Incidence and Behaviour Survey, 2012",2014,article,1227,2171,15,0.5651773376324275,middle,Economics and Econometrics,HIV/AIDS Impact and Responses,8,6,4,794
https://openalex.org/A5048444480,Scott M. Weiner,https://openalex.org/W3022367431,Modeling Regional Interdependencies Using a Global Error-Correcting Macroeconometric Model,2004,article,1367,2163,15,0.6319926028663893,last,"General Economics, Econometrics and Finance",Monetary Policy and Economic Impact,3,10,10,416
https://openalex.org/A5100367218,Fang Zhang,https://openalex.org/W1985434161,Use of Interrupted Time Series Analysis in Evaluating Health Care Quality Improvements,2013,review,1141,2155,54,0.5294663573085847,last,Economics and Econometrics,"Health Systems, Economic Evaluations, Quality of Life",2,8,4,249
https://openalex.org/A5016128333,Marta Bańbura,https://openalex.org/W2056186894,Large Bayesian vector auto regressions,2009,article,1138,2135,34,0.5330210772833723,first,"General Economics, Econometrics and Finance",Monetary Policy and Economic Impact,3,4,4,104
https://openalex.org/A5012249056,Robert J. Weiner,https://openalex.org/W2056723044,Lecture Notes in Economics and Mathematical Systems,1985,article,1294,2134,55,0.6063730084348641,first,Economics and Econometrics,Economic theories and models,1,10,8,158
https://openalex.org/A5078226000,Richard Breen,https://openalex.org/W2317709830,Comparing Regression Coefficients Between Same-sample Nested Models Using Logit and Probit,2012,article,1120,2134,21,0.5248359887535146,last,Economics and Econometrics,Spatial and Panel Data Analysis,3,18,14,867
https://openalex.org/A5110642772,Joseph Cheng,https://openalex.org/W3125754252,An examination of herd behavior in equity markets: An international perspective,2000,article,1242,2133,25,0.5822784810126582,middle,Finance,Financial Markets and Investment Strategies,3,4,4,308
https://openalex.org/A5036279997,Shinji Kaneko,https://openalex.org/W2151785299,Does urbanization lead to less energy use and lower CO2 emissions? A cross-country analysis,2010,article,1231,2128,50,0.5784774436090225,last,Economics and Econometrics,"Energy, Environment, Economic Growth",2,13,8,233
https://openalex.org/A5042048359,Peter Dicken,https://openalex.org/W2116579110,Global Shift: Transforming the World Economy,2000,article,1177,2128,23,0.5531015037593985,last,Economics and Econometrics,"Globalization, Economics, and Policies",2,15,12,541
https://openalex.org/A5051910920,Walter W. Powell,https://openalex.org/W2165775312,The Knowledge Economy,2004,article,1847,2125,12,0.8691764705882353,first,Economics and Econometrics,Economic Growth and Productivity,2,5,4,129
https://openalex.org/A5047832529,David A. Matsa,https://openalex.org/W3122879148,Common Errors: How to (and Not to) Control for Unobserved Heterogeneity,2013,article,1105,2121,17,0.520980669495521,last,"General Economics, Econometrics and Finance",Monetary Policy and Economic Impact,2,4,3,473
https://openalex.org/A5075503563,Kalok Chan,https://openalex.org/W3044042843,The role of ESG performance during times of financial crisis: Evidence from COVID-19 in China,2020,article,1405,2117,28,0.6636750118091639,middle,Economics and Econometrics,COVID-19 Pandemic Impacts,4,21,16,595
https://openalex.org/A5051989799,Byoung‐Hyoun Hwang,https://openalex.org/W3124798136,Wisdom of Crowds: The Value of Stock Opinions Transmitted Through Social Media,2014,article,1237,2117,26,0.584317430325933,last,Finance,Financial Markets and Investment Strategies,4,12,12,735
https://openalex.org/A5077865016,Larry V. Hedges,https://openalex.org/W1981188819,Robust variance estimation in meta‐regression with dependent effect size estimates,2010,article,1926,2115,10,0.9106382978723404,first,Economics and Econometrics,Economic and Environmental Valuation,3,8,7,185
https://openalex.org/A5010837310,Thomas Agoritsas,https://openalex.org/W2762658547,Discrimination and Calibration of Clinical Prediction Models,2017,article,1578,2115,13,0.7460992907801418,middle,Economics and Econometrics,"Health Systems, Economic Evaluations, Quality of Life",8,5,4,293
https://openalex.org/A5077520377,Richard A. Ippolito,https://openalex.org/W1964928758,Consumer Reaction to Measures of Poor Quality: Evidence from the Mutual Fund Industry,1992,article,1118,2114,15,0.5288552507095553,first,Finance,Financial Markets and Investment Strategies,1,9,9,825
https://openalex.org/A5051727536,Leonard K. Cheng,https://openalex.org/W2031617486,What are the determinants of the location of foreign direct investment? The Chinese experience,2000,article,1164,2110,40,0.5516587677725119,first,"General Economics, Econometrics and Finance",Global trade and economics,2,22,20,606
https://openalex.org/A5108632583,Paul G. O’Connell,https://openalex.org/W2168257636,The overvaluation of purchasing power parity,1998,article,1226,2102,20,0.5832540437678402,first,"General Economics, Econometrics and Finance",Monetary Policy and Economic Impact,1,6,6,260
https://openalex.org/A5103350844,Anders Malmberg,https://openalex.org/W2150606135,The Elusive Concept of Localization Economies: Towards a Knowledge-Based Theory of Spatial Clustering,2002,article,1406,2096,15,0.6708015267175572,first,Economics and Econometrics,Regional Economics and Spatial Analysis,2,10,8,656
https://openalex.org/A5076119424,Shanlian Hu,https://openalex.org/W2165815793,Early appraisal of China's huge and complex health-care reforms,2012,review,1164,2087,47,0.5577383804504072,middle,Finance,Healthcare Systems and Reforms,6,29,12,646
https://openalex.org/A5059993632,Juan Marcos González,https://openalex.org/W2367707061,Statistical Methods for the Analysis of Discrete Choice Experiments: A Report of the ISPOR Conjoint Analysis Good Research Practices Task Force,2016,article,1255,2085,63,0.6019184652278178,middle,Economics and Econometrics,Economic and Environmental Valuation,8,26,14,382
https://openalex.org/A5013483892,Bruno Maria Parigi,https://openalex.org/W1559496943,"Systemic Risk, Interbank Relations, and Liquidity Provision by the Central Bank",2000,article,1366,2084,43,0.6554702495201535,middle,Finance,"Banking stability, regulation, efficiency",3,6,5,189
https://openalex.org/A5067009527,Barack Obama,https://openalex.org/W2567784893,The irreversible momentum of clean energy,2017,article,1195,2077,38,0.5753490611458835,first,Economics and Econometrics,Climate Change Policy and Economics,1,36,18,843
https://openalex.org/A5109054223,Maurice Dobb,https://openalex.org/W2313427049,Selected Essays in the Dynamics of the Capitalist Economy.,1972,article,1291,2072,50,0.6230694980694981,first,Economics and Econometrics,Economic Theory and Institutions,2,39,23,615
https://openalex.org/A5030614925,Timothy M. Smeeding,https://openalex.org/W1548704993,Cross-National Comparisons of Earnings and Income Inequality,1997,article,1262,2070,44,0.6096618357487923,last,"General Economics, Econometrics and Finance",Economic Theory and Policy,2,20,17,352
https://openalex.org/A5110654432,A. Ian McLeod,https://openalex.org/W2021760340,DIAGNOSTIC CHECKING ARMA TIME SERIES MODELS USING SQUARED‐RESIDUAL AUTOCORRELATIONS,1983,article,1128,2063,17,0.5467765390208434,first,Finance,Financial Risk and Volatility Modeling,2,5,5,545
https://openalex.org/A5089557206,Brian Aitken,https://openalex.org/W2036954536,"Spillovers, foreign investment, and export behavior",1997,article,1171,2062,8,0.5678952473326867,first,"General Economics, Econometrics and Finance",Global trade and economics,3,6,6,839
https://openalex.org/A5086982928,Sandy Oliver,https://openalex.org/W2044591801,How to increase value and reduce waste when research priorities are set,2014,article,1460,2061,29,0.7083939835031539,last,Economics and Econometrics,"Health Systems, Economic Evaluations, Quality of Life",9,10,3,231
https://openalex.org/A5027025101,Ewa Orlewska,https://openalex.org/W2119679249,Budget Impact Analysis—Principles of Good Practice: Report of the ISPOR 2012 Budget Impact Analysis Good Practice II Task Force,2013,article,1138,2060,27,0.5524271844660195,middle,Economics and Econometrics,"Health Systems, Economic Evaluations, Quality of Life",10,18,16,913
https://openalex.org/A5069115216,Dimitrios P. Louzis,https://openalex.org/W3122861456,"Macroeconomic and bank-specific determinants of non-performing loans in Greece: A comparative study of mortgage, business and consumer loan portfolios",2011,article,1100,2050,30,0.5365853658536586,first,Finance,"Banking stability, regulation, efficiency",3,3,3,392
https://openalex.org/A5002006329,Abraham Lioui,https://openalex.org/W3199715721,Sustainable investing with ESG rating uncertainty,2021,article,1124,2047,94,0.5490962383976551,middle,Finance,Financial Markets and Investment Strategies,4,84,63,846
https://openalex.org/A5042259760,Timothy Besley,https://openalex.org/W2070492332,Can Labor Regulation Hinder Economic Performance? Evidence from India,2004,article,1410,2046,15,0.6891495601173021,first,Economics and Econometrics,Taxation and Compliance Studies,2,8,8,636
https://openalex.org/A5109331670,H. P. McKean,https://openalex.org/W2082131924,Diffusion Processes and Their Sample Paths.,1996,article,1713,2040,10,0.8397058823529412,last,Finance,Stochastic processes and financial applications,3,8,5,303
https://openalex.org/A5018900823,Sushil Bikhchandani,https://openalex.org/W1489293997,Herd Behavior in Financial Markets,2000,article,1163,2040,17,0.5700980392156862,first,Finance,Financial Markets and Investment Strategies,2,3,3,362
https://openalex.org/A5091843426,Eitan Muller,https://openalex.org/W1515341384,Research Joint Ventures and R&D Cartels,1992,article,1213,2034,26,0.5963618485742379,middle,Economics and Econometrics,Merger and Competition Analysis,3,20,17,735
https://openalex.org/A5101611034,Myfanwy Morgan,https://openalex.org/W2139727821,What does 'access to health care' mean?,2002,article,1104,2034,22,0.5427728613569321,middle,Economics and Econometrics,Healthcare Policy and Management,7,9,8,836
https://openalex.org/A5083213384,Alfred R. Oxenfeldt,https://openalex.org/W2088788330,Pricing: Making Profitable Decisions,1980,article,1802,2032,15,0.8868110236220472,first,Economics and Econometrics,Economic Theory and Institutions,2,14,9,230
https://openalex.org/A5006100824,Marcelo Soto,https://openalex.org/W2123286530,"Growth and human capital: good data, good results",2007,article,1294,2029,14,0.637752587481518,last,Economics and Econometrics,Economic Growth and Productivity,2,9,9,613
https://openalex.org/A5005569587,Karen Horn Welch,https://openalex.org/W3124873083,Trade Liberalization and Growth: New Evidence,2008,article,1343,2026,7,0.6628825271470878,last,"General Economics, Econometrics and Finance",Global trade and economics,2,6,6,683
https://openalex.org/A5077287903,James M. Enelow,https://openalex.org/W2043031359,The Spatial Theory of Voting: An Introduction.,1985,article,1063,2025,19,0.5249382716049382,middle,Economics and Econometrics,Game Theory and Voting Systems,3,11,9,398
https://openalex.org/A5021696694,Irene Papanicolas,https://openalex.org/W2790706219,Health Care Spending in the United States and Other High-Income Countries,2018,article,1564,2015,39,0.7761786600496278,first,Economics and Econometrics,Healthcare Policy and Management,3,18,11,210
https://openalex.org/A5073198607,Laura E. Kodres,https://openalex.org/W2166422272,A Rational Expectations Model of Financial Contagion,2002,article,1085,2012,45,0.5392644135188867,first,Finance,Financial Markets and Investment Strategies,2,17,14,380
https://openalex.org/A5034384560,Peter Maskell,https://openalex.org/W2150606135,The Elusive Concept of Localization Economies: Towards a Knowledge-Based Theory of Spatial Clustering,2002,article,1406,2010,8,0.699502487562189,last,Economics and Econometrics,Regional Economics and Spatial Analysis,2,4,4,108
https://openalex.org/A5002634967,Ady Pauzner,https://openalex.org/W3122576247,Demand–Deposit Contracts and the Probability of Bank Runs,2005,article,1135,2006,12,0.56580259222333,last,Finance,"Banking stability, regulation, efficiency",2,8,5,870
https://openalex.org/A5109869652,A. J. Rayner,https://openalex.org/W2115431970,The environmental Kuznets curve: an empirical analysis,1997,article,1042,2006,49,0.5194416749750748,middle,Economics and Econometrics,"Energy, Environment, Economic Growth",3,29,24,322
https://openalex.org/A5050316571,Andrew L. Detzel,https://openalex.org/W3121806304,The Asset-Pricing Implications of Government Economic Policy Uncertainty,2015,article,1328,2005,19,0.6623441396508728,last,Economics and Econometrics,Market Dynamics and Volatility,2,3,3,393
https://openalex.org/A5069161152,Jonas F. Ludvigsson,https://openalex.org/W2934791458,The longitudinal integrated database for health insurance and labour market studies (LISA) and its use in medical research,2019,review,1037,2000,8,0.5185,first,Economics and Econometrics,Healthcare Policy and Management,5,6,3,463
https://openalex.org/A5050982995,Fredérić Docquier,https://openalex.org/W2024746281,Brain drain and economic growth: theory and evidence,2001,article,1252,1998,79,0.6266266266266266,middle,Economics and Econometrics,Economic Growth and Productivity,3,17,12,104
https://openalex.org/A5100769515,Linhui Yu,https://openalex.org/W2512406487,Does environmental regulation drive away inbound foreign direct investment? Evidence from a quasi-natural experiment in China,2016,article,1227,1996,28,0.6147294589178357,last,Economics and Econometrics,"Energy, Environment, Economic Growth",4,9,8,481
https://openalex.org/A5022635863,Lorenzo Cappellari,https://openalex.org/W2112272159,Multivariate Probit Regression using Simulated Maximum Likelihood,2003,article,1062,1994,58,0.5325977933801405,first,Finance,Financial Risk and Volatility Modeling,2,8,7,176
https://openalex.org/A5054541968,Jerry R. Green,https://openalex.org/W1983306461,A Comparison of Tournaments and Contracts,1983,article,1015,1989,29,0.510306686777275,first,Economics and Econometrics,Economic theories and models,2,18,15,893
https://openalex.org/A5066300611,Ralf Buckley,https://openalex.org/W1480313761,The Economics of Ecosystems and Biodiversity: Ecological and Economic Foundations,2011,article,1392,1985,26,0.7012594458438287,first,Economics and Econometrics,Economic and Environmental Valuation,1,18,10,213
https://openalex.org/A5070017528,Pablo Andrés Neumeyer,https://openalex.org/W3125708217,Business cycles in emerging economies: the role of interest rates,2005,article,1315,1985,30,0.6624685138539043,first,Finance,Global Financial Crisis and Policies,2,19,16,309
https://openalex.org/A5040497882,Mark Skidmore,https://openalex.org/W2049410267,DO NATURAL DISASTERS PROMOTE LONG‐RUN GROWTH?,2002,article,1019,1977,60,0.5154274152756702,first,Economics and Econometrics,Insurance and Financial Risk Management,2,8,6,257
https://openalex.org/A5037257102,Steven W. Kohlhagen,https://openalex.org/W2008556354,Foreign currency option values,1983,article,1106,1968,16,0.5619918699186992,last,Finance,Stochastic processes and financial applications,2,15,13,862
https://openalex.org/A5014111135,Diána Ürge-Vorsatz,https://openalex.org/W2515423874,"Carbon Lock-In: Types, Causes, and Policy Implications",2016,article,1153,1967,14,0.5861718352821556,last,Economics and Econometrics,Climate Change Policy and Economics,6,10,9,300
https://openalex.org/A5050922413,Laurence van Lent,https://openalex.org/W4322624932,Firm‐Level Climate Change Exposure,2023,article,1044,1963,25,0.5318390219052471,middle,Economics and Econometrics,Market Dynamics and Volatility,4,20,17,446
https://openalex.org/A5054968073,Iain Chalmers,https://openalex.org/W2044591801,How to increase value and reduce waste when research priorities are set,2014,article,1460,1961,14,0.744518103008669,first,Economics and Econometrics,"Health Systems, Economic Evaluations, Quality of Life",9,7,4,248
https://openalex.org/A5081226375,Angelos T. Vouldis,https://openalex.org/W3122861456,"Macroeconomic and bank-specific determinants of non-performing loans in Greece: A comparative study of mortgage, business and consumer loan portfolios",2011,article,1100,1961,42,0.5609382967873534,middle,Finance,"Banking stability, regulation, efficiency",3,10,6,408
https://openalex.org/A5019537055,Paula Diehr,https://openalex.org/W2034092396,Reproducibility and responsiveness of health status measures statistics and strategies for evaluation,1991,article,1385,1958,15,0.7073544433094995,middle,Economics and Econometrics,"Health Systems, Economic Evaluations, Quality of Life",3,4,3,350
https://openalex.org/A5104356597,Arthur F. Burns,https://openalex.org/W3121343633,Measuring Business Cycles,1947,article,1524,1946,130,0.7831449126413155,middle,Economics and Econometrics,German Economic Analysis & Policies,3,21,8,127
https://openalex.org/A5000195346,Arthur J. Hosios,https://openalex.org/W1963884123,On the Efficiency of Matching and Related Models of Search and Unemployment,1990,article,1566,1932,19,0.8105590062111802,first,Economics and Econometrics,Economic theories and models,1,7,6,125
https://openalex.org/A5084612369,Andrew Foster,https://openalex.org/W2117834723,Microeconomics of Technology Adoption,2010,article,986,1928,14,0.5114107883817427,first,Economics and Econometrics,Economic Growth and Productivity,2,9,7,938
https://openalex.org/A5052110450,Thomas Ho,https://openalex.org/W2025268472,Optimal dealer pricing under transactions and return uncertainty,1981,article,1434,1927,9,0.7441619097042034,first,Finance,Financial Markets and Investment Strategies,2,4,3,118
https://openalex.org/A5057946216,Karen C. Seto,https://openalex.org/W2515423874,"Carbon Lock-In: Types, Causes, and Policy Implications",2016,article,1153,1909,12,0.6039811419591409,first,Economics and Econometrics,Climate Change Policy and Economics,6,6,4,291
https://openalex.org/A5084105623,Domenico Siniscalco,https://openalex.org/W2021771057,Strategies for the international protection of the environment,1993,article,1224,1908,21,0.6415094339622641,last,Economics and Econometrics,Climate Change Policy and Economics,2,6,5,195
https://openalex.org/A5047367793,G Rose,https://openalex.org/W3110805540,Medical Research Council trial of treatment of hypertension in older adults: principal results.,1992,article,1366,1906,8,0.7166841552990556,middle,Economics and Econometrics,"Health Systems, Economic Evaluations, Quality of Life",9,6,6,540
https://openalex.org/A5103328114,Theodore Groves,https://openalex.org/W2168041685,Incentive and informational properties of preference questions,2007,article,1322,1905,19,0.6939632545931759,last,Economics and Econometrics,Economic and Environmental Valuation,2,15,14,338
https://openalex.org/A5111453772,Nemat Shafik,https://openalex.org/W1799105982,Economic Development and Environmental Quality: An Econometric Analysis,1994,article,1631,1891,12,0.8625066102591221,first,Economics and Econometrics,"Energy, Environment, Economic Growth",1,6,6,172
https://openalex.org/A5017204458,Caroline Hoxby,https://openalex.org/W3124133911,Does Competition Among Public Schools Benefit Students and Taxpayers?,2000,article,1101,1891,22,0.5822316234796404,first,Economics and Econometrics,Fiscal Policy and Economic Growth,1,4,3,192
https://openalex.org/A5046113882,Michael P. Todaro,https://openalex.org/W2738961244,Pembangunan Ekonomi di Dunia Ketiga,2000,article,1024,1889,41,0.5420857596611964,first,Economics and Econometrics,Economic Growth and Fiscal Policies,1,22,16,460
https://openalex.org/A5053504813,Carolin Pflueger,https://openalex.org/W2147146578,A Robust Test for Weak Instruments,2013,article,1079,1887,45,0.5718071012188659,last,"General Economics, Econometrics and Finance",Monetary Policy and Economic Impact,2,5,3,101
https://openalex.org/A5087535559,Zili Yang,https://openalex.org/W1506643520,A Regional Dynamic General-Equilibrium Model of Alternative Climate-Change Strategies,2016,article,1111,1886,29,0.5890774125132555,last,Economics and Econometrics,Climate Change Policy and Economics,2,17,17,485
https://openalex.org/A5022353147,Spyros Makridakis,https://openalex.org/W2582336686,The forthcoming Artificial Intelligence (AI) revolution: Its impact on society and firms,2017,article,1747,1884,11,0.9272823779193206,first,Economics and Econometrics,Economic and Technological Innovation,1,4,4,122
https://openalex.org/A5046997463,Fallaw Sowell,https://openalex.org/W2077655468,Maximum likelihood estimation of stationary univariate fractionally integrated time series models,1992,article,1062,1882,11,0.5642933049946866,first,Finance,Financial Risk and Volatility Modeling,1,3,3,247
https://openalex.org/A5046790571,Charles T. Clotfelter,https://openalex.org/W2144817955,Tax Evasion and Tax Rates: An Analysis of Individual Returns,1983,article,991,1882,36,0.526567481402763,first,Economics and Econometrics,Taxation and Compliance Studies,1,12,12,773
https://openalex.org/A5113576263,Albert K. Tsui,https://openalex.org/W2079898209,A Multivariate Generalized Autoregressive Conditional Heteroscedasticity Model With Time-Varying Correlations,2002,article,1215,1871,47,0.6493853554249065,last,Finance,Financial Risk and Volatility Modeling,2,9,7,274
https://openalex.org/A5059264917,Peng Gong,https://openalex.org/W2163117137,Urbanisation and health in China,2012,article,1201,1868,13,0.642933618843683,first,Finance,Healthcare Systems and Reforms,7,5,5,389
https://openalex.org/A5026088587,John M. Bates,https://openalex.org/W2115431970,The environmental Kuznets curve: an empirical analysis,1997,article,1042,1868,12,0.5578158458244111,last,Economics and Econometrics,"Energy, Environment, Economic Growth",3,11,8,826
https://openalex.org/A5067424618,John Eyles,https://openalex.org/W2123458876,Deliberations about deliberative methods: issues in the design and evaluation of public participation processes,2003,review,980,1867,23,0.5249062667380825,middle,Economics and Econometrics,Economic and Environmental Valuation,6,15,9,284
https://openalex.org/A5047247329,Vadym Volosovych,https://openalex.org/W2132696046,Why Doesn't Capital Flow from Rich to Poor Countries? An Empirical Investigation,2008,article,1000,1864,26,0.5364806866952789,last,Finance,Global Financial Crisis and Policies,3,7,7,126
https://openalex.org/A5037962814,Adeline Delavande,https://openalex.org/W2032698104,Monetary Costs of Dementia in the United States,2013,article,1451,1863,9,0.7788513150831992,middle,Economics and Econometrics,"Health Systems, Economic Evaluations, Quality of Life",5,4,4,329
https://openalex.org/A5109814423,Amit Bhaduri,https://openalex.org/W1841221189,Unemployment and the real wage: the economic basis for contesting political ideologies,1990,article,1157,1860,75,0.6220430107526882,first,"General Economics, Econometrics and Finance",Economic Theory and Policy,2,19,11,155
https://openalex.org/A5070735698,Karoline S. Rogge,https://openalex.org/W2363378650,Policy mixes for sustainability transitions: An extended concept and framework for analysis,2016,article,1290,1857,29,0.6946688206785138,first,Economics and Econometrics,Innovation Policy and R&D,2,16,15,452
https://openalex.org/A5023061032,Si Cheng,https://openalex.org/W3199715721,Sustainable investing with ESG rating uncertainty,2021,article,1124,1854,30,0.6062567421790723,middle,Finance,Financial Markets and Investment Strategies,4,22,19,479
https://openalex.org/A5088496584,William B. Gartner,https://openalex.org/W2103517926,Arriving at the high-growth firm,2003,article,1440,1850,6,0.7783783783783784,last,Economics and Econometrics,Firm Innovation and Growth,3,4,4,367
https://openalex.org/A5062396467,Michael P. Murray,https://openalex.org/W2109437759,Avoiding Invalid Instruments and Coping with Weak Instruments,2006,article,1101,1840,33,0.5983695652173913,first,"General Economics, Econometrics and Finance",Monetary Policy and Economic Impact,1,25,20,631
https://openalex.org/A5034168264,David Reeves,https://openalex.org/W2111366073,Regression based quasi-experimental approach when randomisation is not an option: interrupted time series analysis,2015,article,1002,1840,18,0.5445652173913044,last,Economics and Econometrics,Healthcare Policy and Management,5,14,10,772
https://openalex.org/A5049258946,E Swyngedouw,https://openalex.org/W2031597838,Neoliberal Urbanization in Europe: Large–Scale Urban Development Projects and the New Urban Policy,2002,article,1051,1833,74,0.5733769776322968,first,Finance,"Housing, Finance, and Neoliberalism",3,43,13,244
https://openalex.org/A5110540325,Salih N. Neftçi,https://openalex.org/W2155083623,Are Economic Time Series Asymmetric over the Business Cycle?,1984,article,944,1828,52,0.5164113785557987,first,Economics and Econometrics,Complex Systems and Time Series Analysis,1,9,8,327
https://openalex.org/A5061864853,Catherine Beaudry,https://openalex.org/W2164320561,"Who's right, Marshall or Jacobs? The localization versus urbanization debate",2008,article,943,1828,26,0.5158643326039387,first,Economics and Econometrics,Regional Economics and Spatial Analysis,2,7,5,548
https://openalex.org/A5034509521,John H. Aldrich,https://openalex.org/W2037668165,Rational Choice and Turnout,1993,article,1218,1827,16,0.6666666666666666,first,Economics and Econometrics,Game Theory and Voting Systems,1,7,6,581
https://openalex.org/A5075195905,David A. Waldman,https://openalex.org/W3125283871,Assessing the impact of organizational practices on the relative productivity of university technology transfer offices: an exploratory study,2002,article,1666,1825,7,0.9128767123287671,middle,Economics and Econometrics,Innovation Policy and R&D,3,4,3,148
https://openalex.org/A5062863205,José Leal,https://openalex.org/W2077299691,Economic burden of cancer across the European Union: a population-based cost analysis,2013,article,1002,1823,39,0.5496434448710916,middle,Economics and Econometrics,Economic and Financial Impacts of Cancer,4,5,5,161
https://openalex.org/A5111423208,Axel A. Weber,https://openalex.org/W2020046435,Exchange Market Mayhem: The Antecedents and Aftermath of Speculative Attacks,1995,article,1226,1821,44,0.6732564524986271,last,Finance,Global Financial Crisis and Policies,5,16,13,286
https://openalex.org/A5005568514,Rob Vos,https://openalex.org/W3046728009,COVID-19 risks to global food security,2020,article,1135,1820,44,0.6236263736263736,last,Economics and Econometrics,COVID-19 Pandemic Impacts,4,34,21,150
https://openalex.org/A5077727319,H. D. Dickinson,https://openalex.org/W2041909722,The Economic Theory of `Managerial' Capitalism.,1964,article,966,1820,14,0.5307692307692308,first,Economics and Econometrics,Economic Theory and Institutions,2,10,6,808
https://openalex.org/A5020341649,Michael L. Bognanno,https://openalex.org/W2003397748,The Winner's Curse: Paradoxes and Anomalies of Economic Life.,1993,article,959,1820,8,0.5269230769230769,first,Finance,Financial Markets and Investment Strategies,2,3,3,808
https://openalex.org/A5006245814,Jason Dedrick,https://openalex.org/W2003939026,Information technology and economic performance,2003,review,954,1818,21,0.5247524752475248,first,Economics and Econometrics,Economic Growth and Productivity,3,11,8,187
https://openalex.org/A5110310263,Molla S. Donaldson,https://openalex.org/W2416991732,COMMITTEE ON QUALITY OF HEALTH CARE IN AMERICA,2000,article,1510,1814,19,0.8324145534729879,last,Economics and Econometrics,Healthcare Policy and Management,3,12,6,130
https://openalex.org/A5064971466,Eric Friedman,https://openalex.org/W3122162706,Dodging the grabbing hand: the determinants of unofficial activity in 69 countries,2000,article,1372,1813,26,0.7567567567567568,first,Economics and Econometrics,Taxation and Compliance Studies,4,13,10,254
https://openalex.org/A5070499020,Sanjoy Basu,https://openalex.org/W2101755808,"The relationship between earnings' yield, market value and return for NYSE common stocks",1983,article,1681,1812,6,0.9277041942604857,first,Finance,Financial Markets and Investment Strategies,1,5,5,131
https://openalex.org/A5075944192,Helen Mogun,https://openalex.org/W2168558795,Risk of Death in Elderly Users of Conventional vs. Atypical Antipsychotic Medications,2005,article,954,1810,6,0.5270718232044199,middle,Economics and Econometrics,"Health Systems, Economic Evaluations, Quality of Life",7,3,3,726
https://openalex.org/A5027794751,Richard Harris,https://openalex.org/W2463137592,Evicted. Poverty and profit in the American city,2016,article,1447,1809,42,0.7998894416804865,first,Finance,"Housing, Finance, and Neoliberalism",1,31,19,332
https://openalex.org/A5028572192,Zheming Yan,https://openalex.org/W2951037906,Do green technology innovations contribute to carbon dioxide emission reduction? Empirical evidence from patent data,2019,article,930,1807,17,0.5146651909241837,last,Economics and Econometrics,"Energy, Environment, Economic Growth",3,4,3,186
https://openalex.org/A5088641726,Tanmoy K. Mukherjee,https://openalex.org/W4256240690,Did Securitization Lead to Lax Screening? Evidence from Subprime Loans<sup>*</sup>,2010,article,1114,1803,6,0.617859123682751,middle,Finance,"Banking stability, regulation, efficiency",4,5,5,689
https://openalex.org/A5015216742,William Marshall,https://openalex.org/W1981719767,"The Industrial Organization of Congress; or, Why Legislatures, Like Firms, Are Not Organized as Markets",1988,article,1538,1799,24,0.8549193996664813,last,Economics and Econometrics,"Law, Economics, and Judicial Systems",2,21,19,245
https://openalex.org/A5069619354,John G. Gurley,https://openalex.org/W2070066727,A Program for Monetary Stability,1961,article,1199,1799,26,0.6664813785436353,first,"General Economics, Econometrics and Finance",Economic Theory and Policy,2,14,8,204
https://openalex.org/A5087249367,J. F. C. Kingmán,https://openalex.org/W2131802419,Brownian Motion and Stochastic Flow Systems.,1987,article,1128,1794,5,0.6287625418060201,first,Finance,Stochastic processes and financial applications,2,3,3,665
https://openalex.org/A5051392110,Mariacristina De Nardi,https://openalex.org/W3125344093,"Entrepreneurship, Frictions, and Wealth",2006,article,933,1793,35,0.5203569436698271,last,Economics and Econometrics,Economic theories and models,2,7,6,221
https://openalex.org/A5044375482,Karin Groothuis‐Oudshoorn,https://openalex.org/W2367707061,Statistical Methods for the Analysis of Discrete Choice Experiments: A Report of the ISPOR Conjoint Analysis Good Research Practices Task Force,2016,article,1255,1791,49,0.7007258514796203,middle,Economics and Econometrics,Economic and Environmental Valuation,8,17,12,187
https://openalex.org/A5009676824,Nicholas Sim,https://openalex.org/W1992041523,"Oil prices, US stock return, and the dependence between their quantiles",2015,article,1284,1787,35,0.7185226636821489,first,Economics and Econometrics,Market Dynamics and Volatility,2,18,12,249
https://openalex.org/A5033089179,William Weber,https://openalex.org/W1977085103,Characteristics of a polluting technology: theory and practice,2004,article,916,1786,48,0.5128779395296752,last,Economics and Econometrics,Fiscal Policy and Economic Growth,4,19,13,350
https://openalex.org/A5076285729,Timothy S. Carey,https://openalex.org/W1979640865,Impact Of Socioeconomic Status On Hospital Use In New York City,1993,article,976,1778,29,0.5489313835770528,middle,Economics and Econometrics,Healthcare Policy and Management,6,4,4,151
https://openalex.org/A5110834966,Michael A. Hitt,https://openalex.org/W2066729912,Navigating in the new competitive landscape: Building strategic flexibility and competitive advantage in the 21st century,1998,article,1125,1772,12,0.6348758465011287,first,Economics and Econometrics,Regional Development and Management Studies,3,9,8,619
https://openalex.org/A5035185782,Michael S. Piwowar,https://openalex.org/W2073552074,Corporate Bond Market Transaction Costs and Transparency,2007,article,986,1771,7,0.5567476002258611,last,Finance,Financial Markets and Investment Strategies,3,5,5,675
https://openalex.org/A5056511273,Partha Dasgupta,https://openalex.org/W2297625552,Economic Theory and Exhaustible Resources,1981,article,1465,1768,9,0.8286199095022625,middle,Economics and Econometrics,Economic theories and models,3,4,3,177
https://openalex.org/A5040749193,Eugene F. Brigham,https://openalex.org/W4246821137,Fundamentals of Financial Management.,1979,article,1297,1766,25,0.7344280860702151,last,Economics and Econometrics,Insurance and Financial Risk Management,2,22,14,461
https://openalex.org/A5027585706,Matthew Plosser,https://openalex.org/W2943908192,The Role of Technology in Mortgage Lending,2019,article,1010,1761,44,0.5735377626348666,middle,Economics and Econometrics,Housing Market and Economics,4,30,20,405
https://openalex.org/A5027113543,Yong Ge,https://openalex.org/W3024110832,An optimal parameters-based geographical detector model enhances geographic characteristics of explanatory variables for spatial heterogeneity analysis: cases with different types of spatial data,2020,article,1095,1755,19,0.6239316239316239,middle,Economics and Econometrics,Spatial and Panel Data Analysis,4,8,8,521
https://openalex.org/A5065907091,Matthew Pritsker,https://openalex.org/W2166422272,A Rational Expectations Model of Financial Contagion,2002,article,1085,1754,19,0.6185860889395667,last,Finance,Financial Markets and Investment Strategies,2,6,6,308
https://openalex.org/A5111371873,Jean Château,https://openalex.org/W793980422,Long-term economic growth projections in the Shared Socioeconomic Pathways,2015,article,899,1738,60,0.5172612197928653,middle,Economics and Econometrics,Economic Growth and Productivity,4,38,25,598
https://openalex.org/A5003763829,Ekaterina Zhuravskaya,https://openalex.org/W3121788486,Does Arbitrage Flatten Demand Curves for Stocks?,2002,article,925,1736,20,0.5328341013824884,last,Finance,Financial Markets and Investment Strategies,2,5,5,250
https://openalex.org/A5103094367,David C. Webb,https://openalex.org/W2083335474,Too Much Investment: A Problem of Asymmetric Information,1987,article,901,1733,31,0.5199076745527986,last,Finance,"Banking stability, regulation, efficiency",2,5,5,125
https://openalex.org/A5057006509,I. Rodriguez‐Iturbe,https://openalex.org/W1963897110,<i>Fractal River Basins: Chance and Self-Organization</i>,1998,article,971,1732,13,0.5606235565819861,first,Economics and Econometrics,Complex Systems and Time Series Analysis,3,8,8,560
https://openalex.org/A5055690452,E. Wayne Nafziger,https://openalex.org/W2992481041,"Entrepreneurship, Social Mobility, and Income Redistribution in South India",2016,article,1537,1730,13,0.8884393063583815,first,Economics and Econometrics,Indian Economic and Social Development,1,12,6,193
https://openalex.org/A5043124222,James W. Angell,https://openalex.org/W2008134822,"Interregional and International Trade, <i>by Bertil Ohlin</i>",1934,article,1355,1729,60,0.78368999421631,first,"General Economics, Econometrics and Finance",Global trade and economics,1,30,18,161
https://openalex.org/A5003046218,Sanjeev Dewan,https://openalex.org/W2148728397,Information Technology and Productivity: Evidence from Country-Level Data,2000,article,883,1727,7,0.5112912565141865,first,Economics and Econometrics,Economic Growth and Productivity,2,4,4,585
https://openalex.org/A5073549032,Albert Jaeger,https://openalex.org/W2151162832,"Detrending, stylized facts and the business cycle",1993,article,1199,1726,38,0.6946697566628042,last,"General Economics, Econometrics and Finance",Monetary Policy and Economic Impact,2,16,8,112
https://openalex.org/A5059936951,David J. Denis,https://openalex.org/W3121973884,"The choice among bank debt, non-bank private debt, and public debt: evidence from new corporate borrowings",2003,article,1022,1725,12,0.592463768115942,first,Finance,"Banking stability, regulation, efficiency",2,7,4,230
https://openalex.org/A5110306700,Gunnar S. Eskeland,https://openalex.org/W3125166879,Moving to greener pastures? Multinationals and the pollution haven hypothesis,2003,article,1196,1724,31,0.6937354988399071,first,Economics and Econometrics,"Energy, Environment, Economic Growth",2,11,10,209
https://openalex.org/A5059006444,Ronald B. Mitchell,https://openalex.org/W2515423874,"Carbon Lock-In: Types, Causes, and Policy Implications",2016,article,1153,1721,16,0.6699593259732713,middle,Economics and Econometrics,Climate Change Policy and Economics,6,15,7,568
https://openalex.org/A5072458317,Danlin Yu,https://openalex.org/W2591877092,Urban agglomeration: An evolving concept of an emerging phenomenon,2017,article,941,1719,29,0.5474112856311809,last,Economics and Econometrics,Regional Economics and Spatial Analysis,2,17,15,565
https://openalex.org/A5105084872,Christopher Hood,https://openalex.org/W2017699874,WHAT’S MEASURED IS WHAT MATTERS: TARGETS AND GAMING IN THE ENGLISH PUBLIC HEALTH CARE SYSTEM,2006,article,1493,1717,16,0.8695398951659872,last,Economics and Econometrics,Healthcare Policy and Management,2,10,8,194
https://openalex.org/A5008314810,David Gowland,https://openalex.org/W4308477980,Lectures on Macroeconomics.,1990,article,1263,1716,18,0.736013986013986,first,Economics and Econometrics,Fiscal Policies and Political Economy,3,9,6,247
https://openalex.org/A5109267800,Cynthia A. Montgomery,https://openalex.org/W1974998909,"Diversification, Ricardian Rents, and Tobin's q",1988,article,936,1716,8,0.5454545454545454,first,Economics and Econometrics,Merger and Competition Analysis,2,3,3,371
https://openalex.org/A5023976613,Aaron A. Stinnett,https://openalex.org/W3122426397,Net Health Benefits,1998,article,1098,1715,9,0.6402332361516035,first,Economics and Econometrics,"Health Systems, Economic Evaluations, Quality of Life",2,4,4,303
https://openalex.org/A5072988684,Michael A. Webb,https://openalex.org/W2750722266,Are Ideas Getting Harder to Find?,2020,article,865,1714,25,0.5046674445740957,last,Economics and Econometrics,Economic Growth and Productivity,4,22,15,785
https://openalex.org/A5010547392,Carlos F. Díaz-Alejandro,https://openalex.org/W2046201269,"Good-bye financial repression, hello financial crash",1985,article,1148,1711,24,0.6709526592635885,first,"General Economics, Econometrics and Finance",Economic Theory and Policy,1,20,12,562
https://openalex.org/A5049490687,Marco Cagetti,https://openalex.org/W3125344093,"Entrepreneurship, Frictions, and Wealth",2006,article,933,1711,19,0.5452951490356517,first,Economics and Econometrics,Economic theories and models,2,8,7,423
https://openalex.org/A5048286039,Robert S. Hamada,https://openalex.org/W2124224757,THE EFFECT OF THE FIRM'S CAPITAL STRUCTURE ON THE SYSTEMATIC RISK OF COMMON STOCKS,1972,article,1073,1710,14,0.6274853801169591,first,Finance,Financial Markets and Investment Strategies,1,3,3,615
https://openalex.org/A5027372037,Stephen G. Timme,https://openalex.org/W2046327335,"The efficiency of financial institutions: A review and preview of research past, present and future",1993,review,967,1708,25,0.5661592505854801,last,Finance,"Banking stability, regulation, efficiency",3,22,13,741
https://openalex.org/A5066743336,Laura Bottazzi,https://openalex.org/W3124008157,Innovation and spillovers in regions: Evidence from European patent data,2002,article,919,1708,33,0.538056206088993,first,Economics and Econometrics,Economic Growth and Productivity,2,14,12,345
https://openalex.org/A5033517207,Bryan Caplan,https://openalex.org/W1504433434,The myth of the rational voter: why democracies choose bad policies,2007,article,952,1707,31,0.5577035735207967,first,"General Economics, Econometrics and Finance",Economic Theory and Policy,1,19,19,727
https://openalex.org/A5054912716,Andy McKay,https://openalex.org/W1977162143,Trade Liberalization and Poverty: The Evidence So Far,2004,article,1075,1706,33,0.6301289566236812,last,"General Economics, Econometrics and Finance",Global trade and economics,3,16,13,342
https://openalex.org/A5083072371,Duane Chapman,https://openalex.org/W2130262509,"Economic growth, trade and energy: implications for the environmental Kuznets curve",1998,article,978,1705,56,0.5736070381231672,last,Economics and Econometrics,"Energy, Environment, Economic Growth",2,36,20,137
https://openalex.org/A5067934665,Michael S. Fogarty,https://openalex.org/W2083860273,Knowledge Spillovers and Patent Citations: Evidence from a Survey of Inventors,2000,article,905,1705,14,0.530791788856305,last,Economics and Econometrics,Economic Growth and Productivity,3,11,10,710
https://openalex.org/A5111210452,Claudio E. Montenegro,https://openalex.org/W2147506301,New Estimates for the Shadow Economies all over the World,2010,article,877,1705,24,0.5143695014662757,last,Economics and Econometrics,Taxation and Compliance Studies,3,14,12,709
https://openalex.org/A5077795907,Susanne Prantl,https://openalex.org/W3122725256,The Effects of Entry on Incumbent Innovation and Productivity,2009,article,1028,1704,24,0.6032863849765259,last,Economics and Econometrics,Firm Innovation and Growth,5,14,10,401
https://openalex.org/A5007503392,Frank Moulaert,https://openalex.org/W2031597838,Neoliberal Urbanization in Europe: Large–Scale Urban Development Projects and the New Urban Policy,2002,article,1051,1697,36,0.6193282262816735,middle,Finance,"Housing, Finance, and Neoliberalism",3,22,12,213
https://openalex.org/A5029134161,Jacques Bughin,https://openalex.org/W2584164347,"A future that works: automation, employment, and productivity",2017,article,907,1697,47,0.5344725987035945,middle,Economics and Econometrics,Labor market dynamics and wage inequality,7,29,18,415
https://openalex.org/A5036990987,Ramón Luengo-Fernández,https://openalex.org/W2077299691,Economic burden of cancer across the European Union: a population-based cost analysis,2013,article,1002,1696,21,0.5908018867924528,first,Economics and Econometrics,Economic and Financial Impacts of Cancer,4,10,7,408
https://openalex.org/A5019215264,Peter Quartey,https://openalex.org/W1960228123,Issues in SME development in Ghana and South Africa,2010,article,899,1696,21,0.5300707547169812,last,Economics and Econometrics,Firm Innovation and Growth,2,5,5,455
https://openalex.org/A5003040620,Lior Strahilevitz,https://openalex.org/W2977708908,The Wealth of Networks: How Social Production Transforms Markets and Freedom,2007,article,933,1693,11,0.5510927347903131,first,Economics and Econometrics,Economic Theory and Institutions,2,6,5,462
https://openalex.org/A5109269600,Robert E. Carpenter,https://openalex.org/W2177947568,Is the Growth of Small Firms Constrained by Internal Finance?,2002,article,1106,1692,22,0.6536643026004728,first,Economics and Econometrics,Firm Innovation and Growth,2,9,8,537
https://openalex.org/A5065028660,Richard N. Rosett,https://openalex.org/W2046712495,The Random Character of Stock Market Prices,1968,article,931,1692,15,0.5502364066193853,first,Economics and Econometrics,Complex Systems and Time Series Analysis,2,4,3,208
https://openalex.org/A5043594157,L. J. Wei,https://openalex.org/W2120579447,On the C‐statistics for evaluating overall adequacy of risk prediction procedures with censored survival data,2011,article,1437,1690,8,0.8502958579881656,last,Economics and Econometrics,"Health Systems, Economic Evaluations, Quality of Life",5,4,4,169
https://openalex.org/A5085371715,Vedat Akgiray,https://openalex.org/W2003626215,Conditional Heteroscedasticity in Time Series of Stock Returns: Evidence and Forecasts,1989,article,860,1690,17,0.5088757396449705,first,Finance,Financial Risk and Volatility Modeling,1,6,6,580
https://openalex.org/A5100443066,Zhe Zhang,https://openalex.org/W3122389145,Institutional Investors and Equity Returns: Are Short-term Institutions Better Informed?,2007,article,926,1687,27,0.5489033787788975,last,Finance,Financial Markets and Investment Strategies,2,4,3,622
https://openalex.org/A5052500610,Philip Oreopoulos,https://openalex.org/W2075427517,The Short- and Long-Term Career Effects of Graduating in a Recession,2012,article,1252,1682,10,0.7443519619500595,first,Economics and Econometrics,Labor market dynamics and wage inequality,3,9,8,430
https://openalex.org/A5002745800,Samuel Cohn,https://openalex.org/W2027736991,Myth and Measurement: The New Economics of the Minimum Wage.,1996,article,1330,1679,28,0.7921381774865992,first,Economics and Econometrics,Labor market dynamics and wage inequality,3,8,6,162
https://openalex.org/A5090435894,Hagop M. Kantarjian,https://openalex.org/W2783091042,The financial burden and distress of patients with cancer: Understanding and stepping‐up action on the financial toxicity of cancer treatment,2018,review,842,1679,26,0.5014889815366289,middle,Economics and Econometrics,Economic and Financial Impacts of Cancer,3,17,13,709
https://openalex.org/A5050038093,Paola Subacchi,https://openalex.org/W2971899496,Crashed: how a decade of financial crises changed the world,2019,article,1077,1673,37,0.643753735803945,first,Finance,"Housing, Finance, and Neoliberalism",1,32,23,320
https://openalex.org/A5003862406,Vera E. Troeger,https://openalex.org/W2118086305,Efficient Estimation of Time-Invariant and Rarely Changing Variables in Finite Sample Panel Analyses with Unit Fixed Effects,2007,article,901,1672,20,0.5388755980861244,last,Economics and Econometrics,Spatial and Panel Data Analysis,2,9,8,385
https://openalex.org/A5069800886,Blanca Sánchez-Robles,https://openalex.org/W3123393912,"Foreign direct investment, economic freedom and growth: new evidence from Latin America",2003,article,896,1668,52,0.5371702637889688,last,Economics and Econometrics,Fiscal Policy and Economic Growth,2,19,12,407
https://openalex.org/A5111589200,M. FG. Scott,https://openalex.org/W1990268528,Intra-Industry Trade: The Theory and Measurement of International Trade in Differentiated Products.,1975,article,1151,1667,22,0.6904619076184763,first,"General Economics, Econometrics and Finance",Global trade and economics,3,14,11,411
https://openalex.org/A5069936099,Brendan M. Price,https://openalex.org/W2162670720,Import Competition and the Great US Employment Sag of the 2000s,2015,article,1070,1664,13,0.6430288461538461,last,"General Economics, Econometrics and Finance",Global trade and economics,5,3,3,369
https://openalex.org/A5026548376,Joseph Amankwah‐Amoah,https://openalex.org/W3191826040,COVID-19 and digitalization: The great acceleration,2021,article,860,1664,37,0.5168269230769231,first,Economics and Econometrics,COVID-19 Pandemic Impacts,4,24,11,603
https://openalex.org/A5052308665,James G. Kahn,https://openalex.org/W2133104890,Thresholds for the cost–effectiveness of interventions: alternative approaches,2014,article,854,1660,38,0.5144578313253012,middle,Economics and Econometrics,"Health Systems, Economic Evaluations, Quality of Life",5,14,9,411
https://openalex.org/A5110627323,Daniel M. Blumenthal,https://openalex.org/W2563170828,Comparison of Hospital Mortality and Readmission Rates for Medicare Patients Treated by Male vs Female Physicians,2016,article,1043,1659,14,0.6286919831223629,middle,Economics and Econometrics,Healthcare Policy and Management,6,4,4,303
https://openalex.org/A5059334999,Silvia Miranda‐Agrippino,https://openalex.org/W3121758494,U.S. Monetary Policy and the Global Financial Cycle,2020,article,937,1659,24,0.564798071127185,first,Finance,Global Financial Crisis and Policies,2,11,11,492
https://openalex.org/A5015941699,Keming Yu,https://openalex.org/W2422477401,"The effects of FDI, economic growth and energy consumption on carbon emissions in ASEAN-5: Evidence from panel quantile regression",2016,article,895,1659,27,0.5394816154309825,last,Economics and Econometrics,"Energy, Environment, Economic Growth",4,15,10,498
https://openalex.org/A5033324847,Richard W. McEnally,https://openalex.org/W2107539208,"The Performance of Hedge Funds: Risk, Return, and Incentives",1999,article,1152,1657,24,0.6952323476161738,middle,Finance,Financial Markets and Investment Strategies,3,23,18,505
https://openalex.org/A5083033987,Jörg Heining,https://openalex.org/W2141295263,Workplace Heterogeneity and the Rise of West German Wage Inequality*,2013,article,1293,1656,24,0.7807971014492754,middle,Economics and Econometrics,Labor market dynamics and wage inequality,3,8,5,163
https://openalex.org/A5112627016,﻿Eric K. Clemons,https://openalex.org/W2105823940,Sustaining IT Advantage: The Role of Structural Differences,1991,article,921,1651,32,0.5578437310720775,first,Economics and Econometrics,Economic Growth and Productivity,2,8,6,324
https://openalex.org/A5064000278,Jesper Lund,https://openalex.org/W2133334225,An Empirical Investigation of Continuous‐Time Equity Return Models,2002,article,935,1645,11,0.5683890577507599,last,Finance,Stochastic processes and financial applications,3,6,5,651
https://openalex.org/A5052729737,P. Geoffrey Allen,https://openalex.org/W3121785658,A Meta-analysis of Hypothetical Bias in Stated Preference Valuation,2005,article,1055,1639,26,0.6436851738865161,middle,Economics and Econometrics,Economic and Environmental Valuation,4,22,17,544
https://openalex.org/A5017403157,Jeroen Luyten,https://openalex.org/W3009999522,"Estimated Research and Development Investment Needed to Bring a New Medicine to Market, 2009-2018",2020,article,1421,1638,20,0.8675213675213675,last,Economics and Econometrics,Pharmaceutical Economics and Policy,3,7,6,158
https://openalex.org/A5078792522,Bruce A. Larson,https://openalex.org/W2133104890,Thresholds for the cost–effectiveness of interventions: alternative approaches,2014,article,854,1637,41,0.5216860109957239,middle,Economics and Econometrics,"Health Systems, Economic Evaluations, Quality of Life",5,37,31,746
https://openalex.org/A5057916281,Yuanyuan Cheng,https://openalex.org/W3139664526,"Environmental regulation, green technology innovation, and industrial structure upgrading: The road to the green transformation of Chinese cities",2021,article,1088,1633,6,0.6662584200857318,middle,Economics and Econometrics,"Energy, Environment, Economic Growth",3,3,3,415
https://openalex.org/A5110664770,R. S. McMillan,https://openalex.org/W3102009763,A Unified Framework for Measuring Preferences for Schools and Neighborhoods,2007,article,1011,1633,21,0.6191059399877527,last,Economics and Econometrics,Housing Market and Economics,3,6,6,111
https://openalex.org/A5035757057,Abdul Azeez Erumban,https://openalex.org/W1989104954,Slicing Up Global Value Chains,2014,article,935,1626,38,0.5750307503075031,middle,"General Economics, Econometrics and Finance",Global trade and economics,5,19,14,204
https://openalex.org/A5060813148,Kemal Derviş,https://openalex.org/W1988837501,General Equilibrium Models for Development Policy.,1983,article,1388,1625,18,0.8541538461538462,middle,"General Economics, Econometrics and Finance",Economic Theory and Policy,4,6,6,156
https://openalex.org/A5005339370,Vijay Gurbaxani,https://openalex.org/W2003939026,Information technology and economic performance,2003,review,954,1625,10,0.587076923076923,middle,Economics and Econometrics,Economic Growth and Productivity,3,3,3,129
https://openalex.org/A5063355456,R. H. Tawney,https://openalex.org/W2142734210,Legal Foundations of Capitalism.,1925,article,1149,1624,20,0.7075123152709359,first,Economics and Econometrics,Economic Theory and Institutions,2,6,5,299
https://openalex.org/A5064058512,Saikat Nandi,https://openalex.org/W3123686478,A Closed-Form GARCH Option Valuation Model,2000,article,972,1624,19,0.5985221674876847,last,Finance,Stochastic processes and financial applications,2,10,8,370
https://openalex.org/A5087656987,Jayendu Patel,https://openalex.org/W2028203519,"Hot Hands in Mutual Funds: Short‐Run Persistence of Relative Performance, 1974–1988",1993,article,1168,1620,14,0.7209876543209877,middle,Finance,Financial Markets and Investment Strategies,3,7,6,320
https://openalex.org/A5034917068,Charles E. Cunningham,https://openalex.org/W2367707061,Statistical Methods for the Analysis of Discrete Choice Experiments: A Report of the ISPOR Conjoint Analysis Good Research Practices Task Force,2016,article,1255,1619,13,0.7751698579369981,middle,Economics and Econometrics,Economic and Environmental Valuation,8,7,5,279
https://openalex.org/A5113940482,E. Helpman,https://openalex.org/W3125971667,Integration versus Outsourcing in Industry Equilibrium,2002,article,1020,1619,6,0.6300185299567634,last,Economics and Econometrics,Merger and Competition Analysis,2,3,3,525
https://openalex.org/A5111364180,Robert H. Bork,https://openalex.org/W2045367380,The Antitrust Paradox: A Policy at War with Itself,1979,article,830,1619,27,0.5126621371216801,last,Economics and Econometrics,Merger and Competition Analysis,2,17,16,627
https://openalex.org/A5006419852,Robert Lund,https://openalex.org/W205642069,Identification and Inference for Econometric Models: Essays in Honor of Thomas Rothenberg,2006,article,890,1618,37,0.5500618046971569,first,"General Economics, Econometrics and Finance",Monetary Policy and Economic Impact,1,11,11,287
https://openalex.org/A5113523709,Dan R. Dalton,https://openalex.org/W2106782469,Meta‐analyses of post‐acquisition performance: indications of unidentified moderators,2003,article,1348,1617,13,0.8336425479282622,middle,Economics and Econometrics,Firm Innovation and Growth,4,11,10,269
https://openalex.org/A5086360542,Mark Britten‐Jones,https://openalex.org/W2084931349,"Option Prices, Implied Price Processes, and Stochastic Volatility",2000,article,995,1615,24,0.6160990712074303,first,Finance,Stochastic processes and financial applications,2,22,9,557
https://openalex.org/A5072170627,Jack Bao,https://openalex.org/W2162009965,The Illiquidity of Corporate Bonds,2011,article,1039,1610,25,0.6453416149068323,first,Finance,Credit Risk and Financial Regulations,3,4,4,132
https://openalex.org/A5055157793,James Manyika,https://openalex.org/W2584164347,"A future that works: automation, employment, and productivity",2017,article,907,1609,11,0.5637041640770665,first,Economics and Econometrics,Labor market dynamics and wage inequality,7,5,5,154
https://openalex.org/A5059157161,Enrico Berkes,https://openalex.org/W650025864,Too much finance?,2015,article,1062,1599,21,0.6641651031894934,middle,Finance,"Banking stability, regulation, efficiency",3,7,5,345
https://openalex.org/A5113615545,Talat Mahmood,https://openalex.org/W2075979941,New Firm Survival: New Results Using a Hazard Function,1995,article,962,1591,17,0.6046511627906976,last,Economics and Econometrics,Firm Innovation and Growth,2,10,7,510
https://openalex.org/A5025296355,Eldon Spackman,https://openalex.org/W166560170,Methods for the estimation of the National Institute for Health and Care Excellence cost-effectiveness threshold,2015,article,842,1591,41,0.5292269013199246,middle,Economics and Econometrics,"Health Systems, Economic Evaluations, Quality of Life",9,14,11,395
https://openalex.org/A5065865699,Yongze Song,https://openalex.org/W3024110832,An optimal parameters-based geographical detector model enhances geographic characteristics of explanatory variables for spatial heterogeneity analysis: cases with different types of spatial data,2020,article,1095,1586,23,0.6904161412358134,first,Economics and Econometrics,Spatial and Panel Data Analysis,4,4,3,113
https://openalex.org/A5089081986,Jean‐Louis Arcand,https://openalex.org/W650025864,Too much finance?,2015,article,1062,1586,45,0.669609079445145,first,Finance,"Banking stability, regulation, efficiency",3,35,18,457
https://openalex.org/A5018597378,Wensi Xie,https://openalex.org/W3019863461,Corporate immunity to the COVID-19 pandemic,2021,article,1159,1584,23,0.7316919191919192,last,Economics and Econometrics,COVID-19 Pandemic Impacts,4,16,14,275
https://openalex.org/A5020032257,Patrick Van Cayseele,https://openalex.org/W2157801094,Relationship Lending within a Bank-Based System: Evidence from European Small Business Data,2000,article,985,1584,73,0.6218434343434344,last,Finance,"Banking stability, regulation, efficiency",2,40,25,177
https://openalex.org/A5032561679,Roberto C. Gutierrez,https://openalex.org/W3125261530,Market States and Momentum,2004,article,1014,1577,15,0.6429930247305009,middle,Finance,Financial Markets and Investment Strategies,3,3,3,201
https://openalex.org/A5091283717,Stefan Laséen,https://openalex.org/W2130783080,Bayesian estimation of an open economy DSGE model with incomplete pass-through,2007,article,799,1577,55,0.5066582117945466,middle,"General Economics, Econometrics and Finance",Monetary Policy and Economic Impact,4,15,14,183
https://openalex.org/A5046590391,Karen M. Lee,https://openalex.org/W2119679249,Budget Impact Analysis—Principles of Good Practice: Report of the ISPOR 2012 Budget Impact Analysis Good Practice II Task Force,2013,article,1138,1575,14,0.7225396825396826,middle,Economics and Econometrics,"Health Systems, Economic Evaluations, Quality of Life",10,7,5,431
https://openalex.org/A5103245616,James J. Murphy,https://openalex.org/W3121785658,A Meta-analysis of Hypothetical Bias in Stated Preference Valuation,2005,article,1055,1575,29,0.6698412698412698,first,Economics and Econometrics,Economic and Environmental Valuation,4,13,9,274
https://openalex.org/A5047762447,Anders Björklund,https://openalex.org/W3124328763,Is There a Glass Ceiling in Sweden?,2003,article,894,1574,38,0.567979669631512,middle,Economics and Econometrics,Labor market dynamics and wage inequality,3,25,20,618
https://openalex.org/A5065693104,Renee Mentnech,https://openalex.org/W2318964137,Effects of Race and Income on Mortality and Use of Services among Medicare Beneficiaries,1996,article,815,1573,6,0.5181182453909726,middle,Economics and Econometrics,Healthcare Policy and Management,7,4,3,753
https://openalex.org/A5087785592,Laura Magazzini,https://openalex.org/W2083258699,The productivity crisis in pharmaceutical R&amp;D,2011,review,896,1570,50,0.5707006369426751,middle,Economics and Econometrics,Pharmaceutical Economics and Policy,3,25,15,544
https://openalex.org/A5001109512,Edward R. Tufte,https://openalex.org/W2020694618,Political Control of the Economy.,1979,article,1324,1567,16,0.8449266113592853,last,"General Economics, Econometrics and Finance",Economic Theory and Policy,2,9,4,119
https://openalex.org/A5076395659,Bertrand Magné,https://openalex.org/W793980422,Long-term economic growth projections in the Shared Socioeconomic Pathways,2015,article,899,1566,26,0.5740740740740741,last,Economics and Econometrics,Economic Growth and Productivity,4,25,20,667
https://openalex.org/A5009728557,Erkko Etula,https://openalex.org/W2334058874,Financial Intermediaries and the Cross‐Section of Asset Returns,2014,article,803,1565,26,0.5130990415335464,middle,Finance,Financial Markets and Investment Strategies,3,22,16,676
https://openalex.org/A5113841344,Jonathan Boston,https://openalex.org/W1985704421,Public Management: The New Zealand Model,1998,article,1053,1563,36,0.6737044145873321,middle,Finance,Community Development and Social Impact,5,9,7,121
https://openalex.org/A5016649305,Donald C. Mead,https://openalex.org/W2070032729,The dynamics of micro and small enterprises in developing countries,1998,article,832,1558,19,0.5340179717586649,first,Economics and Econometrics,Firm Innovation and Growth,2,17,14,633
https://openalex.org/A5039414456,Tania Babina,https://openalex.org/W4388962306,"Artificial intelligence, firm growth, and product innovation",2023,article,892,1557,24,0.5728965960179833,first,Economics and Econometrics,Economic Growth and Productivity,4,15,13,412
https://openalex.org/A5087275239,Martial Foucault,https://openalex.org/W3092942225,Gender differences in COVID-19 attitudes and behavior: Panel evidence from eight countries,2020,article,883,1556,45,0.5674807197943444,last,Economics and Econometrics,COVID-19 Pandemic Impacts,6,39,19,559
https://openalex.org/A5000656829,Seth H. Giertz,https://openalex.org/W2102963250,The Elasticity of Taxable Income with Respect to Marginal Tax Rates: A Critical Review,2012,review,1276,1555,36,0.8205787781350482,last,Economics and Econometrics,Fiscal Policy and Economic Growth,3,20,15,232
https://openalex.org/A5071779760,Zengjing Chen,https://openalex.org/W2138765659,"Ambiguity, Risk, and Asset Returns in Continuous Time",2002,article,1092,1555,29,0.7022508038585209,first,Finance,Financial Markets and Investment Strategies,2,8,6,150
https://openalex.org/A5034550522,Andrew Heisz,https://openalex.org/W2075427517,The Short- and Long-Term Career Effects of Graduating in a Recession,2012,article,1252,1554,33,0.8056628056628057,last,Economics and Econometrics,Labor market dynamics and wage inequality,3,32,24,302
https://openalex.org/A5053042994,Kenneth Y. Chay,https://openalex.org/W2896568111,Does Air Quality Matter? Evidence from the Housing Market,2005,article,958,1546,9,0.6196636481241915,first,Economics and Econometrics,Housing Market and Economics,2,5,5,401
https://openalex.org/A5112631828,Caroline L. Freund,https://openalex.org/W2100938902,The effect of the Internet on international trade,2003,article,806,1546,27,0.5213454075032341,first,"General Economics, Econometrics and Finance",Global trade and economics,2,14,10,403
https://openalex.org/A5052345210,Michael J. Best,https://openalex.org/W2131868098,On the Sensitivity of Mean-Variance-Efficient Portfolios to Changes in Asset Means: Some Analytical and Computational Results,1991,article,1027,1540,15,0.6668831168831169,first,Finance,Financial Markets and Investment Strategies,2,3,3,127
https://openalex.org/A5080536503,Charles H. Berry,https://openalex.org/W2055836025,Entropy Measure of Diversification and Corporate Growth,1979,article,1167,1539,8,0.7582846003898636,last,Economics and Econometrics,Innovation Policy and R&D,2,6,3,363
https://openalex.org/A5058725997,Mariëlle E. J. B. Goossens,https://openalex.org/W2131779687,Criteria list for assessment of methodological quality of economic evaluations: Consensus on Health Economic Criteria,2005,article,845,1539,13,0.5490578297595842,middle,Economics and Econometrics,"Health Systems, Economic Evaluations, Quality of Life",5,8,7,591
https://openalex.org/A5073429067,John G. Cragg,https://openalex.org/W2082154278,Testing Identifiability and Specification in Instrumental Variable Models,1993,article,1411,1538,8,0.9174252275682705,first,"General Economics, Econometrics and Finance",Monetary Policy and Economic Impact,2,5,4,127
https://openalex.org/A5060010212,Lee E. Preston,https://openalex.org/W4301912119,Research in Corporate Social Performance and Policy,1982,article,1000,1538,17,0.6501950585175552,last,Finance,Community Development and Social Impact,2,13,10,382
https://openalex.org/A5058285787,Michael Gavin,https://openalex.org/W2034421007,Fiscal Policy in Latin America,1997,article,803,1537,24,0.5224463240078074,first,Economics and Econometrics,Fiscal Policy and Economic Growth,2,15,14,565
https://openalex.org/A5062219583,Tara Symonds,https://openalex.org/W2149103558,The impact of measuring patient-reported outcomes in clinical practice: a systematic review of the literature,2008,review,800,1534,11,0.5215123859191656,middle,Economics and Econometrics,"Health Systems, Economic Evaluations, Quality of Life",10,8,7,663
https://openalex.org/A5018116853,Sassan Alizadeh,https://openalex.org/W3125666236,Range‐Based Estimation of Stochastic Volatility Models,2002,article,1204,1533,10,0.7853881278538812,first,Finance,Financial Risk and Volatility Modeling,3,5,3,309
https://openalex.org/A5086699329,Helen Allen,https://openalex.org/W2041462006,The use of technical analysis in the foreign exchange market,1992,article,1091,1532,7,0.7121409921671018,last,"General Economics, Econometrics and Finance",Monetary Policy and Economic Impact,2,3,3,426
https://openalex.org/A5063370107,Filippo di Mauro,https://openalex.org/W2100641458,Exploring the international linkages of the euro area: a global VAR analysis,2007,article,911,1529,56,0.5958142576847613,middle,"General Economics, Econometrics and Finance",Monetary Policy and Economic Impact,4,5,5,120
https://openalex.org/A5089197544,Rekha Rao,https://openalex.org/W2125184373,Innovation and firm growth in high-tech sectors: A quantile regression approach,2008,article,920,1526,11,0.6028833551769331,last,Economics and Econometrics,Firm Innovation and Growth,2,5,3,121
https://openalex.org/A5000278068,Philip M. Hauser,https://openalex.org/W2080709277,Differential Mortality in the United States: A Study in Socioeconomic Epidemiology.,1975,article,979,1525,12,0.6419672131147541,last,Economics and Econometrics,Healthcare Policy and Management,3,9,5,497
https://openalex.org/A5083896247,Linda Williams,https://openalex.org/W2005440828,"Film Bodies: Gender, Genre, and Excess",1991,article,986,1523,15,0.6474064346684176,first,Economics and Econometrics,Cinema and Media Studies,1,6,4,485
https://openalex.org/A5011829374,Rolf Pendall,https://openalex.org/W2104746949,Resilience and regions: building understanding of the metaphor,2009,article,834,1512,14,0.5515873015873016,first,Economics and Econometrics,Regional resilience and development,3,10,8,611
https://openalex.org/A5027738146,Steven Fries,https://openalex.org/W2000948814,Cost efficiency of banks in transition: Evidence from 289 banks in 15 post-communist countries,2004,article,856,1505,34,0.5687707641196014,first,Finance,"Banking stability, regulation, efficiency",2,26,21,565
https://openalex.org/A5028808219,Daniel R. Fesenmaier,https://openalex.org/W2129697867,Risk Perceptions and Pleasure Travel: An Exploratory Analysis,1992,article,855,1505,17,0.5681063122923588,last,Economics and Econometrics,Economic and Environmental Valuation,2,9,8,223
https://openalex.org/A5108516384,Jean‐Paul Fitoussi,https://openalex.org/W2805814132,Mis-measuring our lives : why GDP doesn't add up?,2010,preprint,995,1504,165,0.6615691489361702,last,"General Economics, Econometrics and Finance",Economic Theory and Policy,3,148,62,434
https://openalex.org/A5075079875,Sonia C. Pereira,https://openalex.org/W3122619127,Does Inward Foreign Direct Investment Boost the Productivity of Domestic Firms?,2007,article,932,1504,10,0.6196808510638298,middle,"General Economics, Econometrics and Finance",Global trade and economics,3,4,4,387
https://openalex.org/A5038450686,Tomasz Koźluk,https://openalex.org/W2470421852,Environmental policies and productivity growth: Evidence across industries and firms,2016,article,800,1502,22,0.5326231691078562,middle,Economics and Econometrics,"Energy, Environment, Economic Growth",3,17,14,583
https://openalex.org/A5048208312,Alan Brace,https://openalex.org/W2117202489,The Market Model of Interest Rate Dynamics,1997,article,1217,1500,12,0.8113333333333334,first,Finance,Stochastic processes and financial applications,3,4,3,271
https://openalex.org/A5101403146,Richard J. Smith,https://openalex.org/W2100169259,Higher Order Properties of Gmm and Generalized Empirical Likelihood Estimators,2003,article,823,1498,20,0.5493991989319092,last,Economics and Econometrics,Spatial and Panel Data Analysis,2,7,6,397
https://openalex.org/A5086190718,David Hughes,https://openalex.org/W2139727821,What does 'access to health care' mean?,2002,article,1104,1497,28,0.7374749498997996,middle,Economics and Econometrics,Healthcare Policy and Management,7,11,10,138
https://openalex.org/A5073165838,Amy K. Edwards,https://openalex.org/W2073552074,Corporate Bond Market Transaction Costs and Transparency,2007,article,986,1497,12,0.6586506346025384,first,Finance,Financial Markets and Investment Strategies,3,7,6,379
https://openalex.org/A5049312755,Richard A. Berk,https://openalex.org/W1968059489,An Introduction to Sample Selection Bias in Sociological Data,1983,article,1227,1493,17,0.8218352310783658,first,Economics and Econometrics,Game Theory and Voting Systems,1,5,4,147
https://openalex.org/A5030111068,Tomasz Rolski,https://openalex.org/W1991753520,Stochastic Processes for Insurance and Finance,2001,article,862,1486,15,0.5800807537012113,last,Economics and Econometrics,Insurance and Financial Risk Management,5,3,3,410
https://openalex.org/A5062896251,Dan Gusfield,https://openalex.org/W2091887239,The Stable Marriage Problem: Structure and Algorithms,1991,article,940,1485,9,0.632996632996633,middle,Economics and Econometrics,Game Theory and Voting Systems,2,5,5,545
https://openalex.org/A5103392081,Paul Ryan,https://openalex.org/W2024676754,The School-to-Work Transition: A Cross-National Perspective,2001,article,926,1483,30,0.624409979770735,first,Economics and Econometrics,Labor market dynamics and wage inequality,1,8,8,349
https://openalex.org/A5023665420,Douglas Hanley,https://openalex.org/W3124160225,Transition to Clean Technology,2016,article,951,1475,13,0.6447457627118645,middle,Economics and Econometrics,Climate Change Policy and Economics,4,5,4,134
https://openalex.org/A5055821581,Suling Feng,https://openalex.org/W4211158020,"Environmental decentralization, digital finance and green technology innovation",2022,article,741,1469,15,0.504424778761062,first,Economics and Econometrics,"Energy, Environment, Economic Growth",3,7,5,255
https://openalex.org/A5108619806,A. M. Young,https://openalex.org/W2097599886,The Razor's Edge: Distortions and Incremental Reform in the People's Republic of China,2000,article,1046,1465,5,0.7139931740614335,first,Economics and Econometrics,Economic Growth and Productivity,1,3,3,113
https://openalex.org/A5103951576,Lei Feng,https://openalex.org/W3125696892,Do Investor Sophistication and Trading Experience Eliminate Behavioral Biases in Financial Markets?,2005,article,824,1464,15,0.5628415300546448,first,Finance,Financial Markets and Investment Strategies,2,3,3,401
https://openalex.org/A5087211162,Ryan J. Sullivan,https://openalex.org/W2143152597,"Data‐Snooping, Technical Trading Rule Performance, and the Bootstrap",1999,article,1039,1463,7,0.7101845522898155,first,Finance,Financial Markets and Investment Strategies,3,4,4,132
https://openalex.org/A5076756784,Onyebuchi A. Arah,https://openalex.org/W2098987619,A conceptual framework for the OECD Health Care Quality Indicators Project,2006,article,800,1463,17,0.5468215994531784,first,Economics and Econometrics,"Health Systems, Economic Evaluations, Quality of Life",4,5,5,382
https://openalex.org/A5037496706,David A. Lake,https://openalex.org/W2127409878,The Invisible Hand of Democracy,2001,article,885,1462,38,0.6053351573187414,first,Economics and Econometrics,Fiscal Policy and Economic Growth,2,18,4,111
https://openalex.org/A5028882672,S.M. de Bruyn,https://openalex.org/W2070487594,Economic growth and emissions: reconsidering the empirical basis of environmental Kuznets curves,1998,article,772,1462,18,0.5280437756497948,first,Economics and Econometrics,"Energy, Environment, Economic Growth",3,8,7,612
https://openalex.org/A5074803971,Kurt Dopfer,https://openalex.org/W3121673597,Micro-meso-macro,2004,article,731,1460,37,0.5006849315068493,first,Economics and Econometrics,Economic Theory and Institutions,3,16,12,195
https://openalex.org/A5017744151,Joshua C. Hall,https://openalex.org/W655022340,Economic Freedom of the World: 2022 Annual Report,2023,article,778,1458,77,0.53360768175583,middle,Economics and Econometrics,Fiscal Policy and Economic Growth,6,71,56,677
https://openalex.org/A5100746609,Wang Zhi,https://openalex.org/W2510415425,The consequences of spatially differentiated water pollution regulation in China,2018,article,1065,1456,24,0.7314560439560439,last,Economics and Econometrics,Fiscal Policy and Economic Growth,4,18,5,315
https://openalex.org/A5080740548,Thomas Walther,https://openalex.org/W2799918576,"Bitcoin is not the New Gold – A comparison of volatility, correlation, and portfolio performance",2018,article,799,1455,50,0.5491408934707904,last,Economics and Econometrics,Market Dynamics and Volatility,3,15,11,188
https://openalex.org/A5109361734,Young Ho Eom,https://openalex.org/W3124800418,Structural Models of Corporate Bond Pricing: An Empirical Analysis,2004,article,870,1454,39,0.5983493810178817,first,Finance,Credit Risk and Financial Regulations,3,11,9,538
https://openalex.org/A5030940738,Marsha Blumenthal,https://openalex.org/W2113348978,Taxpayer response to an increased probability of audit: evidence from a controlled experiment in Minnesota,2001,article,779,1453,11,0.5361321403991741,middle,Economics and Econometrics,Taxation and Compliance Studies,3,3,3,217
https://openalex.org/A5109723402,Daniel Feenberg,https://openalex.org/W2084542323,An Introduction to the TAXSIM Model,1993,article,992,1451,16,0.6836664369400414,first,Economics and Econometrics,Fiscal Policy and Economic Growth,2,9,7,180
https://openalex.org/A5037856690,David K. Blough,https://openalex.org/W2266198524,Financial Insolvency as a Risk Factor for Early Mortality Among Patients With Cancer,2016,article,878,1449,14,0.6059351276742581,middle,Economics and Econometrics,Economic and Financial Impacts of Cancer,7,13,9,571
https://openalex.org/A5018658332,Michael Dear,https://openalex.org/W1963956074,Understanding and Overcoming the NIMBY Syndrome,1992,article,935,1445,14,0.6470588235294118,first,Finance,Community Development and Social Impact,1,10,6,492
https://openalex.org/A5031981278,Malcolm Wardlaw,https://openalex.org/W4294591020,Count (and count-like) data in finance,2022,article,890,1442,14,0.6171983356449375,last,Finance,Financial Markets and Investment Strategies,3,10,9,545
https://openalex.org/A5110098970,Susan Christopherson,https://openalex.org/W2101637067,Regional resilience: theoretical and empirical perspectives,2010,article,791,1441,20,0.5489243580846634,first,Economics and Econometrics,Regional resilience and development,3,11,9,277
https://openalex.org/A5019795271,Peter F. Drucker,https://openalex.org/W4246028138,Knowledge-Worker Productivity: The Biggest Challenge,1999,article,1082,1440,20,0.7513888888888889,first,Economics and Econometrics,Labor market dynamics and wage inequality,1,15,7,341
https://openalex.org/A5056510633,Sébastiên Roux,https://openalex.org/W2145038697,The Productivity Advantages of Large Cities: Distinguishing Agglomeration From Firm Selection,2012,article,842,1436,40,0.5863509749303621,last,Economics and Econometrics,Regional Economics and Spatial Analysis,5,13,8,237
https://openalex.org/A5018425731,Anissa Chaibi,https://openalex.org/W3122937513,"Financial development, environmental quality, trade and economic growth: What causes what in MENA countries",2015,article,718,1432,23,0.5013966480446927,last,Economics and Econometrics,"Energy, Environment, Economic Growth",4,19,15,616
https://openalex.org/A5046603875,Kieron Flanagan,https://openalex.org/W2127454860,Reconceptualising the ‘policy mix’ for innovation,2011,article,1052,1431,11,0.7351502445842069,first,Economics and Econometrics,Innovation Policy and R&D,3,7,5,136
https://openalex.org/A5007212532,Paola Profeta,https://openalex.org/W3092942225,Gender differences in COVID-19 attitudes and behavior: Panel evidence from eight countries,2020,article,883,1430,38,0.6174825174825175,middle,Economics and Econometrics,COVID-19 Pandemic Impacts,6,32,20,450
https://openalex.org/A5079054289,Colin B. Begg,https://openalex.org/W1980187445,Probabilistic Sensitivity Analysis Using Monte Carlo Simulation,1985,article,849,1430,18,0.5937062937062937,middle,Economics and Econometrics,"Health Systems, Economic Evaluations, Quality of Life",5,6,6,193
https://openalex.org/A5026710386,A. W. Flux,https://openalex.org/W2333181408,Interregional and International Trade.,1934,article,1329,1429,21,0.9300209937018894,first,"General Economics, Econometrics and Finance",Global trade and economics,3,20,14,100
https://openalex.org/A5110446746,Susan P. Shapiro,https://openalex.org/W1988377235,The Sicilian Mafia: The Business of Private Protection.,1994,article,1257,1428,4,0.8802521008403361,first,Economics and Econometrics,Italy: Economic History and Contemporary Issues,2,3,3,171
https://openalex.org/A5057650206,Frank Schweitzer,https://openalex.org/W1993865115,How social influence can undermine the wisdom of crowd effect,2011,article,995,1426,37,0.6977559607293128,middle,Economics and Econometrics,Complex Systems and Time Series Analysis,4,12,7,183
https://openalex.org/A5089108422,Oded Shenkar,https://openalex.org/W4232779376,Institutional Distance and the Multinational Enterprise,2002,article,921,1424,15,0.6467696629213483,last,Economics and Econometrics,Italy: Economic History and Contemporary Issues,2,7,5,433
https://openalex.org/A5074508405,Alice A. Bonaimé,https://openalex.org/W3121504769,Does policy uncertainty affect mergers and acquisitions?,2018,article,953,1423,12,0.6697118763176388,first,Economics and Econometrics,Market Dynamics and Volatility,3,6,6,436
https://openalex.org/A5048342605,Michael P. Ward,https://openalex.org/W2155453909,Job Mobility and the Careers of Young Men,1992,article,1162,1418,23,0.8194640338504936,last,Economics and Econometrics,Labor market dynamics and wage inequality,2,10,8,187
https://openalex.org/A5004256409,Paula A. Tkac,https://openalex.org/W3125260321,The Determinants of the Flow of Funds of Managed Portfolios: Mutual Funds vs. Pension Funds,2002,article,836,1416,14,0.5903954802259888,last,Finance,Financial Markets and Investment Strategies,2,6,6,524
https://openalex.org/A5034225628,Paul Aisen,https://openalex.org/W2112579276,The A4 Study: Stopping AD Before Symptoms Begin?,2014,article,761,1414,26,0.5381895332390382,last,Economics and Econometrics,"Health Systems, Economic Evaluations, Quality of Life",7,7,5,250
https://openalex.org/A5060709676,Jung‐Suk Yu,https://openalex.org/W3122509291,Financial development and economic growth: New evidence from panel data,2010,article,782,1409,43,0.5550035486160397,last,Economics and Econometrics,Fiscal Policy and Economic Growth,3,15,11,405
https://openalex.org/A5025244372,Anders Holm,https://openalex.org/W2317709830,Comparing Regression Coefficients Between Same-sample Nested Models Using Logit and Probit,2012,article,1120,1408,15,0.7954545454545454,middle,Economics and Econometrics,Spatial and Panel Data Analysis,3,11,10,185
https://openalex.org/A5036914746,Karin M. Vermeulen,https://openalex.org/W2334353679,Dutch Tariff for the Five-Level Version of EQ-5D,2016,article,1103,1407,15,0.7839374555792467,middle,Economics and Econometrics,"Health Systems, Economic Evaluations, Quality of Life",6,6,3,165
https://openalex.org/A5002814482,Ronald E. Shrieves,https://openalex.org/W1994038570,The relationship between risk and capital in commercial banks,1992,article,774,1407,27,0.5501066098081023,first,Finance,"Banking stability, regulation, efficiency",2,5,4,153
https://openalex.org/A5034943411,Angelo Melino,https://openalex.org/W1985500221,Pricing foreign currency options with stochastic volatility,1990,article,765,1406,25,0.5440967283072546,first,Finance,Stochastic processes and financial applications,2,11,10,366
https://openalex.org/A5030638778,George Katona,https://openalex.org/W4236420092,Psychological Economics,1976,article,731,1405,31,0.5202846975088968,last,Economics and Econometrics,Economic theories and models,2,27,22,637
https://openalex.org/A5026549407,Maamar Sebri,https://openalex.org/W2066514763,"On the causal dynamics between economic growth, renewable energy consumption, CO 2 emissions and trade openness: Fresh evidence from BRICS countries",2014,article,703,1398,20,0.5028612303290415,first,Economics and Econometrics,"Energy, Environment, Economic Growth",2,7,5,144
https://openalex.org/A5073005936,Noah S. Diffenbaugh,https://openalex.org/W2939349760,Global warming has increased global economic inequality,2019,article,850,1397,18,0.6084466714387974,first,Economics and Econometrics,Climate Change Policy and Economics,2,14,7,538
https://openalex.org/A5057613941,Mireia Espallargues,https://openalex.org/W2149103558,The impact of measuring patient-reported outcomes in clinical practice: a systematic review of the literature,2008,review,800,1397,31,0.572655690765927,middle,Economics and Econometrics,"Health Systems, Economic Evaluations, Quality of Life",10,6,5,300
https://openalex.org/A5101723548,Saul Klein,https://openalex.org/W1994046048,A Transaction Cost Analysis Model of Channel Integration in International Markets,1990,article,745,1393,8,0.5348169418521177,first,Economics and Econometrics,Merger and Competition Analysis,3,3,3,261
https://openalex.org/A5025242196,Vincenzo Galasso,https://openalex.org/W3092942225,Gender differences in COVID-19 attitudes and behavior: Panel evidence from eight countries,2020,article,883,1391,38,0.6347951114306255,first,Economics and Econometrics,COVID-19 Pandemic Impacts,6,28,18,341
https://openalex.org/A5111912155,Geoffrey Maynard,https://openalex.org/W2005340918,Latin America: Underdevelopment or Revolution.,1971,article,824,1391,27,0.5923795830337887,first,"General Economics, Econometrics and Finance",Economic Theory and Policy,2,12,8,264
https://openalex.org/A5056617217,David Klenert,https://openalex.org/W2883135331,Making carbon pricing work for citizens,2018,article,730,1380,31,0.5289855072463768,first,Economics and Econometrics,Climate Change Policy and Economics,7,16,12,394
https://openalex.org/A5069026679,Casey Ichniowski,https://openalex.org/W2139807141,"How Does Information Technology Affect Productivity? Plant-Level Comparisons of Product Innovation, Process Improvement, and Worker Skills",2007,article,701,1380,18,0.5079710144927536,middle,Economics and Econometrics,Economic Growth and Productivity,3,14,13,676
https://openalex.org/A5031396065,Andrew C. Inkpen,https://openalex.org/W3124595382,The Corporate Objective Revisited,2004,article,883,1378,6,0.6407837445573294,last,Economics and Econometrics,"Law, Economics, and Judicial Systems",2,4,3,495
https://openalex.org/A5018580363,Leander R. Buisman,https://openalex.org/W2772759979,Progress on catastrophic health spending in 133 countries: a retrospective observational study,2017,article,977,1376,21,0.7100290697674418,middle,Finance,Healthcare Systems and Reforms,8,19,14,399
https://openalex.org/A5089853609,Marian E. Gornick,https://openalex.org/W2318964137,Effects of Race and Income on Mortality and Use of Services among Medicare Beneficiaries,1996,article,815,1376,18,0.592296511627907,first,Economics and Econometrics,Healthcare Policy and Management,7,12,12,373
https://openalex.org/A5022611510,Carla Inclán,https://openalex.org/W3124454571,Volatility in Emerging Stock Markets,1999,article,728,1376,6,0.5290697674418605,middle,Finance,Financial Risk and Volatility Modeling,3,5,5,648
https://openalex.org/A5012342239,Jason Karlawish,https://openalex.org/W2112579276,The A4 Study: Stopping AD Before Symptoms Begin?,2014,article,761,1375,31,0.5534545454545454,middle,Economics and Econometrics,"Health Systems, Economic Evaluations, Quality of Life",7,14,9,231
https://openalex.org/A5053940388,Kenneth J. Meier,https://openalex.org/W2095530998,Principal-Agent Models: An Expansion?,1998,article,692,1367,29,0.5062179956108266,last,Economics and Econometrics,"Law, Economics, and Judicial Systems",2,14,12,351
https://openalex.org/A5009534453,Richard Heeks,https://openalex.org/W3125000322,"Defining, Conceptualising and Measuring the Digital Economy",2017,article,697,1365,15,0.5106227106227106,last,Economics and Econometrics,Economic Growth and Productivity,2,10,8,395
https://openalex.org/A5018723073,Syed F. Mahmud,https://openalex.org/W1971429941,Environment Kuznets curve for CO2 emissions: A cointegration analysis for China,2009,article,1201,1357,18,0.8850405305821666,last,Economics and Econometrics,"Energy, Environment, Economic Growth",2,12,7,112
https://openalex.org/A5113954620,Jerald Greenberg,https://openalex.org/W2323378620,International Review of Industrial and Organizational Psychology 1988.,1990,article,790,1355,12,0.5830258302583026,first,Economics and Econometrics,Occupational and Professional Licensing Regulation,3,6,5,246
https://openalex.org/A5066753721,R. Burt Porter,https://openalex.org/W3125720591,INDIVIDUAL EQUITY RETURN DATA FROM THOMSON DATASTREAM: HANDLE WITH CARE!,2006,article,883,1351,8,0.6535899333826795,last,Finance,Financial Markets and Investment Strategies,2,6,6,462
https://openalex.org/A5035661072,Anastassia Fedyk,https://openalex.org/W4388962306,"Artificial intelligence, firm growth, and product innovation",2023,article,892,1350,14,0.6607407407407407,middle,Economics and Econometrics,Economic Growth and Productivity,4,8,7,234
https://openalex.org/A5109188416,C. L. Mallows,https://openalex.org/W2045345437,A Method for Simulating Stable Random Variables,1976,article,1071,1347,8,0.7951002227171492,middle,Finance,Financial Risk and Volatility Modeling,3,4,4,254
https://openalex.org/A5101045018,Saleheen Khan,https://openalex.org/W2077675621,"The dynamic links between energy consumption, economic growth, financial development and trade in China: Fresh evidence from multivariate framework analysis",2013,article,738,1345,20,0.5486988847583643,middle,Economics and Econometrics,"Energy, Environment, Economic Growth",3,10,9,162
https://openalex.org/A5027830642,László Kónya,https://openalex.org/W2037875185,Exports and growth: Granger causality analysis on OECD countries with a panel data approach,2006,article,815,1343,44,0.6068503350707372,first,"General Economics, Econometrics and Finance",Global trade and economics,1,16,15,330
https://openalex.org/A5044940827,Bart Nooteboom,https://openalex.org/W2118299641,Innovation and diffusion in small firms: Theory and evidence,1994,article,767,1343,39,0.5711094564408041,first,Economics and Econometrics,Firm Innovation and Growth,1,17,13,341
https://openalex.org/A5038730429,Maria Nikolaidi,https://openalex.org/W2754240787,"Climate Change, Financial Stability and Monetary Policy",2018,article,681,1335,36,0.5101123595505618,middle,Finance,Sustainable Finance and Green Bonds,3,20,15,412
https://openalex.org/A5059696275,Paolo G. Garella,https://openalex.org/W2072240594,Multiple versus Single Banking Relationships: Theory and Evidence,2000,article,778,1334,67,0.5832083958020989,middle,Finance,"Banking stability, regulation, efficiency",3,27,15,179
https://openalex.org/A5053211444,Christian K. Wolf,https://openalex.org/W3136038698,Local Projections and VARs Estimate the Same Impulse Responses,2021,article,673,1331,29,0.5056348610067618,last,"General Economics, Econometrics and Finance",Monetary Policy and Economic Impact,2,6,4,302
https://openalex.org/A5063802262,JAMES D. GWARTNEY,https://openalex.org/W655022340,Economic Freedom of the World: 2022 Annual Report,2023,article,778,1329,16,0.5854025583145221,first,Economics and Econometrics,Fiscal Policy and Economic Growth,6,15,14,551
https://openalex.org/A5053919588,Richard Kaplan,https://openalex.org/W2126856198,Participation of Patients 65 Years of Age or Older in Cancer Clinical Trials,2003,article,1038,1328,8,0.7816265060240963,middle,Economics and Econometrics,"Health Systems, Economic Evaluations, Quality of Life",8,3,3,158
https://openalex.org/A5044883771,Hanspeter Schmidli,https://openalex.org/W1991753520,Stochastic Processes for Insurance and Finance,2001,article,862,1327,7,0.6495855312735493,middle,Economics and Econometrics,Insurance and Financial Risk Management,5,4,4,445
https://openalex.org/A5017290385,Terry Shevlin,https://openalex.org/W3123595788,Empirical evidence on the relation between stock option compensation and risk taking,2002,article,842,1319,18,0.6383623957543594,last,Finance,Capital Investment and Risk Analysis,2,5,4,128
https://openalex.org/A5026803968,Charles W. Christian,https://openalex.org/W2113348978,Taxpayer response to an increased probability of audit: evidence from a controlled experiment in Minnesota,2001,article,779,1318,13,0.5910470409711684,last,Economics and Econometrics,Taxation and Compliance Studies,3,6,6,124
https://openalex.org/A5108720456,John Bond,https://openalex.org/W2079861976,The worldwide economic impact of dementia 2010,2013,article,1133,1317,8,0.8602885345482156,middle,Economics and Econometrics,"Health Systems, Economic Evaluations, Quality of Life",5,7,6,184
https://openalex.org/A5112603051,Misa Tanaka,https://openalex.org/W2804677512,Climate change challenges for central banks and financial regulators,2018,article,726,1314,34,0.5525114155251142,last,Finance,Sustainable Finance and Green Bonds,6,28,22,578
https://openalex.org/A5003930944,Carl Liedholm,https://openalex.org/W2070032729,The dynamics of micro and small enterprises in developing countries,1998,article,832,1312,19,0.6341463414634146,last,Economics and Econometrics,Firm Innovation and Growth,2,17,14,435
https://openalex.org/A5055408978,Brendan Bradley,https://openalex.org/W3122942322,Benchmarks as Limits to Arbitrage: Understanding the Low Volatility Anomaly,2010,article,814,1301,10,0.6256725595695619,middle,Finance,Financial Markets and Investment Strategies,3,5,5,128
https://openalex.org/A5052570192,Tomás del Barrio Castro,https://openalex.org/W2026352027,Breaking the panels: An application to the GDP per capita,2005,article,682,1301,53,0.5242121445042275,middle,"General Economics, Econometrics and Finance",Monetary Policy and Economic Impact,3,15,11,310
https://openalex.org/A5052221349,Asaf Bernstein,https://openalex.org/W3123776852,Disaster on the horizon: The price effect of sea level rise,2019,article,828,1297,23,0.638396299151889,first,Economics and Econometrics,Housing Market and Economics,3,13,11,213
https://openalex.org/A5073764918,Ester Boserup,https://openalex.org/W2323767306,Woman's Role in Economic Development,1972,article,748,1297,13,0.5767154973014649,last,Economics and Econometrics,Global Economic and Social Development,2,4,4,422
https://openalex.org/A5113522212,Qinghua Zhang,https://openalex.org/W2168707163,"Roads, Railroads, and Decentralization of Chinese Cities",2017,article,698,1297,18,0.5381649961449498,last,Economics and Econometrics,Regional Economics and Spatial Analysis,5,7,6,173
https://openalex.org/A5100771088,Miguel A. Delgado,https://openalex.org/W2154715810,Firm productivity and export markets: a non-parametric approach,2002,article,719,1291,39,0.5569326103795508,first,"General Economics, Econometrics and Finance",Global trade and economics,3,21,18,412
https://openalex.org/A5040035418,Henny Romijn,https://openalex.org/W2004195467,Determinants of innovation capability in small electronics and software firms in southeast England,2002,article,1019,1290,22,0.789922480620155,first,Economics and Econometrics,Firm Innovation and Growth,2,11,7,142
https://openalex.org/A5110485216,M. J. Hwang,https://openalex.org/W3122966171,Causal relationship between energy consumption and GDP growth revisited: A dynamic panel data approach,2008,article,654,1290,15,0.5069767441860465,middle,Economics and Econometrics,"Energy, Environment, Economic Growth",3,10,6,466
https://openalex.org/A5039994802,Michael Michaely,https://openalex.org/W1606581475,Exports and growth,1977,article,688,1289,48,0.5337470907680373,first,"General Economics, Econometrics and Finance",Global trade and economics,1,28,16,230
https://openalex.org/A5011271066,Marco A. Janssen,https://openalex.org/W1983301590,Going beyond panaceas,2007,article,894,1288,22,0.6940993788819876,middle,Economics and Econometrics,Economic and Environmental Valuation,3,17,15,299
https://openalex.org/A5088722789,F. Hutton Barron,https://openalex.org/W1998111652,SMARTS and SMARTER: Improved Simple Methods for Multiattribute Utility Measurement,1994,article,1084,1287,8,0.8422688422688422,last,Economics and Econometrics,Economic and Environmental Valuation,2,7,7,203
https://openalex.org/A5053593769,Pedro Barroso,https://openalex.org/W2119553923,Momentum has its moments,2014,article,686,1287,28,0.533022533022533,first,Finance,Financial Markets and Investment Strategies,2,3,3,133
https://openalex.org/A5111974167,Guobing Lu,https://openalex.org/W2897247590,Evidence Synthesis for Decision Making 4,2013,article,702,1285,8,0.5463035019455252,middle,Economics and Econometrics,"Health Systems, Economic Evaluations, Quality of Life",6,3,3,508
https://openalex.org/A5025171898,Jerold L. Zimmerman,https://openalex.org/W1978206521,Price and return models,1995,article,725,1284,10,0.5646417445482866,last,Finance,Financial Markets and Investment Strategies,2,6,3,559
https://openalex.org/A5063185662,José Gonzalo Rangel,https://openalex.org/W3126027153,The Spline-GARCH Model for Low-Frequency Volatility and Its Global Macroeconomic Causes,2008,article,887,1283,17,0.691348402182385,last,Finance,Financial Risk and Volatility Modeling,2,4,3,300
https://openalex.org/A5043133992,Anita Taci,https://openalex.org/W2000948814,Cost efficiency of banks in transition: Evidence from 289 banks in 15 post-communist countries,2004,article,856,1282,11,0.6677067082683308,last,Finance,"Banking stability, regulation, efficiency",2,3,3,146
https://openalex.org/A5010568328,Byeongseon Seo,https://openalex.org/W2140878079,Testing for two-regime threshold cointegration in vector error-correction models,2002,article,843,1279,21,0.6591086786551994,last,"General Economics, Econometrics and Finance",Monetary Policy and Economic Impact,2,3,3,310
https://openalex.org/A5030563990,Bumjean Sohn,https://openalex.org/W2000303290,Stock Market Volatility and Macroeconomic Fundamentals,2012,article,1065,1278,9,0.8333333333333334,last,Economics and Econometrics,Market Dynamics and Volatility,3,3,3,199
https://openalex.org/A5024401184,Susan D. Krische,https://openalex.org/W2055958150,Analyzing the Analysts: When Do Recommendations Add Value?,2004,article,1031,1275,6,0.8086274509803921,middle,Finance,Financial Markets and Investment Strategies,4,4,4,238
https://openalex.org/A5012304174,Stephen Ryan,https://openalex.org/W2156006341,The Costs of Environmental Regulation in a Concentrated Industry,2012,article,660,1275,19,0.5176470588235295,first,Economics and Econometrics,Economic and Environmental Valuation,1,7,6,196
https://openalex.org/A5079038358,Ryan H. Peters,https://openalex.org/W3121847382,Intangible capital and the investment-q relation,2016,article,1136,1271,6,0.8937844217151849,first,Economics and Econometrics,Economic theories and models,2,3,3,118
https://openalex.org/A5069359198,Lester D. Taylor,https://openalex.org/W1539984575,The Demand for Electricity: A Survey,1975,article,711,1271,22,0.5594020456333596,first,Economics and Econometrics,Economics of Agriculture and Food Markets,1,11,11,360
https://openalex.org/A5064485350,Elizabeth Warren,https://openalex.org/W2060565181,"Medical Bankruptcy in the United States, 2007: Results of a National Study",2009,article,799,1270,16,0.6291338582677165,middle,Economics and Econometrics,Healthcare Policy and Management,4,14,14,462
https://openalex.org/A5036723836,Paul W. Grimes,https://openalex.org/W3182108971,Black Wealth/White Wealth: A New Perspective on Racial Inequality,1997,article,769,1267,32,0.6069455406471981,first,Finance,"Housing, Finance, and Neoliberalism",3,12,10,230
https://openalex.org/A5073912850,Akira Takayama,https://openalex.org/W1604693798,Behavior of the Firm Under Regulatory Constraint,2016,article,678,1267,52,0.5351223362273086,first,Economics and Econometrics,Economic theories and models,1,51,49,589
https://openalex.org/A5007777649,Brian J. Moore,https://openalex.org/W2612251907,Identifying Increased Risk of Readmission and In-hospital Mortality Using Hospital Administrative Data,2017,article,794,1263,20,0.6286619160728424,first,Economics and Econometrics,Healthcare Policy and Management,5,13,10,353
https://openalex.org/A5021749510,Antonio García Pascual,https://openalex.org/W3121904436,Empirical exchange rate models of the nineties: Are any fit to survive?,2005,article,725,1261,22,0.5749405233941316,last,"General Economics, Econometrics and Finance",Monetary Policy and Economic Impact,3,6,6,356
https://openalex.org/A5060363400,David L. Streiner,https://openalex.org/W2167561774,Reader's guide to critical appraisal of cohort studies: 2. Assessing potential for confounding,2005,review,637,1261,21,0.5051546391752577,middle,Economics and Econometrics,"Health Systems, Economic Evaluations, Quality of Life",8,9,8,545
https://openalex.org/A5048767700,Giorgio P. Szegö,https://openalex.org/W1977847404,The role of capital in financial institutions,1995,article,961,1259,21,0.7633042096902304,last,Finance,"Banking stability, regulation, efficiency",3,10,8,263
https://openalex.org/A5017680923,Jane M. Jacobs,https://openalex.org/W1969310839,Living Room: Rematerialising Home,2008,article,1105,1258,7,0.8783783783783784,first,Finance,"Housing, Finance, and Neoliberalism",2,5,3,153
https://openalex.org/A5001159203,Roger Middleton,https://openalex.org/W2763571294,The new Palgrave dictionary of money and finance,1992,article,631,1257,134,0.5019888623707239,first,"General Economics, Econometrics and Finance",Economic Theory and Policy,1,21,12,227
https://openalex.org/A5021589664,Carsten Eckel,https://openalex.org/W2134311225,Multi-Product Firms and Flexible Manufacturing in the Global Economy,2009,article,629,1255,48,0.501195219123506,first,"General Economics, Econometrics and Finance",Global trade and economics,2,21,11,184
https://openalex.org/A5012921341,Erasmo Giambona,https://openalex.org/W3121412040,Liquidity Management and Corporate Investment During a Financial Crisis,2011,article,658,1254,32,0.5247208931419458,middle,Finance,"Banking stability, regulation, efficiency",4,13,13,350
https://openalex.org/A5080354461,Jan Bogaerts,https://openalex.org/W2753603515,ESMO-Magnitude of Clinical Benefit Scale version 1.1,2017,article,633,1253,15,0.5051875498802874,middle,Economics and Econometrics,Economic and Financial Impacts of Cancer,10,5,3,347
https://openalex.org/A5090700846,Michele Y. Halyard,https://openalex.org/W2149103558,The impact of measuring patient-reported outcomes in clinical practice: a systematic review of the literature,2008,review,800,1252,10,0.6389776357827476,middle,Economics and Econometrics,"Health Systems, Economic Evaluations, Quality of Life",10,5,4,343
https://openalex.org/A5016215586,Danielle Xu,https://openalex.org/W3124202419,Measuring Abnormal Bond Performance,2008,article,666,1244,15,0.5353697749196141,last,Finance,Credit Risk and Financial Regulations,4,3,3,159
https://openalex.org/A5035242130,Christo A. Pirinsky,https://openalex.org/W3122594041,Does Corporate Headquarters Location Matter for Stock Returns?,2006,article,801,1243,15,0.6444086886564763,first,Finance,Financial Markets and Investment Strategies,2,4,3,324
https://openalex.org/A5021588071,Paul E. Green,https://openalex.org/W2135874135,Thirty Years of Conjoint Analysis: Reflections and Prospects,2001,article,766,1243,19,0.6162510056315366,first,Economics and Econometrics,Economic and Environmental Valuation,3,18,15,477
https://openalex.org/A5000461260,Todd T. Milbourn,https://openalex.org/W3123957796,How did increased competition affect credit ratings?,2011,article,709,1242,24,0.57085346215781,last,Finance,Credit Risk and Financial Regulations,2,22,15,533
https://openalex.org/A5114167505,Isaiah Andrews,https://openalex.org/W2969444038,Weak Instruments in Instrumental Variables Regression: Theory and Practice,2019,article,792,1241,19,0.6381950040290089,first,"General Economics, Econometrics and Finance",Monetary Policy and Economic Impact,3,11,8,399
https://openalex.org/A5103101662,Mark Nuijten,https://openalex.org/W2126502186,Principles of Good Practice for Budget Impact Analysis: Report of the ISPOR Task Force on Good Research Practices—Budget Impact Analysis,2007,article,746,1240,54,0.6016129032258064,middle,Economics and Econometrics,"Health Systems, Economic Evaluations, Quality of Life",9,17,13,210
https://openalex.org/A5008792660,Bernard Cazelles,https://openalex.org/W2162136094,Wavelet analysis of ecological time series,2008,article,729,1240,6,0.5879032258064516,first,Economics and Econometrics,Complex Systems and Time Series Analysis,7,3,3,434
https://openalex.org/A5086493055,Johannes Gütschow,https://openalex.org/W4223936817,Realization of Paris Agreement pledges may limit warming just below 2 °C,2022,article,627,1239,12,0.5060532687651331,middle,Economics and Econometrics,Climate Change Policy and Economics,8,10,10,609
https://openalex.org/A5006997571,Linda Bui,https://openalex.org/W3093979484,Environmental Regulation and Productivity: Evidence from Oil Refineries,2001,article,725,1238,10,0.5856219709208401,last,Economics and Econometrics,"Energy, Environment, Economic Growth",2,7,6,315
https://openalex.org/A5058557831,Kimmo Soramäki,https://openalex.org/W2065452020,The topology of interbank payment flows,2007,article,653,1238,38,0.5274636510500808,first,Economics and Econometrics,Complex Systems and Time Series Analysis,5,14,14,269
https://openalex.org/A5054716675,Randall Walsh,https://openalex.org/W1579757223,Do People Vote with Their Feet? An Empirical Test of Tiebout's Mechanism,2008,article,621,1238,22,0.5016155088852988,last,Economics and Econometrics,Fiscal Policy and Economic Growth,2,8,6,154
https://openalex.org/A5089412910,Stamatis Cambanis,https://openalex.org/W2016130389,On the theory of elliptically contoured distributions,1981,article,696,1233,23,0.5644768856447688,first,Finance,Stochastic processes and financial applications,3,8,7,188
https://openalex.org/A5062267866,Rui Zhao,https://openalex.org/W3123326583,What Does the Individual Option Volatility Smirk Tell Us About Future Equity Returns?,2010,article,736,1232,10,0.5974025974025974,last,Finance,Financial Markets and Investment Strategies,3,6,5,267
https://openalex.org/A5111764387,Jonathan B. Cohn,https://openalex.org/W4294591020,Count (and count-like) data in finance,2022,article,890,1230,12,0.7235772357723578,first,Finance,Financial Markets and Investment Strategies,3,10,8,335
https://openalex.org/A5100369974,Xiangyu Wang,https://openalex.org/W4220757690,Policy and Management of Carbon Peaking and Carbon Neutrality: A Literature Review,2022,review,748,1229,25,0.6086248982912937,middle,Economics and Econometrics,"Energy, Environment, Economic Growth",6,10,8,309
https://openalex.org/A5080736707,Giorgos Galanis,https://openalex.org/W2754240787,"Climate Change, Financial Stability and Monetary Policy",2018,article,681,1229,33,0.5541090317331163,last,Finance,Sustainable Finance and Green Bonds,3,13,8,425
https://openalex.org/A5024079507,Jonathan Silberman,https://openalex.org/W1593748481,"University Technology Transfer: Do Incentives, Management, and Location Matter?",2003,article,645,1229,19,0.5248169243287225,last,Economics and Econometrics,Innovation Policy and R&D,2,10,8,486
https://openalex.org/A5014139463,Mónica Yañez,https://openalex.org/W2098677306,Bank ownership and performance. Does politics matter?,2006,article,850,1224,6,0.6944444444444444,last,Finance,"Banking stability, regulation, efficiency",3,4,4,370
https://openalex.org/A5009041896,Mikael Skou Andersen,https://openalex.org/W1978465839,An introductory note on the environmental economics of the circular economy,2006,article,844,1224,35,0.6895424836601307,first,Economics and Econometrics,Climate Change Policy and Economics,1,11,8,236
https://openalex.org/A5040020798,Janet Staiger,https://openalex.org/W1974496296,The Classical Hollywood Cinema: Film Style &amp; Mode of Production to 1960,1986,article,632,1222,20,0.5171849427168577,middle,Economics and Econometrics,Cinema and Media Studies,3,5,3,213
https://openalex.org/A5018273681,David Demery,https://openalex.org/W2031882280,Studies in Business-Cycle Theory.,1982,article,794,1221,36,0.6502866502866503,first,"General Economics, Econometrics and Finance",Economic Theory and Policy,2,5,5,110
https://openalex.org/A5035117180,Sarah Barber,https://openalex.org/W1980938356,Trends in access to health services and financial protection in China between 2003 and 2011: a cross-sectional study,2012,article,614,1221,22,0.5028665028665029,last,Finance,Healthcare Systems and Reforms,10,5,4,242
https://openalex.org/A5060751756,Ivo Vlaev,https://openalex.org/W2148440443,The behavioralist as tax collector: Using natural field experiments to enhance tax compliance,2017,article,730,1217,16,0.599835661462613,last,Economics and Econometrics,Taxation and Compliance Studies,4,5,4,109
https://openalex.org/A5089458669,Anne B. Newman,https://openalex.org/W1994046047,"The Burden of Cardiovascular Disease in the Elderly: Morbidity, Mortality, and Costs",2009,review,655,1217,14,0.5382087099424815,last,Economics and Econometrics,"Health Systems, Economic Evaluations, Quality of Life",2,6,4,387
https://openalex.org/A5046046780,Charles Jones,https://openalex.org/W2891061867,Why Do Some Countries Produce So Much More Output per Worker than Others?,1999,preprint,824,1216,19,0.6776315789473685,last,Economics and Econometrics,Fiscal Policy and Economic Growth,2,14,8,219
https://openalex.org/A5038646706,Pierre Dieterlen,https://openalex.org/W2063474468,Economic Policy: Principles and Design,1959,article,626,1214,35,0.515650741350906,first,"General Economics, Econometrics and Finance",Economic Theory and Policy,2,23,10,585
https://openalex.org/A5023864681,V. Ravi Anshuman,https://openalex.org/W2019810426,Trading activity and expected stock returns,2001,article,913,1212,13,0.7533003300330033,last,Finance,Financial Markets and Investment Strategies,3,4,4,241
https://openalex.org/A5001212708,Johannes Ludsteck,https://openalex.org/W3125121094,Revisiting the German Wage Structure<sup>*</sup>,2009,article,815,1210,20,0.6735537190082644,middle,Economics and Econometrics,Labor market dynamics and wage inequality,3,10,9,274
https://openalex.org/A5013775447,Elisa Lanzi,https://openalex.org/W793980422,Long-term economic growth projections in the Shared Socioeconomic Pathways,2015,article,899,1209,24,0.7435897435897436,middle,Economics and Econometrics,Economic Growth and Productivity,4,15,9,240
https://openalex.org/A5026487336,Thomas K. Rymes,https://openalex.org/W2048750613,Structural Change and Economic Growth: A Theoretical Essay on the Dynamics of the Wealth of Nations,1984,article,657,1209,37,0.543424317617866,first,Economics and Econometrics,Economic Growth and Productivity,2,12,9,457
https://openalex.org/A5077631413,Ken Pearson,https://openalex.org/W1983959689,Computing solutions for large general equilibrium models using GEMPACK,1996,article,642,1209,28,0.5310173697270472,last,"General Economics, Econometrics and Finance",Monetary Policy and Economic Impact,2,12,12,306
https://openalex.org/A5033376404,Kenneth Finegold,https://openalex.org/W1897869256,"Changes in Self-reported Insurance Coverage, Access to Care, and Health Under the Affordable Care Act",2015,article,653,1208,13,0.5405629139072847,middle,Economics and Econometrics,Healthcare Policy and Management,4,7,6,402
https://openalex.org/A5114048250,George‐Marios Angeletos,https://openalex.org/W2014339993,Volatility and growth: Credit constraints and the composition of investment,2010,article,630,1206,28,0.5223880597014925,middle,Economics and Econometrics,Economic theories and models,4,13,13,479
https://openalex.org/A5061263479,F. R. Oliver,https://openalex.org/W2149593270,The General Household Survey,1974,article,875,1205,21,0.7261410788381742,first,Finance,"Housing, Finance, and Neoliberalism",1,14,11,265
https://openalex.org/A5001521698,Hu Jian,https://openalex.org/W3125404604,The Stock Market's Reaction to Unemployment News: Why Bad News Is Usually Good for Stocks,2005,article,811,1205,22,0.6730290456431536,middle,Finance,Financial Markets and Investment Strategies,3,9,4,296
https://openalex.org/A5072353857,Domenico Moro,https://openalex.org/W1968486838,Discrete Choice Experiments in Health Economics: A Review of the Literature,2014,review,857,1198,15,0.7153589315525877,middle,Economics and Econometrics,Economic and Environmental Valuation,5,8,5,306
https://openalex.org/A5067091197,Johan Myhrman,https://openalex.org/W2029491176,Economic Behavior and Institutions,1991,article,991,1196,16,0.8285953177257525,first,Economics and Econometrics,Economic Theory and Institutions,2,14,12,179
https://openalex.org/A5041995812,Qiang Zhi,https://openalex.org/W2561536782,The Role of Green Finance in Environmental Protection: Two Aspects of Market Mechanism and Policies,2016,article,619,1189,11,0.520605550883095,last,Economics and Econometrics,"Energy, Environment, Economic Growth",2,6,5,349
https://openalex.org/A5027093080,Alexander Marshak,https://openalex.org/W2947459187,Approximate Entropy and Sample Entropy: A Comprehensive Tutorial,2019,review,648,1187,6,0.5459140690817186,last,Economics and Econometrics,Complex Systems and Time Series Analysis,2,5,5,539
https://openalex.org/A5022414285,Denis Pereira Gray,https://openalex.org/W2811105518,Continuity of care with doctors—a matter of life and death? A systematic review of continuity of care and mortality,2018,review,735,1185,18,0.620253164556962,first,Economics and Econometrics,Healthcare Policy and Management,5,16,12,449
https://openalex.org/A5085721518,Brent Bundick,https://openalex.org/W3125040857,Uncertainty Shocks in a Model of Effective Demand,2017,article,788,1181,59,0.6672311600338696,last,"General Economics, Econometrics and Finance",Monetary Policy and Economic Impact,2,19,15,215
https://openalex.org/A5084168727,Stefan Fölster,https://openalex.org/W3122325186,Growth effects of government expenditure and taxation in rich countries,2001,article,765,1180,20,0.6483050847457628,first,Economics and Econometrics,Fiscal Policy and Economic Growth,2,15,10,297
https://openalex.org/A5034886109,Otto Kreye,https://openalex.org/W2255931723,The New International Division of Labour,1981,preprint,894,1179,6,0.7582697201017812,last,"General Economics, Econometrics and Finance",Economic Theory and Policy,3,3,3,264
https://openalex.org/A5013210116,John M. McNamara,https://openalex.org/W2142791239,General results concerning the trade-off between gaining energy and avoiding predation,1993,article,654,1179,13,0.55470737913486,middle,Economics and Econometrics,Economic and Environmental Valuation,3,4,4,235
https://openalex.org/A5058545067,John S. Henderson,https://openalex.org/W2000558531,Linear Programming and Economic Analysis,1958,article,1050,1177,12,0.8920985556499575,first,Economics and Econometrics,Economic theories and models,2,7,4,116
https://openalex.org/A5085179014,Faridul Islam,https://openalex.org/W2170778552,Financial development and energy consumption nexus in Malaysia: A multivariate time series analysis,2012,article,611,1177,38,0.5191163976210705,first,Economics and Econometrics,"Energy, Environment, Economic Growth",4,15,13,178
https://openalex.org/A5015707312,B. R. Mitchell,https://openalex.org/W4301020739,A Theory of Economic History.,1970,article,754,1176,23,0.641156462585034,first,Economics and Econometrics,Historical Economic and Social Studies,2,7,7,113
https://openalex.org/A5001962018,Norichika Kanie,https://openalex.org/W2591909885,Global governance by goal-setting: the novel approach of the UN Sustainable Development Goals,2017,article,1036,1172,14,0.8839590443686007,middle,Economics and Econometrics,Climate Change Policy and Economics,3,9,5,112
https://openalex.org/A5041435494,Sérgio Firpo,https://openalex.org/W2188313221,Decomposing Wage Distributions Using Recentered Influence Function Regressions,2018,article,622,1172,34,0.5307167235494881,first,Economics and Econometrics,Labor market dynamics and wage inequality,3,22,17,480
https://openalex.org/A5102015318,Hui Yan,https://openalex.org/W2750948933,"Relationship between innovation capability, innovation type, and firm performance",2017,article,987,1165,12,0.8472103004291845,last,Economics and Econometrics,Insurance and Financial Risk Management,2,5,4,167
https://openalex.org/A5076013023,Robert Léonard,https://openalex.org/W2569616450,Theory of Games and Economic Behavior,2006,article,967,1165,21,0.8300429184549356,first,Economics and Econometrics,Economic Theory and Institutions,1,12,9,150
https://openalex.org/A5103178729,Jennifer Hunt,https://openalex.org/W3023146776,How Much Does Immigration Boost Innovation?,2010,article,802,1164,9,0.6890034364261168,first,Economics and Econometrics,Firm Innovation and Growth,2,3,3,227
https://openalex.org/A5100440045,Jie Wang,https://openalex.org/W4225698758,The Dynamic Impact of Digital Economy on Carbon Emission Reduction: Evidence City-level Empirical Data in China,2022,article,653,1164,34,0.5609965635738832,last,Economics and Econometrics,"Energy, Environment, Economic Growth",2,14,12,182
https://openalex.org/A5020869912,Namwon Hyung,https://openalex.org/W2132090039,Occasional structural breaks and long memory with an application to the S&amp;P 500 absolute stock returns,2004,article,800,1162,34,0.6884681583476764,last,Economics and Econometrics,Complex Systems and Time Series Analysis,2,6,5,171
https://openalex.org/A5066012369,Laura Hering,https://openalex.org/W2080518220,Environmental policy and exports: Evidence from Chinese cities,2014,article,762,1161,30,0.6563307493540051,first,Economics and Econometrics,"Energy, Environment, Economic Growth",2,20,15,324
https://openalex.org/A5048356827,Donald E. Hatfield,https://openalex.org/W2163982728,"A Longitudinal Study of the Impact of R&amp;D, Patents, and Product Innovation on Firm Performance",2010,article,761,1161,10,0.6554694229112834,middle,Economics and Econometrics,Innovation Policy and R&D,4,6,5,311
https://openalex.org/A5103432759,Alfredo J. Selim,https://openalex.org/W2055264173,Updated U.S. population standard for the Veterans RAND 12-item Health Survey (VR-12),2008,article,586,1161,13,0.5047372954349698,first,Economics and Econometrics,Healthcare Policy and Management,7,6,6,425
https://openalex.org/A5018556476,David Ruelle,https://openalex.org/W2010187498,Liapunov exponents from time series,1986,article,968,1160,7,0.8344827586206897,middle,Economics and Econometrics,Complex Systems and Time Series Analysis,4,3,3,155
https://openalex.org/A5009704924,Monica Singhal,https://openalex.org/W4237329471,Tax Morale,2014,article,605,1160,20,0.521551724137931,last,Economics and Econometrics,Taxation and Compliance Studies,2,10,9,116
https://openalex.org/A5113657573,John D. Hicks,https://openalex.org/W2570960336,The Rise of the Western World: A New Economic History.,1974,article,712,1157,8,0.6153846153846154,first,Finance,Global Financial Crisis and Policies,3,3,3,404
https://openalex.org/A5081561985,John D. Sterman,https://openalex.org/W1966486805,Misperceptions of feedback in dynamic decision making,1989,article,599,1156,24,0.5181660899653979,first,Economics and Econometrics,Economic theories and models,1,10,9,207
https://openalex.org/A5070885579,William L. Griever,https://openalex.org/W2129110868,Information costs and home bias: an analysis of US holdings of foreign equities,2004,article,845,1154,5,0.7322357019064125,middle,Finance,Financial Markets and Investment Strategies,3,3,3,287
https://openalex.org/A5026809467,Samir Saadi,https://openalex.org/W2793906868,Portfolio diversification with virtual currency: Evidence from bitcoin,2018,article,627,1154,41,0.5433275563258232,middle,Economics and Econometrics,Market Dynamics and Volatility,4,21,18,319
https://openalex.org/A5007350975,Timothy Q. Cook,https://openalex.org/W3124548736,The effect of changes in the federal funds rate target on market interest rates in the 1970s,1989,article,614,1154,45,0.5320623916811091,first,"General Economics, Econometrics and Finance",Monetary Policy and Economic Impact,2,35,25,422
https://openalex.org/A5049698057,А.Г. Лилеева,https://openalex.org/W2166164058,Improved Access to Foreign Markets Raises Plant-Level Productivity… for Some Plants<sup>*</sup>,2010,article,861,1150,15,0.7486956521739131,first,"General Economics, Econometrics and Finance",Global trade and economics,2,11,7,254
https://openalex.org/A5029120853,Jon A. Wellner,https://openalex.org/W4256659713,Weak Convergence and Empirical Processes,1997,article,763,1150,14,0.6634782608695652,last,Economics and Econometrics,Economic Growth and Productivity,3,4,4,137
https://openalex.org/A5086846511,Charles Redlick,https://openalex.org/W2135359744,Macroeconomic Effects From Government Purchases and Taxes *,2011,article,845,1149,4,0.7354221061792864,last,Economics and Econometrics,Fiscal Policy and Economic Growth,2,3,3,304
https://openalex.org/A5062950490,Jeremiah Green,https://openalex.org/W3121274430,The Characteristics that Provide Independent Information about Average U.S. Monthly Stock Returns,2017,article,630,1147,16,0.5492589363557105,first,Finance,Financial Markets and Investment Strategies,3,9,8,342
https://openalex.org/A5054879126,Jing Jian Xiao,https://openalex.org/W2973338680,The impact of digital finance on household consumption: Evidence from China,2019,article,873,1146,26,0.7617801047120419,last,Economics and Econometrics,Microfinance and Financial Inclusion,3,15,10,171
https://openalex.org/A5059947071,Andrew G. Keeler,https://openalex.org/W2127820364,Economic Valuation of Ecosystem Services Provided by Oyster Reefs,2012,article,657,1145,24,0.5737991266375546,middle,Economics and Econometrics,Economic and Environmental Valuation,9,22,15,488
https://openalex.org/A5027312194,Sebastián Bustos,https://openalex.org/W3141829792,The Atlas of economic complexity: mapping paths to prosperity,2014,article,888,1143,15,0.7769028871391076,first,Economics and Econometrics,Economic and Technological Innovation,5,4,3,181
https://openalex.org/A5077736818,Yoke‐Kee Eng,https://openalex.org/W2074432817,Investigation of the environmental Kuznets curve for carbon emissions in Malaysia: Do foreign direct investment and trade matter?,2014,article,669,1143,24,0.5853018372703412,last,Economics and Econometrics,"Energy, Environment, Economic Growth",3,13,8,181
https://openalex.org/A5077961608,Christoph Zielinski,https://openalex.org/W2753603515,ESMO-Magnitude of Clinical Benefit Scale version 1.1,2017,article,633,1140,30,0.5552631578947368,middle,Economics and Econometrics,Economic and Financial Impacts of Cancer,10,15,5,161
https://openalex.org/A5089063997,Isidro Soloaga,https://openalex.org/W2040770317,Regionalism in the nineties: what effect on trade?,2001,article,629,1139,43,0.5522388059701493,first,"General Economics, Econometrics and Finance",Global trade and economics,2,14,11,309
https://openalex.org/A5060495004,Carol McAusland,https://openalex.org/W2072620349,Trade and the Environment: Theory and Evidence,2004,article,580,1139,23,0.5092186128182616,first,Economics and Econometrics,"Energy, Environment, Economic Growth",3,9,6,222
https://openalex.org/A5041101744,Robert Joyce,https://openalex.org/W3037107571,COVID‐19 and Inequalities*,2020,article,889,1138,32,0.781195079086116,middle,Economics and Econometrics,COVID-19 Pandemic Impacts,4,24,14,212
https://openalex.org/A5073450817,Douglas Leslie,https://openalex.org/W2134047636,"What Does the Value of Modern Medicine Say About the $50,000 per Quality-Adjusted Life-Year Decision Rule?",2008,article,585,1138,34,0.5140597539543058,middle,Economics and Econometrics,"Health Systems, Economic Evaluations, Quality of Life",5,12,10,286
https://openalex.org/A5014013348,Michael Boss,https://openalex.org/W1984522981,Network topology of the interbank market,2004,article,842,1137,18,0.7405452946350044,first,Economics and Econometrics,Complex Systems and Time Series Analysis,4,9,4,164
https://openalex.org/A5061814051,Steven Slutsky,https://openalex.org/W2059444650,Endogenous timing in duopoly games: Stackelberg or cournot equilibria,1990,article,661,1137,41,0.5813544415127528,last,Economics and Econometrics,Merger and Competition Analysis,2,11,9,198
https://openalex.org/A5021464296,Vasia Panousi,https://openalex.org/W2099378469,"Investment, Idiosyncratic Risk, and Ownership",2012,article,651,1135,26,0.573568281938326,first,Finance,Financial Markets and Investment Strategies,2,17,15,307
https://openalex.org/A5071364456,Yasheng Huang,https://openalex.org/W2010676610,Selling China: Foreign Direct Investment during the Reform Era,2004,article,704,1134,39,0.6208112874779541,middle,"General Economics, Econometrics and Finance",Economic Zones and Regional Development,3,11,7,168
https://openalex.org/A5018385360,Beth Mintz,https://openalex.org/W1592566643,The Power Structure of American Business,1986,article,582,1133,9,0.5136804942630185,middle,Finance,Global Financial Crisis and Policies,3,3,3,273
https://openalex.org/A5109856369,Markus Glaser,https://openalex.org/W3124620626,Overconfidence and trading volume,2007,article,732,1131,29,0.6472148541114059,last,Finance,Financial Markets and Investment Strategies,2,11,7,190
https://openalex.org/A5066957487,Isabel Tecu,https://openalex.org/W2887416572,Anticompetitive Effects of Common Ownership,2018,article,895,1130,12,0.7920353982300885,last,"General Economics, Econometrics and Finance",Aviation Industry Analysis and Trends,3,5,5,212
https://openalex.org/A5079536161,Edward A. Snyder,https://openalex.org/W2947602815,The Costs of Organization,1991,article,602,1129,22,0.5332152347209921,last,Economics and Econometrics,"Law, Economics, and Judicial Systems",3,7,7,282
https://openalex.org/A5012461117,Dariusz Ga̧tarek,https://openalex.org/W2015535719,Martingale and stationary solutions for stochastic Navier-Stokes equations,1995,article,618,1126,37,0.5488454706927176,last,Finance,Stochastic processes and financial applications,2,5,5,229
https://openalex.org/A5078925725,J. Peter Ferderer,https://openalex.org/W2097241502,Oil price volatility and the macroeconomy,1996,article,771,1125,23,0.6853333333333333,first,Economics and Econometrics,Market Dynamics and Volatility,1,7,4,300
https://openalex.org/A5037222817,Robert Metcalfe,https://openalex.org/W2148440443,The behavioralist as tax collector: Using natural field experiments to enhance tax compliance,2017,article,730,1121,20,0.6512042818911686,middle,Economics and Econometrics,Taxation and Compliance Studies,4,10,10,340
https://openalex.org/A5030808514,Elif Akbostancı,https://openalex.org/W2063735176,The relationship between income and environment in Turkey: Is there an environmental Kuznets curve?,2008,article,807,1120,17,0.7205357142857143,first,Economics and Econometrics,"Energy, Environment, Economic Growth",3,6,6,238
https://openalex.org/A5071466972,Phillip B. Levine,https://openalex.org/W1719388392,Discrimination in the Small-Business Credit Market,2003,article,757,1117,16,0.6777081468218442,middle,Economics and Econometrics,Microfinance and Financial Inclusion,3,9,7,210
https://openalex.org/A5007804390,Erzo F.P. Luttmer,https://openalex.org/W4237329471,Tax Morale,2014,article,605,1114,21,0.5430879712746858,first,Economics and Econometrics,Taxation and Compliance Studies,2,15,10,315
https://openalex.org/A5103360194,Richard J Boden,https://openalex.org/W2032161791,On the survival prospects of men's and women's new business ventures,2000,article,566,1114,4,0.5080789946140036,first,Economics and Econometrics,Firm Innovation and Growth,2,3,3,548
https://openalex.org/A5007008142,Benito Sánchez,https://openalex.org/W3122509291,Financial development and economic growth: New evidence from panel data,2010,article,782,1112,15,0.7032374100719424,middle,Economics and Econometrics,Fiscal Policy and Economic Growth,3,6,5,217
https://openalex.org/A5103482789,John A. Fleishman,https://openalex.org/W2055264173,Updated U.S. population standard for the Veterans RAND 12-item Health Survey (VR-12),2008,article,586,1112,15,0.5269784172661871,middle,Economics and Econometrics,Healthcare Policy and Management,7,13,10,503
https://openalex.org/A5045781860,Gregory Noronha,https://openalex.org/W3121445015,The Price Response to S&amp;P 500 Index Additions and Deletions: Evidence of Asymmetry and a New Explanation,2004,article,585,1112,20,0.5260791366906474,middle,Finance,Financial Markets and Investment Strategies,3,9,9,382
https://openalex.org/A5002512629,Hubert Gatignon,https://openalex.org/W4233616539,Strategic Orientation of the Firm and New Product Performance,1997,article,920,1110,8,0.8288288288288288,first,Economics and Econometrics,Economic and Business Development Strategies,2,5,5,190
https://openalex.org/A5016372635,Charles H. Kennedy,https://openalex.org/W2091171224,Induced Bias in Innovation and the Theory of Distribution,1964,article,634,1110,32,0.5711711711711712,first,"General Economics, Econometrics and Finance",Economic Theory and Policy,1,12,11,121
https://openalex.org/A5069804881,Anders Åkerman,https://openalex.org/W1959870581,The Skill Complementarity of Broadband Internet *,2015,article,730,1108,22,0.6588447653429603,first,Economics and Econometrics,Labor market dynamics and wage inequality,3,13,9,158
https://openalex.org/A5112866279,P.P. Saviotti,https://openalex.org/W3142099653,"[L'évolution technologique, la variété et l'économie]",1996,preprint,555,1108,12,0.5009025270758123,first,Economics and Econometrics,Economic and Technological Innovation,1,4,4,483
https://openalex.org/A5015480292,Scott J. Edgett,https://openalex.org/W2091070000,Portfolio management for new product development: results of an industry practices study,2001,article,693,1107,6,0.6260162601626016,middle,Finance,Capital Investment and Risk Analysis,3,4,3,281
https://openalex.org/A5044272838,Paul M. Healy,https://openalex.org/W2144167072,Which types of analyst firms are more optimistic?,2006,article,627,1102,25,0.5689655172413793,last,Finance,Financial Markets and Investment Strategies,3,7,4,317
https://openalex.org/A5081476885,James B. Glattfelder,https://openalex.org/W2116075173,The Network of Global Corporate Control,2011,article,805,1097,15,0.7338195077484048,middle,Economics and Econometrics,Complex Systems and Time Series Analysis,3,5,5,256
https://openalex.org/A5064918624,David C. Thorns,https://openalex.org/W2158324878,"Home, Home Ownership and the Search for Ontological Security",1998,article,706,1097,28,0.6435733819507748,last,Finance,"Housing, Finance, and Neoliberalism",2,16,12,286
https://openalex.org/A5052527815,Chuanjiang Liu,https://openalex.org/W4200555625,Who is financing corporate green innovation?,2021,article,563,1094,11,0.5146252285191956,middle,Economics and Econometrics,"Energy, Environment, Economic Growth",3,7,5,464
https://openalex.org/A5071656565,Antti Kanto,https://openalex.org/W2123199877,Dynamics of market correlations: Taxonomy and portfolio analysis,2003,article,751,1093,16,0.687099725526075,last,Economics and Econometrics,Complex Systems and Time Series Analysis,5,7,6,107
https://openalex.org/A5109091532,Charlotte Erickson,https://openalex.org/W2011720884,Institutional Change and American Economic Growth.,1972,article,690,1093,29,0.6312900274473925,first,Economics and Econometrics,Economic Theory and Institutions,3,16,9,133
https://openalex.org/A5067853794,Amir A. Ghaferi,https://openalex.org/W3146347245,STROBE Reporting Guidelines for Observational Studies,2021,article,568,1093,11,0.5196706312900274,first,Economics and Econometrics,Healthcare Policy and Management,3,8,6,514
https://openalex.org/A5060005698,Joachim Freyberger,https://openalex.org/W3018089439,Dissecting Characteristics Nonparametrically,2019,article,579,1090,19,0.5311926605504587,first,Finance,Financial Markets and Investment Strategies,3,10,9,465
https://openalex.org/A5054848843,Thomas R. Frieden,https://openalex.org/W2740060821,"Evidence for Health Decision Making — Beyond Randomized, Controlled Trials",2017,review,746,1089,8,0.6850321395775941,first,Economics and Econometrics,"Health Systems, Economic Evaluations, Quality of Life",1,4,3,292
https://openalex.org/A5075813760,Mehmet Ulubaşoğlu,https://openalex.org/W1956940534,Democracy and Economic Growth: A Meta‐Analysis,2008,article,573,1089,33,0.5261707988980716,last,Economics and Econometrics,Fiscal Policy and Economic Growth,2,14,10,363
https://openalex.org/A5031013195,Victor M. Manyong,https://openalex.org/W2735915657,Impacts of extension access and cooperative membership on technology adoption and household welfare,2017,article,569,1089,14,0.5224977043158862,last,Economics and Econometrics,Microfinance and Financial Inclusion,7,8,5,306
https://openalex.org/A5077482186,Walter L. Arnstein,https://openalex.org/W2092310484,The Great Arch: English State Formation as Cultural Revolution,1987,article,738,1088,30,0.6783088235294118,first,Economics and Econometrics,Historical Economic and Social Studies,4,6,3,335
https://openalex.org/A5090486461,Peter M. Layde,https://openalex.org/W1984021935,Are Patients at Veterans Affairs Medical Centers Sicker?,2000,article,737,1088,14,0.6773897058823529,last,Economics and Econometrics,Healthcare Policy and Management,4,10,8,273
https://openalex.org/A5086304685,Jeremy Hurst,https://openalex.org/W2098987619,A conceptual framework for the OECD Health Care Quality Indicators Project,2006,article,800,1087,7,0.7359705611775529,middle,Economics and Econometrics,"Health Systems, Economic Evaluations, Quality of Life",4,6,6,287
https://openalex.org/A5054642342,Stephanie Kremer,https://openalex.org/W2104615763,Inflation and growth: new evidence from a dynamic panel threshold analysis,2012,article,780,1087,14,0.7175712971481141,first,Economics and Econometrics,Fiscal Policy and Economic Growth,3,4,4,110
https://openalex.org/A5102721474,Francisco Alcalá,https://openalex.org/W2110373102,Trade and Productivity,2004,article,929,1085,24,0.8562211981566821,first,"General Economics, Econometrics and Finance",Global trade and economics,2,10,5,100
https://openalex.org/A5066494352,J.B. Opschoor,https://openalex.org/W2070487594,Economic growth and emissions: reconsidering the empirical basis of environmental Kuznets curves,1998,article,772,1085,9,0.7115207373271889,last,Economics and Econometrics,"Energy, Environment, Economic Growth",3,4,3,276
https://openalex.org/A5041071587,Carmen Fernández,https://openalex.org/W2135728169,Model uncertainty in cross‐country growth regressions,2001,article,889,1084,6,0.8201107011070111,first,Economics and Econometrics,Economic Growth and Productivity,3,3,3,164
https://openalex.org/A5003706681,Hemang Desai,https://openalex.org/W3123895924,An Investigation of the Informational Role of Short Interest in the Nasdaq Market,2002,article,682,1084,12,0.6291512915129152,first,Finance,Financial Markets and Investment Strategies,4,4,4,219
https://openalex.org/A5066071388,Robert Bacon,https://openalex.org/W2000725910,Rockets and feathers: the asymmetric speed of adjustment of UK retail gasoline prices to cost changes,1991,article,558,1084,23,0.514760147601476,first,Economics and Econometrics,Economic Growth and Productivity,1,13,10,441
https://openalex.org/A5039190947,Donald B.K. English,https://openalex.org/W2136265349,The Role of Amenities and Quality of Life In Rural Economic Growth,2001,article,708,1083,31,0.6537396121883656,last,Economics and Econometrics,Regional Economics and Spatial Analysis,4,15,12,278
https://openalex.org/A5077095659,Richard Ν. Gardner,https://openalex.org/W2143436328,The United Nations Conference on Trade and Development,1968,article,547,1083,18,0.5050784856879039,first,"General Economics, Econometrics and Finance",Global trade and economics,1,11,9,407
https://openalex.org/A5076267966,Serhiy Kozak,https://openalex.org/W3126136988,Shrinking the cross-section,2019,article,706,1082,23,0.6524953789279113,first,Finance,Financial Markets and Investment Strategies,3,11,7,107
https://openalex.org/A5009697749,Marvin T. Batte,https://openalex.org/W2131527177,Decomposing Local: A Conjoint Analysis of Locally Produced Foods,2008,article,588,1082,19,0.5434380776340111,middle,Economics and Econometrics,Economic and Environmental Valuation,4,13,10,269
https://openalex.org/A5100339490,Eunhee Kim,https://openalex.org/W2051992491,Stock Market Openings: Experience of Emerging Economies,2000,article,545,1082,9,0.5036968576709797,first,Finance,Financial Markets and Investment Strategies,2,3,3,125
https://openalex.org/A5064576354,Khalifa H. Ghali,https://openalex.org/W1986959413,Energy use and output growth in Canada: a multivariate cointegration analysis,2003,article,618,1080,16,0.5722222222222222,first,Economics and Econometrics,"Energy, Environment, Economic Growth",2,11,8,436
https://openalex.org/A5024406367,Michael S. Lauer,https://openalex.org/W2333929093,The Randomized Registry Trial — The Next Disruptive Technology in Clinical Research?,2013,article,586,1079,20,0.5430954587581094,first,Economics and Econometrics,"Health Systems, Economic Evaluations, Quality of Life",2,13,12,300
https://openalex.org/A5016398375,Andrés Almazán,https://openalex.org/W3124803091,Why constrain your mutual fund manager?,2004,article,556,1079,15,0.5152919369786839,first,Finance,Financial Markets and Investment Strategies,4,7,7,299
https://openalex.org/A5014980288,Cong S. Pham,https://openalex.org/W3122164925,Trading on Time,2010,article,608,1076,21,0.5650557620817844,last,"General Economics, Econometrics and Finance",Global trade and economics,3,9,5,319
https://openalex.org/A5021933009,T. P. Hill,https://openalex.org/W2151517224,ON GOODS AND SERVICES,1977,article,791,1075,13,0.7358139534883721,first,Economics and Econometrics,Economic Theory and Institutions,1,7,6,172
https://openalex.org/A5018743213,Federico Belotti,https://openalex.org/W263154455,Twopm: Two-Part Models,2015,article,582,1075,37,0.5413953488372093,first,Economics and Econometrics,"Health Systems, Economic Evaluations, Quality of Life",4,17,14,220
https://openalex.org/A5091753550,Sebastian Hinde,https://openalex.org/W166560170,Methods for the estimation of the National Institute for Health and Care Excellence cost-effectiveness threshold,2015,article,842,1074,24,0.7839851024208566,middle,Economics and Econometrics,"Health Systems, Economic Evaluations, Quality of Life",9,5,4,162
https://openalex.org/A5012374637,Reetu Verma,https://openalex.org/W2002806316,"CO2 emissions, energy consumption, trade and income: A comparative analysis of China and India",2011,article,618,1074,23,0.5754189944134078,middle,Economics and Econometrics,"Energy, Environment, Economic Growth",3,13,11,413
https://openalex.org/A5013807415,Steven I. Marcus,https://openalex.org/W1967037758,Discrete-Time Controlled Markov Processes with Average Cost Criterion: A Survey,1993,article,606,1074,17,0.5642458100558659,last,Economics and Econometrics,Economic theories and models,5,5,4,172
https://openalex.org/A5064524239,Curtis L. Gilroy,https://openalex.org/W1571659936,The Effect of the Minimum Wage on Employment and Unemployment,1982,article,711,1072,23,0.6632462686567164,middle,Economics and Econometrics,Labor market dynamics and wage inequality,3,8,3,105
https://openalex.org/A5041633207,Howard J. Sherman,https://openalex.org/W2045943110,Economics and the Public Purpose,1975,article,562,1072,67,0.5242537313432836,middle,Economics and Econometrics,Economic Theory and Institutions,6,12,9,135
https://openalex.org/A5054005441,Andrea Prestipino,https://openalex.org/W2976118977,The economic effects of trade policy uncertainty,2019,article,559,1071,29,0.5219421101774043,middle,Economics and Econometrics,Market Dynamics and Volatility,5,9,8,127
https://openalex.org/A5111371092,J. M. Finger,https://openalex.org/W1982375278,A Measure of `Export Similarity' and Its Possible Uses,1979,article,553,1071,16,0.5163398692810458,first,"General Economics, Econometrics and Finance",Global trade and economics,2,13,11,488
https://openalex.org/A5072339269,Colin Vance,https://openalex.org/W3022345057,Economic impacts from the promotion of renewable energy technologies: The German experience,2010,article,596,1069,57,0.5575304022450889,last,Economics and Econometrics,Climate Change Policy and Economics,4,16,11,141
https://openalex.org/A5044103656,Rachel R. Hardeman,https://openalex.org/W3054533486,Physician–patient racial concordance and disparities in birthing mortality for newborns,2020,article,719,1066,7,0.6744840525328331,middle,Economics and Econometrics,Healthcare Policy and Management,4,5,5,347
https://openalex.org/A5041246861,Martina Morris,https://openalex.org/W2129487554,INEQUALITY IN EARNINGS AT THE CLOSE OF THE TWENTIETH CENTURY,1999,article,609,1066,13,0.5712945590994372,first,Economics and Econometrics,Labor market dynamics and wage inequality,2,7,5,348
https://openalex.org/A5113511833,J Lomas,https://openalex.org/W2074448530,Evidence of self-report bias in assessing adherence to guidelines,1999,review,663,1065,14,0.6225352112676056,middle,Economics and Econometrics,"Health Systems, Economic Evaluations, Quality of Life",4,13,9,402
https://openalex.org/A5052588142,Erwin A. Blackstone,https://openalex.org/W1534205942,Redefining Health Care: Creating Value-Based Competition on Results,2007,article,878,1063,29,0.825964252116651,first,Economics and Econometrics,Healthcare Policy and Management,2,20,12,149
https://openalex.org/A5073468067,Donald J. Lecraw,https://openalex.org/W1590604157,Multinational Enterprise and Economic Analysis,1983,article,577,1062,7,0.5433145009416196,first,"General Economics, Econometrics and Finance",Global trade and economics,1,4,4,368
https://openalex.org/A5111787939,John C. Heaton,https://openalex.org/W2146387535,Consumption Strikes Back? Measuring Long‐Run Risk,2008,article,797,1058,5,0.7533081285444234,middle,Finance,Financial Markets and Investment Strategies,3,3,3,114
https://openalex.org/A5081151451,Jeffrey K Aronson,https://openalex.org/W2269807470,Post-marketing withdrawal of 462 medicinal products because of adverse drug reactions: a systematic review of the world literature,2016,review,603,1058,22,0.5699432892249527,last,Economics and Econometrics,Pharmaceutical Economics and Policy,3,8,7,248
https://openalex.org/A5075152023,Ann Dupuis,https://openalex.org/W2158324878,"Home, Home Ownership and the Search for Ontological Security",1998,article,706,1054,14,0.6698292220113852,first,Finance,"Housing, Finance, and Neoliberalism",2,4,4,129
https://openalex.org/A5021786996,Anthony G. Hopwood,https://openalex.org/W2138122541,Accounting and the environment,2009,article,643,1052,5,0.6112167300380228,first,Economics and Econometrics,Climate Change Policy and Economics,1,3,3,370
https://openalex.org/A5028160249,Rolf Larsson,https://openalex.org/W2100077709,Likelihood‐based cointegration tests in heterogeneous panels,2001,article,572,1052,31,0.5437262357414449,first,"General Economics, Econometrics and Finance",Monetary Policy and Economic Impact,3,11,11,153
https://openalex.org/A5080061716,Jia-Ning Kang,https://openalex.org/W4220757690,Policy and Management of Carbon Peaking and Carbon Neutrality: A Literature Review,2022,review,748,1051,7,0.7117031398667936,middle,Economics and Econometrics,"Energy, Environment, Economic Growth",6,4,4,194
https://openalex.org/A5004496681,Amanda Sowden,https://openalex.org/W2171111655,A checklist designed to aid consistency and reproducibility of GRADE assessments: development and pilot validation,2014,article,594,1051,7,0.5651760228353948,middle,Economics and Econometrics,"Health Systems, Economic Evaluations, Quality of Life",10,3,3,360
https://openalex.org/A5071317538,Scott E. Stickel,https://openalex.org/W2133300021,The Anatomy of the Performance of Buy and Sell Recommendations,1995,article,782,1049,6,0.7454718779790277,first,Finance,Financial Markets and Investment Strategies,1,4,4,238
https://openalex.org/A5015211598,Mingxing Chen,https://openalex.org/W1975597243,The Global Pattern of Urbanization and Economic Growth: Evidence from the Last Three Decades,2014,article,531,1048,20,0.5066793893129771,first,Economics and Econometrics,Regional Economics and Spatial Analysis,4,11,8,184
https://openalex.org/A5109906653,Elko J. Kleinschmidt,https://openalex.org/W2091070000,Portfolio management for new product development: results of an industry practices study,2001,article,693,1047,6,0.66189111747851,last,Finance,Capital Investment and Risk Analysis,3,3,3,221
https://openalex.org/A5039448508,Montek S. Ahluwalia,https://openalex.org/W2026539609,Economic Reforms in India Since 1991: Has Gradualism Worked?,2002,article,645,1044,10,0.617816091954023,first,Economics and Econometrics,Indian Economic and Social Development,1,3,3,309
https://openalex.org/A5076663975,Regina E. Herzlinger,https://openalex.org/W2415813948,How to solve the cost crisis in health care.,2011,article,535,1043,59,0.5129434324065196,first,Economics and Econometrics,Healthcare Policy and Management,1,32,15,477
https://openalex.org/A5009905230,William A. Bomberger,https://openalex.org/W1976537161,The Conquest of American Inflation,1999,article,674,1042,19,0.6468330134357005,first,"General Economics, Econometrics and Finance",Monetary Policy and Economic Impact,2,15,15,340
https://openalex.org/A5048219121,Daniel C. Bello,https://openalex.org/W2335289006,"The Effect of Output Controls, Process Controls, and Flexibility on Export Channel Performance",1997,article,574,1041,10,0.5513928914505284,first,"General Economics, Econometrics and Finance",Global trade and economics,2,6,6,202
https://openalex.org/A5037148992,Camila Casas,https://openalex.org/W2563540046,Dominant Currency Paradigm,2020,article,548,1040,26,0.5269230769230769,middle,"General Economics, Econometrics and Finance",Global trade and economics,6,14,10,129
https://openalex.org/A5005096525,Leonard W. Weiss,https://openalex.org/W2331526531,Firm Size and Profitability,1967,article,568,1039,19,0.546679499518768,last,Economics and Econometrics,Economic theories and models,2,8,7,149
https://openalex.org/A5027700002,Amar Radia,https://openalex.org/W149858772,Money Creation in the Modern Economy,2014,article,557,1038,11,0.5366088631984586,middle,"General Economics, Econometrics and Finance","Economic, financial, and policy analysis",3,4,4,105
https://openalex.org/A5010488802,Christoph Hanck,https://openalex.org/W2124265708,Combining non‐cointegration tests,2012,article,631,1037,56,0.6084860173577628,last,"General Economics, Econometrics and Finance",Monetary Policy and Economic Impact,2,30,19,138
https://openalex.org/A5090147268,Michele Costola,https://openalex.org/W3197113812,Inside the <scp>ESG</scp> ratings: (Dis)agreement and performance,2021,article,520,1037,50,0.5014464802314368,middle,Economics and Econometrics,Housing Market and Economics,5,27,15,260
https://openalex.org/A5070563546,Javier López-González,https://openalex.org/W2126319794,Supply‐chain Trade: A Portrait of Global Patterns and Several Testable Hypotheses,2014,article,801,1035,9,0.7739130434782608,last,"General Economics, Econometrics and Finance",Global trade and economics,2,8,8,234
https://openalex.org/A5055245564,Stephen D. Reiling,https://openalex.org/W2159677632,"Environmental attitudes, motivations, and contingent valuation of nonuse values: a case study involving endangered species",2000,article,667,1033,21,0.6456921587608906,last,Economics and Econometrics,Economic and Environmental Valuation,2,20,16,366
https://openalex.org/A5068627039,Hans van Kranenburg,https://openalex.org/W2154078224,Mergers and acquisitions: Their effect on the innovative performance of companies in high-tech industries,2006,article,556,1031,15,0.539282250242483,last,Economics and Econometrics,Firm Innovation and Growth,3,11,11,445
https://openalex.org/A5064094216,Wilfried Koch,https://openalex.org/W2165626679,"Growth, technological interdependence and spatial externalities: theory and evidence",2007,article,610,1030,26,0.5922330097087378,last,Economics and Econometrics,Regional Economics and Spatial Analysis,2,11,7,155
https://openalex.org/A5084039650,Tahirou Abdoulaye,https://openalex.org/W2735915657,Impacts of extension access and cooperative membership on technology adoption and household welfare,2017,article,569,1030,22,0.5524271844660195,middle,Economics and Econometrics,Microfinance and Financial Inclusion,7,6,5,206
https://openalex.org/A5032516490,Alexander Guembel,https://openalex.org/W2074167316,Manipulation and the Allocational Role of Prices,2008,article,568,1029,24,0.5519922254616132,last,Finance,Financial Markets and Investment Strategies,2,13,9,100
https://openalex.org/A5022288501,Liam Smeeth,https://openalex.org/W2915257975,Data resource profile: the National Health Insurance Research Database (NHIRD),2018,review,523,1027,19,0.5092502434274586,middle,Economics and Econometrics,Healthcare Policy and Management,4,11,5,294
https://openalex.org/A5111951947,Ann Bowling,https://openalex.org/W1564663008,Measuring Disease: A Review of Disease-Specific Quality of Life Measurement Scales,1995,review,738,1026,13,0.7192982456140351,first,Economics and Econometrics,"Health Systems, Economic Evaluations, Quality of Life",1,4,3,145
https://openalex.org/A5063896216,Paul A. Smith,https://openalex.org/W3123352023,Neighbors Matter: Causal Community Effects and Stock Market Participation,2008,article,723,1026,35,0.7046783625730995,middle,Economics and Econometrics,Economic Policies and Impacts,4,9,9,242
https://openalex.org/A5053553303,Astrid Fletcher,https://openalex.org/W1993415002,Quality of life measures in health care. I: Applications and issues in assessment.,1992,article,694,1025,12,0.6770731707317074,middle,Economics and Econometrics,"Health Systems, Economic Evaluations, Quality of Life",6,5,5,182
https://openalex.org/A5005986602,Allen Ma,https://openalex.org/W2112238954,Public Reporting and Pay for Performance in Hospital Quality Improvement,2007,article,851,1024,11,0.8310546875,middle,Economics and Econometrics,Healthcare Policy and Management,7,3,3,100
https://openalex.org/A5017055584,Ina Simonovska,https://openalex.org/W3124720144,The elasticity of trade: Estimates and evidence,2013,article,619,1023,23,0.6050830889540567,first,"General Economics, Econometrics and Finance",Global trade and economics,2,9,6,260
https://openalex.org/A5059428397,Mohd Zaini Abd Karim,https://openalex.org/W3137937089,The role of green finance in reducing CO2 emissions: An empirical analysis,2021,article,549,1022,35,0.5371819960861057,last,Economics and Econometrics,"Energy, Environment, Economic Growth",2,30,27,470
https://openalex.org/A5100687149,Weidong Liu,https://openalex.org/W1975597243,The Global Pattern of Urbanization and Economic Growth: Evidence from the Last Three Decades,2014,article,531,1022,20,0.5195694716242661,middle,Economics and Econometrics,Regional Economics and Spatial Analysis,4,10,10,378
https://openalex.org/A5108889237,O. Lange,https://openalex.org/W2048894562,On the Economic Theory of Socialism.,1938,article,778,1020,6,0.7627450980392156,middle,Economics and Econometrics,Economic Theory and Institutions,4,3,3,143
https://openalex.org/A5007825535,Nafis Alam,https://openalex.org/W3025870819,Coronavirus (COVID-19) — An epidemic or pandemic for financial markets,2020,article,718,1020,18,0.703921568627451,middle,Economics and Econometrics,COVID-19 Pandemic Impacts,3,10,4,132
https://openalex.org/A5048631023,Carmen E. Carrión-Flores,https://openalex.org/W2032393291,Environmental innovation and environmental performance,2009,article,595,1019,13,0.5839057899901865,first,Economics and Econometrics,"Energy, Environment, Economic Growth",2,6,3,281
https://openalex.org/A5105250655,Federico J. Díez,https://openalex.org/W2563540046,Dominant Currency Paradigm,2020,article,548,1019,35,0.5377821393523062,middle,"General Economics, Econometrics and Finance",Global trade and economics,6,27,18,317
https://openalex.org/A5026441986,Christina Gathmann,https://openalex.org/W2124405421,How General Is Human Capital? A Task‐Based Approach,2010,article,645,1018,19,0.6335952848722987,first,Economics and Econometrics,Labor market dynamics and wage inequality,2,6,6,148
https://openalex.org/A5112038340,M. Emranul Haque,https://openalex.org/W2158397823,PUBLIC EXPENDITURE AND ECONOMIC GROWTH: A DISAGGREGATED ANALYSIS FOR DEVELOPING COUNTRIES*,2007,article,557,1017,31,0.5476892822025565,middle,Economics and Econometrics,Fiscal Policy and Economic Growth,3,10,8,193
https://openalex.org/A5077038790,David Figlio,https://openalex.org/W1974875888,What's in a Grade? School Report Cards and the Housing Market,2004,article,527,1016,11,0.5187007874015748,first,Economics and Econometrics,Housing Market and Economics,2,7,7,483
https://openalex.org/A5066026659,Arega D. Alene,https://openalex.org/W2735915657,Impacts of extension access and cooperative membership on technology adoption and household welfare,2017,article,569,1015,8,0.5605911330049261,middle,Economics and Econometrics,Microfinance and Financial Inclusion,7,5,5,290
https://openalex.org/A5111650307,Mark Billings,https://openalex.org/W2082712813,This time is different: eight centuries of financial folly,2010,article,759,1013,22,0.7492596248766041,first,Finance,"Housing, Finance, and Neoliberalism",1,9,7,128
https://openalex.org/A5064821239,Seok‐Jun Yoon,https://openalex.org/W2604742992,"Towards Actualizing the Value Potential of Korea Health Insurance Review and Assessment (HIRA) Data as a Resource for Health Research: Strengths, Limitations, Applications, and Strategies for Optimal Use of HIRA Data",2017,review,695,1012,20,0.6867588932806324,middle,Economics and Econometrics,"Health Systems, Economic Evaluations, Quality of Life",4,15,13,265
https://openalex.org/A5101487818,Sanjay Srivastava,https://openalex.org/W1996634090,On Repeated Moral Hazard with Discounting,1987,article,644,1011,13,0.6369930761622157,last,Economics and Econometrics,"Law, Economics, and Judicial Systems",2,5,5,113
https://openalex.org/A5109028350,D Wild,https://openalex.org/W2149395822,Assessing and demonstrating data saturation in qualitative inquiry supporting patient-reported outcomes research,2010,review,555,1010,9,0.5495049504950495,last,Economics and Econometrics,"Health Systems, Economic Evaluations, Quality of Life",3,6,5,454
https://openalex.org/A5074938224,Murray A. Mittleman,https://openalex.org/W2144418705,Should We Use a Case-Crossover Design?,2000,review,726,1008,10,0.7202380952380952,last,Economics and Econometrics,"Health Systems, Economic Evaluations, Quality of Life",2,4,4,125
https://openalex.org/A5057918893,E. Somanathan,https://openalex.org/W3124589730,The Impact of Temperature on Productivity and Labor Supply: Evidence from Indian Manufacturing,2021,article,556,1008,18,0.5515873015873016,first,Economics and Econometrics,Climate Change Policy and Economics,4,16,13,451
https://openalex.org/A5045691648,Stephan Seiler,https://openalex.org/W2121782344,The Impact of Competition on Management Quality: Evidence from Public Hospitals,2015,article,510,1005,9,0.5074626865671642,middle,Economics and Econometrics,Healthcare Policy and Management,4,6,6,306
https://openalex.org/A5070772499,Hugh Lauder,https://openalex.org/W2522848763,Postcapitalism: a guide to our future,2016,article,817,1003,7,0.8145563310069791,last,Economics and Econometrics,Economic Growth and Productivity,3,5,4,168
https://openalex.org/A5027741073,Galip Altınay,https://openalex.org/W2059993735,Electricity consumption and economic growth: Evidence from Turkey,2005,article,502,1003,9,0.5004985044865404,first,Economics and Econometrics,"Energy, Environment, Economic Growth",2,5,3,411
https://openalex.org/A5030809154,Glenn N. Pettengill,https://openalex.org/W2096226179,The Conditional Relation between Beta and Returns,1995,article,542,1002,21,0.5409181636726547,first,Finance,Financial Markets and Investment Strategies,3,5,4,239
https://openalex.org/A5007464332,Gül İpek Tunç,https://openalex.org/W2063735176,The relationship between income and environment in Turkey: Is there an environmental Kuznets curve?,2008,article,807,1001,21,0.8061938061938062,last,Economics and Econometrics,"Energy, Environment, Economic Growth",3,8,5,176
https://openalex.org/A5056334129,Howard White,https://openalex.org/W2031720106,PRISMA-Equity 2012 Extension: Reporting Guidelines for Systematic Reviews with a Focus on Health Equity,2012,article,695,1001,27,0.6943056943056943,middle,Economics and Econometrics,"Health Systems, Economic Evaluations, Quality of Life",7,16,13,196
https://openalex.org/A5065836251,Franco Sassi,https://openalex.org/W2108310467,"Calculating QALYs, comparing QALY and DALY calculations",2006,article,567,999,17,0.5675675675675675,first,Economics and Econometrics,"Health Systems, Economic Evaluations, Quality of Life",1,9,8,342
https://openalex.org/A5025234739,Solomon R. Benatar,https://openalex.org/W2047916904,Health and Health Care in South Africa — 20 Years after Mandela,2014,article,535,998,10,0.5360721442885772,last,Economics and Econometrics,HIV/AIDS Impact and Responses,2,9,9,463
https://openalex.org/A5064378507,Marco Barbieri,https://openalex.org/W2157117527,Transferability of Economic Evaluations Across Jurisdictions: ISPOR Good Research Practices Task Force Report,2009,article,519,995,18,0.521608040201005,middle,Economics and Econometrics,"Health Systems, Economic Evaluations, Quality of Life",10,5,5,317
https://openalex.org/A5112602741,Terje Hansen,https://openalex.org/W1999560964,The Computation of Economic Equilibria.,1974,article,848,994,10,0.8531187122736419,last,Economics and Econometrics,Economic theories and models,3,4,4,103
https://openalex.org/A5087728343,Emeka Nkoro,https://openalex.org/W2563778051,Autoregressive Distributed Lag (ARDL) cointegration technique: application and interpretation,2016,article,786,994,24,0.7907444668008048,first,"General Economics, Econometrics and Finance",Monetary Policy and Economic Impact,2,5,5,158
https://openalex.org/A5086243822,Paul S. Chan,https://openalex.org/W2768266290,Adherence to Methodological Standards in Research Using the National Inpatient Sample,2017,article,661,994,15,0.6649899396378269,middle,Economics and Econometrics,Healthcare Policy and Management,8,10,6,300
https://openalex.org/A5085744956,Pablo Ottonello,https://openalex.org/W2766135991,Financial Heterogeneity and the Investment Channel of Monetary Policy,2020,article,502,994,37,0.5050301810865191,first,"General Economics, Econometrics and Finance",Monetary Policy and Economic Impact,2,16,13,203
https://openalex.org/A5028520917,Guido Erreygers,https://openalex.org/W1985366327,Correcting the Concentration Index,2008,article,802,993,47,0.8076535750251762,first,Finance,Healthcare Systems and Reforms,1,26,16,107
https://openalex.org/A5112634827,Lin-Na Hao,https://openalex.org/W3081349475,"Green growth and low carbon emission in G7 countries: How critical the network of environmental taxes, renewable energy and human capital is?",2020,article,750,993,10,0.7552870090634441,first,Economics and Econometrics,"Energy, Environment, Economic Growth",4,5,5,119
https://openalex.org/A5075789174,Edward Omberg,https://openalex.org/W1930083487,Dynamic Nonmyopic Portfolio Behavior,1996,article,697,993,8,0.701913393756294,last,Finance,Stochastic processes and financial applications,2,5,4,146
https://openalex.org/A5044713639,Mika Gissler,https://openalex.org/W3185099007,Nordic Health Registry-Based Research: A Review of Health Care Systems and Key Registries,2021,review,500,993,19,0.5035246727089627,middle,Economics and Econometrics,"Health Systems, Economic Evaluations, Quality of Life",7,15,9,487
https://openalex.org/A5003115835,Guillermo Llorente,https://openalex.org/W3121502928,Dynamic Volume-Return Relation of Individual Stocks,2002,article,731,991,8,0.7376387487386479,first,Finance,Financial Markets and Investment Strategies,4,4,3,251
https://openalex.org/A5059546443,Simon Jones,https://openalex.org/W2148468913,Does Hospital Competition Save Lives? Evidence from the English NHS Patient Choice Reforms,2011,article,497,991,16,0.5015136226034309,middle,Economics and Econometrics,Healthcare Policy and Management,4,7,6,355
https://openalex.org/A5013256058,Wolfgang Becker,https://openalex.org/W2079401197,R&amp;D cooperation and innovation activities of firms—evidence for the German manufacturing industry,2003,article,755,990,9,0.7626262626262627,first,Economics and Econometrics,Innovation Policy and R&D,2,5,5,177
https://openalex.org/A5110158419,Jeffery I. Round,https://openalex.org/W2094408910,Accounting and Fixed Price Multipliers in a Social Accounting Matrix Framework,1979,article,592,986,10,0.6004056795131846,last,Economics and Econometrics,Fiscal Policy and Economic Growth,2,4,4,197
https://openalex.org/A5005604828,Britta Klagge,https://openalex.org/W2115118769,The Return of Depression Economics and the Crisis of 2008,2010,article,574,985,9,0.582741116751269,first,Finance,"Housing, Finance, and Neoliberalism",3,4,4,296
https://openalex.org/A5017289896,Nikita Moiseev,https://openalex.org/W3036045166,Global climate change and greenhouse effect,2020,article,567,985,14,0.5756345177664974,middle,Economics and Econometrics,Climate Change Policy and Economics,4,5,3,137
https://openalex.org/A5014266091,Cyrille Schwellnus,https://openalex.org/W1914745706,Tax Policy for Economic Recovery and Growth,2011,article,621,984,24,0.6310975609756098,middle,Economics and Econometrics,Fiscal Policy and Economic Growth,6,10,9,185
https://openalex.org/A5038713388,Yaw Nyarko,https://openalex.org/W3022518041,Learning by Doing and the Choice of Technology,1996,article,496,984,27,0.5040650406504065,last,Economics and Econometrics,Economic Growth and Productivity,2,13,10,342
https://openalex.org/A5112327320,Brian A. Maris,https://openalex.org/W2606985126,An Empirical Analysis of the Dynamic Relation between Investment-Grade Bonds and Credit Default Swaps,2006,article,645,982,48,0.6568228105906314,first,Finance,Credit Risk and Financial Regulations,1,35,27,309
https://openalex.org/A5025328932,Kankesu Jayanthakumaran,https://openalex.org/W2002806316,"CO2 emissions, energy consumption, trade and income: A comparative analysis of China and India",2011,article,618,980,49,0.6306122448979592,first,Economics and Econometrics,"Energy, Environment, Economic Growth",3,32,26,211
https://openalex.org/A5103733296,Larry M. Bartels,https://openalex.org/W3149510437,Unequal Democracy:The Political Economy of the New Gilded Age,2016,article,527,980,10,0.5377551020408163,first,Finance,"Housing, Finance, and Neoliberalism",1,8,7,453
https://openalex.org/A5103027921,Maria Laura Parisi,https://openalex.org/W2054314560,"Productivity, innovation and R&amp;D: Micro evidence for Italy",2005,article,503,980,35,0.513265306122449,first,Economics and Econometrics,Economic Growth and Productivity,3,10,9,146
https://openalex.org/A5067403267,Gang Li,https://openalex.org/W2128130077,Recent Developments in Econometric Modeling and Forecasting,2005,article,519,978,18,0.5306748466257669,first,Economics and Econometrics,Economics of Agriculture and Food Markets,3,6,4,150
https://openalex.org/A5109322607,Stephan Epstein,https://openalex.org/W2157439430,"Craft Guilds, Apprenticeship, and Technological Change in Preindustrial Europe",1998,article,531,977,24,0.5435005117707267,first,Economics and Econometrics,Historical Economic and Social Studies,1,13,7,210
https://openalex.org/A5108234713,Reavis Cox,https://openalex.org/W4236420092,Psychological Economics,1976,article,731,976,39,0.7489754098360656,first,Economics and Econometrics,Economic theories and models,2,38,20,245
https://openalex.org/A5048936466,Michael L. Stein,https://openalex.org/W4301959443,Interpolation of Spatial Data: Some Theory for Kriging,2000,article,702,976,12,0.7192622950819673,last,Economics and Econometrics,Spatial and Panel Data Analysis,2,6,4,189
https://openalex.org/A5002343386,Donald J. Harris,https://openalex.org/W2336435462,STRUCTURAL CHANGE AND ECONOMIC GROWTH,1982,article,552,975,19,0.5661538461538461,first,Economics and Econometrics,Economic Growth and Productivity,1,11,10,359
https://openalex.org/A5088806655,María Teresa Ramírez-Giraldo,https://openalex.org/W3123549386,"Institutions, infrastructure, and economic growth",2003,article,704,972,26,0.7242798353909465,last,Economics and Econometrics,Fiscal Policy and Economic Growth,2,6,5,202
https://openalex.org/A5007515365,James W. Meehan,https://openalex.org/W2947602815,The Costs of Organization,1991,article,602,971,15,0.619979402677652,middle,Economics and Econometrics,"Law, Economics, and Judicial Systems",3,9,9,266
https://openalex.org/A5062032601,Cristina Fuentes-Albero,https://openalex.org/W2293323344,The macroeconomic impact of financial and uncertainty shocks,2016,article,526,971,39,0.5417095777548918,middle,Economics and Econometrics,Market Dynamics and Volatility,4,20,15,263
https://openalex.org/A5084027315,Alfred Nucci,https://openalex.org/W2032161791,On the survival prospects of men's and women's new business ventures,2000,article,566,970,11,0.5835051546391753,last,Economics and Econometrics,Firm Innovation and Growth,2,9,9,392
https://openalex.org/A5001886345,William D. Berry,https://openalex.org/W2003477031,Tax Innovation in the States: Capitalizing on Political Opportunity,1992,article,498,970,12,0.51340206185567,last,Economics and Econometrics,Fiscal Policy and Economic Growth,2,6,6,241
https://openalex.org/A5100829061,Zhongfu Yu,https://openalex.org/W3044700432,The Impact of the COVID-19 Pandemic on Firm Performance,2020,article,810,969,5,0.8359133126934984,middle,Economics and Econometrics,COVID-19 Pandemic Impacts,5,3,3,153
https://openalex.org/A5103360859,David J. Zimmerman,https://openalex.org/W1719388392,Discrimination in the Small-Business Credit Market,2003,article,757,969,5,0.7812177502579979,last,Economics and Econometrics,Microfinance and Financial Inclusion,3,4,3,212
https://openalex.org/A5101910615,Xinzheng Shi,https://openalex.org/W2797336290,Environmental regulation and firm exports: Evidence from the eleventh Five-Year Plan in China,2018,article,553,969,16,0.5706914344685242,first,Economics and Econometrics,"Energy, Environment, Economic Growth",2,4,3,319
https://openalex.org/A5029020659,Italo Colantone,https://openalex.org/W2551246769,Global Competition and Brexit,2018,article,668,968,31,0.6900826446280992,first,Economics and Econometrics,Economic Policies and Impacts,2,16,12,248
https://openalex.org/A5040198507,Tobias Kretschmer,https://openalex.org/W2022391768,ICT and productivity: conclusions from the empirical literature,2013,article,735,967,22,0.7600827300930714,middle,Economics and Econometrics,Economic Growth and Productivity,3,12,9,163
https://openalex.org/A5091364440,Solomon Tadesse,https://openalex.org/W1575109900,National culture and financial systems,2006,article,553,967,12,0.5718717683557394,last,Finance,Global Financial Crisis and Policies,2,9,9,413
https://openalex.org/A5090868049,Robert T. O’Neill,https://openalex.org/W2034204383,Patient-Reported Outcomes to Support Medical Product Labeling Claims: FDA Perspective,2007,review,708,966,13,0.7329192546583851,middle,Economics and Econometrics,"Health Systems, Economic Evaluations, Quality of Life",8,7,5,168
https://openalex.org/A5112360394,John Lamperti,https://openalex.org/W1996984820,Semi-stable stochastic processes,1962,article,510,966,14,0.5279503105590062,first,Finance,Stochastic processes and financial applications,1,4,4,312
https://openalex.org/A5103950374,Mark Dean,https://openalex.org/W2152904780,"Revealed Preference, Rational Inattention, and Costly Information Acquisition",2015,article,506,965,9,0.5243523316062176,last,Economics and Econometrics,Economic and Environmental Valuation,2,6,6,407
https://openalex.org/A5074513403,Kelly L. Giraud,https://openalex.org/W2141751783,Computational Methods for Measuring the Difference of Empirical Distributions,2005,article,589,964,19,0.6109958506224067,middle,Economics and Econometrics,Economic and Environmental Valuation,3,10,9,213
https://openalex.org/A5110860530,Munir Quddus,https://openalex.org/W2004064845,Economics and Evolution: Bringing Life Back into Economics,1995,article,734,963,15,0.7622014537902388,first,Economics and Econometrics,Economic Theory and Institutions,2,7,6,112
https://openalex.org/A5111191000,David R. Ross,https://openalex.org/W1980939906,Inequality and Growth Reconsidered: Lessons from East Asia,1995,article,628,963,11,0.652128764278297,middle,Economics and Econometrics,Economic Growth and Productivity,3,8,4,118
https://openalex.org/A5050617141,Thomas Winberry,https://openalex.org/W2766135991,Financial Heterogeneity and the Investment Channel of Monetary Policy,2020,article,502,962,23,0.5218295218295218,last,"General Economics, Econometrics and Finance",Monetary Policy and Economic Impact,2,12,7,249
https://openalex.org/A5061880212,William G. Dewald,https://openalex.org/W1481610574,"Replication in Empirical Economics: The Journal of Money, Credit and Banking Project",2016,article,492,962,57,0.5114345114345115,first,Finance,Financial Markets and Investment Strategies,3,56,42,470
https://openalex.org/A5010704883,William P. Kennedy,https://openalex.org/W4299692410,British Economic Growth during the Industrial Revolution.,1986,article,522,961,17,0.5431841831425598,first,Economics and Econometrics,Historical Economic and Social Studies,2,6,4,155
https://openalex.org/A5041222077,Serap Türüt-Aşık,https://openalex.org/W2063735176,The relationship between income and environment in Turkey: Is there an environmental Kuznets curve?,2008,article,807,960,8,0.840625,middle,Economics and Econometrics,"Energy, Environment, Economic Growth",3,5,5,139
https://openalex.org/A5108735428,G. D. H. Cole,https://openalex.org/W2313794740,"Citizenship and Social Class, and Other Essays.",1951,article,619,960,33,0.6447916666666667,first,Economics and Econometrics,Economic Theory and Institutions,2,25,14,257
https://openalex.org/A5000649766,Rong Zhao,https://openalex.org/W2914201499,Green innovation and firm performance: Evidence from listed companies in China,2019,article,722,959,22,0.7528675703858185,middle,Economics and Econometrics,"Energy, Environment, Economic Growth",3,11,4,132
https://openalex.org/A5111822078,Edward C. Simmons,https://openalex.org/W2068897567,Studies in the Quantity Theory of Money,1957,article,825,957,21,0.8620689655172413,first,Economics and Econometrics,Economic theories and models,2,18,11,122
https://openalex.org/A5083748415,Conrad Blyth,https://openalex.org/W1978406363,Economic Growth of Nations: Total Output and Production Structure.,1973,article,607,957,16,0.6342737722048067,first,"General Economics, Econometrics and Finance",Economic Development and Digital Transformation,2,13,11,328
https://openalex.org/A5112190201,John A. Quelch,https://openalex.org/W42678157,How global brands compete.,2004,article,619,956,27,0.647489539748954,middle,Economics and Econometrics,"Globalization, Economics, and Policies",3,15,9,290
https://openalex.org/A5100345056,Zhuo Chen,https://openalex.org/W2606704068,The financing of local government in China: Stimulus loan wanes and shadow banking waxes,2020,article,612,956,27,0.6401673640167364,first,Finance,"Banking stability, regulation, efficiency",3,16,15,284
https://openalex.org/A5051264713,Johan Lyhagen,https://openalex.org/W2100077709,Likelihood‐based cointegration tests in heterogeneous panels,2001,article,572,956,47,0.5983263598326359,middle,"General Economics, Econometrics and Finance",Monetary Policy and Economic Impact,3,22,16,218
https://openalex.org/A5013645547,Sheldon X. Kong,https://openalex.org/W1995517770,Use of Cost-Effectiveness Analysis in Health-Care Resource Allocation Decision-Making: How Are Cost-Effectiveness Thresholds Expected to Emerge?,2004,article,801,955,12,0.8387434554973822,middle,Economics and Econometrics,"Health Systems, Economic Evaluations, Quality of Life",5,4,4,145
https://openalex.org/A5072797287,Glen R. Waddell,https://openalex.org/W3124659961,FDI in space: Spatial autoregressive relationships in foreign direct investment,2006,article,595,955,22,0.6230366492146597,middle,"General Economics, Econometrics and Finance",Global trade and economics,4,6,5,264
https://openalex.org/A5063325298,Gary Charness,https://openalex.org/W3122161101,Incentives to Exercise,2009,article,656,953,23,0.6883525708289612,first,Economics and Econometrics,Economic and Environmental Valuation,2,13,10,119
https://openalex.org/A5026503577,Magda Bianco,https://openalex.org/W3125036286,Courts and Banks: Effects of Judicial Enforcement on Credit Markets,2005,article,542,953,21,0.5687303252885625,last,Finance,"Banking stability, regulation, efficiency",3,6,5,305
https://openalex.org/A5044014402,M. Martin Boyer,https://openalex.org/W2144065083,Common and fundamental factors in stock returns of Canadian oil and gas companies,2006,article,481,953,73,0.5047219307450157,first,Economics and Econometrics,Market Dynamics and Volatility,2,29,20,148
https://openalex.org/A5021318098,B. Guy Peters,https://openalex.org/W2148349000,The Politics of Path Dependency: Political Conflict in Historical Institutionalism,2005,article,667,952,17,0.7006302521008403,first,Economics and Econometrics,Economic Theory and Institutions,3,13,10,165
https://openalex.org/A5008366584,Benoît Mulkay,https://openalex.org/W2112562110,"Financial Factors and Investment in Belgium, France, Germany, and the United Kingdom: A Comparison Using Company Panel Data",2003,article,546,952,18,0.5735294117647058,last,Economics and Econometrics,Firm Innovation and Growth,4,7,7,222
https://openalex.org/A5004156678,Gunter Stephan,https://openalex.org/W2193362049,Environmental and Resource Economics,2009,article,489,952,59,0.5136554621848739,first,Economics and Econometrics,Climate Change Policy and Economics,1,37,24,268
https://openalex.org/A5056887576,Arthur L. Schwartz,https://openalex.org/W2091639395,Pricing Residential Amenities: The Value of a View,1998,article,492,951,20,0.5173501577287066,middle,Economics and Econometrics,Housing Market and Economics,4,13,12,193
https://openalex.org/A5057810294,Ronald C. Kessler,https://openalex.org/W2916950229,The Economic Burden of Schizophrenia in the United States in 2002,2005,article,612,950,25,0.6442105263157895,middle,Economics and Econometrics,Healthcare Policy and Management,7,11,6,171
https://openalex.org/A5011169083,D. Vere‐Jones,https://openalex.org/W2076072287,Stochastic Declustering of Space-Time Earthquake Occurrences,2002,article,741,948,7,0.7816455696202531,last,Economics and Econometrics,Spatial and Panel Data Analysis,3,3,3,162
https://openalex.org/A5018462605,Judith A. Giles,https://openalex.org/W1556998937,Export-led growth: a survey of the empirical literature and some non-causality results. Part 1,2000,article,477,948,9,0.5031645569620253,first,"General Economics, Econometrics and Finance",Global trade and economics,2,4,4,312
https://openalex.org/A5105938081,B. Fingleton,https://openalex.org/W2139004894,WHERE IS THE ECONOMICS IN SPATIAL ECONOMETRICS?*,2011,article,499,947,16,0.5269271383315733,last,Economics and Econometrics,Spatial and Panel Data Analysis,2,9,8,423
https://openalex.org/A5050809663,Michael Hallsworth,https://openalex.org/W2148440443,The behavioralist as tax collector: Using natural field experiments to enhance tax compliance,2017,article,730,941,7,0.7757704569606801,first,Economics and Econometrics,Taxation and Compliance Studies,4,5,5,209
https://openalex.org/A5089674357,Devin M. Shanthikumar,https://openalex.org/W3124251361,Are small investors naive about incentives?,2007,article,563,941,25,0.5982996811902231,last,Finance,Financial Markets and Investment Strategies,2,6,6,173
https://openalex.org/A5016506193,Inmaculada Aban,https://openalex.org/W1968524627,Survival analysis and regression models,2014,review,482,940,10,0.5127659574468085,last,Economics and Econometrics,"Health Systems, Economic Evaluations, Quality of Life",3,6,5,449
https://openalex.org/A5108602973,Joan Robinson,https://openalex.org/W1578703982,THE SECOND CRISIS OF ECONOMIC THEORY,1978,article,479,940,13,0.5095744680851064,first,"General Economics, Econometrics and Finance",Economic Theory and Policy,1,10,9,367
https://openalex.org/A5080208793,Giuseppe Ragusa,https://openalex.org/W3122813519,Measuring euro area monetary policy,2019,article,471,940,20,0.5010638297872341,last,"General Economics, Econometrics and Finance",Monetary Policy and Economic Impact,5,16,13,453
https://openalex.org/A5101824558,Guofu Tan,https://openalex.org/W2017533857,"Policy Burdens, Accountability, and the Soft Budget Constraint",1999,article,474,939,32,0.5047923322683706,last,Finance,European Monetary and Fiscal Policies,2,4,4,352
https://openalex.org/A5075096315,Kent Kovacs,https://openalex.org/W1997333234,Linking water quality and well-being for improved assessment and valuation of ecosystem services,2012,article,534,938,27,0.5692963752665245,middle,Economics and Econometrics,Economic and Environmental Valuation,8,12,5,170
https://openalex.org/A5019168817,Olivier Dessaint,https://openalex.org/W3121812441,Do managers overreact to salient risks? Evidence from hurricane strikes,2017,article,529,938,11,0.5639658848614072,first,Economics and Econometrics,Insurance and Financial Risk Management,2,4,4,279
https://openalex.org/A5080650950,J. van der Straaten,https://openalex.org/W2103809536,Ecological-economic analysis of wetlands: scientific integration for management and policy,2000,article,704,937,19,0.7513340448239061,middle,Economics and Econometrics,Economic and Environmental Valuation,7,13,8,195
https://openalex.org/A5020587678,Woo Gon Kim,https://openalex.org/W1963845511,The impact of the SARS outbreak on Taiwanese hotel stock performance: An event-study approach,2006,article,585,937,11,0.624332977588047,last,Economics and Econometrics,COVID-19 Pandemic Impacts,3,3,3,261
https://openalex.org/A5064873293,Lisa C. Richardson,https://openalex.org/W2400930181,"Vital signs: melanoma incidence and mortality trends and projections - United States, 1982-2030.",2015,article,575,937,13,0.6136606189967982,middle,Economics and Econometrics,Economic and Financial Impacts of Cancer,6,9,7,357
https://openalex.org/A5016519845,Timothy M. Pawlik,https://openalex.org/W3146347245,STROBE Reporting Guidelines for Observational Studies,2021,article,568,936,35,0.6068376068376068,last,Economics and Econometrics,Healthcare Policy and Management,3,29,24,366
https://openalex.org/A5061676381,Michael D. McGinnis,https://openalex.org/W2112876539,An Introduction to IAD and the Language of the Ostrom Workshop: A Simple Guide to a Complex Framework,2011,article,735,934,11,0.7869379014989293,first,Economics and Econometrics,Economic Theory and Institutions,1,6,5,161
https://openalex.org/A5078212285,James R. Walker,https://openalex.org/W1488676600,The Effect of Expected Income on Individual Migration Decisions,2011,article,683,934,5,0.7312633832976445,last,Economics and Econometrics,Regional Economics and Spatial Analysis,2,4,4,251
https://openalex.org/A5106127834,María Guadalupe,https://openalex.org/W3122247001,Innovation and Foreign Ownership,2012,article,565,934,17,0.6049250535331906,first,"General Economics, Econometrics and Finance",Global trade and economics,3,11,9,366
https://openalex.org/A5013910587,Nick Hughes,https://openalex.org/W2957030607,Connecting climate action with other Sustainable Development Goals,2019,article,678,933,7,0.7266881028938906,middle,Economics and Econometrics,Climate Change Policy and Economics,10,5,5,254
https://openalex.org/A5081054360,Shrihari Santosh,https://openalex.org/W3126136988,Shrinking the cross-section,2019,article,706,929,18,0.759956942949408,last,Finance,Financial Markets and Investment Strategies,3,8,6,100
https://openalex.org/A5079005634,Luigi Benfratello,https://openalex.org/W2149614545,Banks and innovation: Microeconometric evidence on Italian firms☆,2008,article,544,929,34,0.5855758880516685,first,Economics and Econometrics,Italy: Economic History and Contemporary Issues,3,16,11,247
https://openalex.org/A5046490357,Deborah M Caldwell,https://openalex.org/W2897247590,Evidence Synthesis for Decision Making 4,2013,article,702,927,18,0.7572815533980582,middle,Economics and Econometrics,"Health Systems, Economic Evaluations, Quality of Life",6,5,5,219
https://openalex.org/A5079943407,Jörg Meyer‐Stamer,https://openalex.org/W2058147221,How to Promote Clusters: Policy Experiences from Latin America,1999,article,501,923,15,0.542795232936078,last,Economics and Econometrics,Firm Innovation and Growth,2,7,4,337
https://openalex.org/A5028234125,Paul Leiby,https://openalex.org/W2148583898,Oil Price Shocks and the Macroeconomy: What Has Been Learned Since 1996,2004,article,498,923,20,0.5395449620801733,middle,Economics and Econometrics,Market Dynamics and Volatility,3,11,11,363
https://openalex.org/A5073723012,Solmaria Halleck Vega,https://openalex.org/W1931576180,THE SLX MODEL,2015,article,605,922,10,0.6561822125813449,first,Economics and Econometrics,Spatial and Panel Data Analysis,2,3,3,149
https://openalex.org/A5045248661,Susan Maerki,https://openalex.org/W1485618881,The volume-outcome relationship: practice-makes-perfect or selective-referral patterns?,1987,article,569,921,8,0.6178067318132465,last,Economics and Econometrics,Healthcare Policy and Management,3,6,5,341
https://openalex.org/A5089981144,Anita A. Summers,https://openalex.org/W2147488199,A New Measure of the Local Regulatory Environment for Housing Markets: The Wharton Residential Land Use Regulatory Index,2008,article,771,920,6,0.8380434782608696,last,Economics and Econometrics,Housing Market and Economics,3,5,5,149
https://openalex.org/A5077240454,Michael Handel,https://openalex.org/W1506869707,"Putting Tasks to the Test: Human Capital, Job Tasks, and Wages",2013,article,608,919,14,0.661588683351469,last,Economics and Econometrics,Labor market dynamics and wage inequality,2,11,8,309
https://openalex.org/A5089344771,Gordon M. Bodnar,https://openalex.org/W2022804428,1998 Wharton Survey of Financial Risk Management by US Non-Financial Firms,1998,article,578,919,18,0.6289445048966268,first,Economics and Econometrics,Insurance and Financial Risk Management,3,12,9,231
https://openalex.org/A5112604849,Jonathon Hazell,https://openalex.org/W4224990248,Artificial Intelligence and Jobs: Evidence from Online Vacancies,2022,article,795,918,20,0.8660130718954249,middle,Economics and Econometrics,Labor market dynamics and wage inequality,4,4,3,103
https://openalex.org/A5109104021,Benjamin A. Barnes,https://openalex.org/W2080234065,Professional uncertainty and the problem of supplier-induced demand,1982,article,596,918,11,0.6492374727668845,middle,Economics and Econometrics,Healthcare Policy and Management,3,3,3,122
https://openalex.org/A5043343845,Michal Fabinger,https://openalex.org/W3121524546,Pass-Through as an Economic Tool: Principles of Incidence under Imperfect Competition,2013,article,700,917,20,0.7633587786259542,last,Economics and Econometrics,Fiscal Policy and Economic Growth,2,5,4,146
https://openalex.org/A5026591533,Donald B. Hausch,https://openalex.org/W2093502187,Cooperative Investments and the Value of Contracting,1999,article,517,917,14,0.5637949836423118,last,Economics and Econometrics,"Law, Economics, and Judicial Systems",2,5,5,383
https://openalex.org/A5039736415,G. E. Aylmer,https://openalex.org/W2092310484,The Great Arch: English State Formation as Cultural Revolution,1987,article,738,914,19,0.8074398249452954,last,Economics and Econometrics,Historical Economic and Social Studies,4,13,6,124
https://openalex.org/A5102455167,Alicia Robb,https://openalex.org/W2045390397,Gender differences in firm performance: Evidence from new ventures in the United States,2011,article,490,914,25,0.5361050328227571,first,Economics and Econometrics,Firm Innovation and Growth,2,16,11,318
https://openalex.org/A5100330468,Yi Liu,https://openalex.org/W3131686906,"Per-capita carbon emissions in 147 countries: The effect of economic, energy, social, and trade structural changes",2021,article,573,913,17,0.6276013143483024,middle,Economics and Econometrics,"Energy, Environment, Economic Growth",4,8,7,257
https://openalex.org/A5102311118,Sumei Luo,https://openalex.org/W4200447668,The impact of fintech innovation on green growth in China: Mediating effect of green finance,2021,article,569,911,19,0.6245883644346871,last,Economics and Econometrics,"Energy, Environment, Economic Growth",3,11,7,206
https://openalex.org/A5061551684,Terry Gregory,https://openalex.org/W2735317928,Revisiting the risk of automation,2017,article,530,911,32,0.5817782656421515,middle,Economics and Econometrics,Labor market dynamics and wage inequality,3,14,11,146
https://openalex.org/A5110025318,Chulho Jung,https://openalex.org/W2109825075,Incentives for Advanced Pollution Abatement Technology at the Industry Level: An Evaluation of Policy Alternatives,1996,article,495,911,33,0.5433589462129528,first,Economics and Econometrics,Climate Change Policy and Economics,3,7,7,140
https://openalex.org/A5045451047,J. H. Plumb,https://openalex.org/W2569866635,The Birth of a Consumer Society: The Commercialization of Eighteenth-Century England.,1983,article,683,910,11,0.7505494505494505,last,Economics and Econometrics,Historical Economic and Social Studies,4,5,5,167
https://openalex.org/A5005817132,Chun Liu,https://openalex.org/W2606704068,The financing of local government in China: Stimulus loan wanes and shadow banking waxes,2020,article,612,910,38,0.6725274725274726,last,Finance,"Banking stability, regulation, efficiency",3,16,7,173
https://openalex.org/A5104110709,Samuel Bazzi,https://openalex.org/W2130911419,Blunt Instruments: Avoiding Common Pitfalls in Identifying the Causes of Economic Growth,2013,article,587,909,16,0.6457645764576457,first,Economics and Econometrics,Fiscal Policy and Economic Growth,2,4,4,121
https://openalex.org/A5103420261,Thomas W. Bice,https://openalex.org/W2046901203,A Quantitative Measure of Continuity of Care,1977,article,519,909,13,0.570957095709571,first,Economics and Econometrics,Healthcare Policy and Management,2,9,8,380
https://openalex.org/A5070013933,Sara B. Hobolt,https://openalex.org/W2948893001,Measuring Subgroup Preferences in Conjoint Experiments,2019,article,787,908,10,0.8667400881057269,middle,Economics and Econometrics,Economic and Environmental Valuation,3,8,5,120
https://openalex.org/A5113496435,Héctor O. Zapata,https://openalex.org/W2099608045,Monte Carlo Evidence on Cointegration and Causation,1997,article,495,908,48,0.5451541850220264,first,"General Economics, Econometrics and Finance",Monetary Policy and Economic Impact,2,7,6,141
https://openalex.org/A5044528635,Morten Jerven,https://openalex.org/W1595698486,Poor numbers: how we are misled by African development statistics and what to do about it,2013,article,487,908,15,0.5363436123348018,first,Economics and Econometrics,HIV/AIDS Impact and Responses,1,6,6,243
https://openalex.org/A5056702069,Gregorios Siourounis,https://openalex.org/W2151587661,Democratisation and Growth,2008,article,472,908,11,0.5198237885462555,last,Economics and Econometrics,Economic Growth and Productivity,2,7,7,359
https://openalex.org/A5022380510,Lucile Faurel,https://openalex.org/W3125521553,Can Twitter Help Predict Firm-Level Earnings and Stock Returns?,2017,article,580,906,10,0.6401766004415012,middle,Finance,Financial Markets and Investment Strategies,3,5,5,280
https://openalex.org/A5005833535,Henry J. Bruton,https://openalex.org/W1521424453,A Reconsideration of Import Substitution,1998,article,534,906,34,0.5894039735099338,first,Economics and Econometrics,Economic Growth and Productivity,1,27,16,365
https://openalex.org/A5110353605,T. H. Marshall,https://openalex.org/W2313794740,"Citizenship and Social Class, and Other Essays.",1951,article,619,905,19,0.6839779005524862,last,Economics and Econometrics,Economic Theory and Institutions,2,12,7,108
https://openalex.org/A5062325860,Helen T. Naughton,https://openalex.org/W3124659961,FDI in space: Spatial autoregressive relationships in foreign direct investment,2006,article,595,905,14,0.6574585635359116,last,"General Economics, Econometrics and Finance",Global trade and economics,4,3,3,130
https://openalex.org/A5090255900,Shirley Qian,https://openalex.org/W2055264173,Updated U.S. population standard for the Veterans RAND 12-item Health Survey (VR-12),2008,article,586,905,12,0.6475138121546962,middle,Economics and Econometrics,Healthcare Policy and Management,7,3,3,169
https://openalex.org/A5011663255,Oliver Schöffski,https://openalex.org/W2170868743,Effects of pay for performance in health care: A systematic review of systematic reviews,2013,review,554,905,27,0.6121546961325967,last,Economics and Econometrics,Healthcare Policy and Management,4,18,16,322
https://openalex.org/A5103432111,Nicolas L. Ziebarth,https://openalex.org/W1950752004,The History of Technological Anxiety and the Future of Economic Growth: Is This Time Different?,2015,article,661,904,13,0.7311946902654868,last,Economics and Econometrics,Historical Economic and Social Studies,3,6,6,172
https://openalex.org/A5111671305,César A. Calderón,https://openalex.org/W2097656922,The Effects of Infrastructure Development on Growth and Income Distribution,2004,article,563,904,14,0.6227876106194691,first,Economics and Econometrics,Fiscal Policy and Economic Growth,2,6,6,149
https://openalex.org/A5013965851,Marc Gurgand,https://openalex.org/W2141445845,Do Labor Market Policies have Displacement Effects? Evidence from a Clustered Randomized Experiment *,2013,article,542,904,20,0.5995575221238938,middle,Economics and Econometrics,Labor market dynamics and wage inequality,5,18,15,362
https://openalex.org/A5003652268,Merel van Diepen,https://openalex.org/W3109609494,"External validation of prognostic models: what, why, how, when and where?",2020,review,765,903,11,0.8471760797342193,last,Economics and Econometrics,"Health Systems, Economic Evaluations, Quality of Life",5,7,4,115
https://openalex.org/A5010772477,Anna Cretì,https://openalex.org/W2066281896,On the links between stock and commodity markets' volatility,2013,article,531,903,37,0.5880398671096345,first,Economics and Econometrics,Market Dynamics and Volatility,3,10,7,153
https://openalex.org/A5011710443,Muhsin Kar,https://openalex.org/W2014006441,Financial development and economic growth nexus in the MENA countries: Bootstrap panel granger causality analysis,2010,article,521,903,36,0.5769656699889258,first,Economics and Econometrics,Fiscal Policy and Economic Growth,3,16,13,312
https://openalex.org/A5007883957,Noël Carroll,https://openalex.org/W3023006886,Theorizing the moving image.,1996,article,522,900,22,0.58,first,Economics and Econometrics,Cinema and Media Studies,1,9,7,240
https://openalex.org/A5041522373,Bruce D. Fielitz,https://openalex.org/W1966773887,Long-term dependence in common stock returns,1977,article,481,900,30,0.5344444444444445,last,Economics and Econometrics,Complex Systems and Time Series Analysis,2,11,9,207
https://openalex.org/A5100439834,Pei Li,https://openalex.org/W2793759314,Career concerns and multitasking local bureaucrats: Evidence of a target-based performance evaluation system in China,2018,article,636,899,30,0.7074527252502781,middle,Economics and Econometrics,Fiscal Policy and Economic Growth,3,16,8,170
https://openalex.org/A5012309101,E. P. Thompson,https://openalex.org/W1975915916,Eighteenth‐century English society: Class struggle without class?,1978,article,602,899,5,0.6696329254727474,first,Economics and Econometrics,Historical Economic and Social Studies,1,3,3,296
https://openalex.org/A5047859087,William Woodruff,https://openalex.org/W1998484819,"The European Miracle: Environments, Economies, and Geopolitics in the History of Europe and Asia",1982,article,779,898,25,0.8674832962138085,first,Finance,Global Financial Crisis and Policies,2,22,7,100
https://openalex.org/A5004780294,David M. Reeb,https://openalex.org/W2016293597,Missing R&amp;D,2015,article,602,898,16,0.6703786191536748,last,Economics and Econometrics,Innovation Policy and R&D,2,7,6,222
https://openalex.org/A5072672509,Thea de Wet,https://openalex.org/W2040713207,The Impact of Microfinance in Sub-Saharan Africa: A Systematic Review of the Evidence,2012,review,528,898,10,0.5879732739420935,last,Economics and Econometrics,Microfinance and Financial Inclusion,3,4,3,200
https://openalex.org/A5120224827,Sai Ma,https://openalex.org/W3121192729,Uncertainty and Business Cycles: Exogenous Impulse or Endogenous Response?,2021,article,523,898,40,0.5824053452115813,middle,Economics and Econometrics,Market Dynamics and Volatility,3,18,11,162
https://openalex.org/A5017424262,Tarun K. Mukherjee,https://openalex.org/W2064420728,DYNAMIC RELATIONS BETWEEN MACROECONOMIC VARIABLES AND THE JAPANESE STOCK MARKET: AN APPLICATION OF A VECTOR ERROR CORRECTION MODEL,1995,article,680,897,16,0.758082497212932,first,"General Economics, Econometrics and Finance",Monetary Policy and Economic Impact,2,3,3,143
https://openalex.org/A5110602202,William G. Tyler,https://openalex.org/W1570998433,Growth and export expansion in developing countries,1981,article,605,897,46,0.6744704570791528,first,"General Economics, Econometrics and Finance",Global trade and economics,1,29,19,169
https://openalex.org/A5004640128,Abhishek Varma,https://openalex.org/W3122114234,Socially responsible funds and market crises,2014,article,628,896,13,0.7008928571428571,last,Finance,Financial Markets and Investment Strategies,2,4,4,213
https://openalex.org/A5083381607,Shubham Chaudhuri,https://openalex.org/W2095358888,Trade Shocks and Labor Adjustment: A Structural Empirical Approach,2010,article,530,895,25,0.5921787709497207,middle,"General Economics, Econometrics and Finance",Global trade and economics,3,20,16,363
https://openalex.org/A5046080513,Courtney Davis,https://openalex.org/W2761792472,Availability of evidence of benefits on overall survival and quality of life of cancer drugs approved by European Medicines Agency: retrospective cohort study of drug approvals 2009-13,2017,article,591,894,18,0.6610738255033557,first,Economics and Econometrics,"Health Systems, Economic Evaluations, Quality of Life",6,11,5,125
https://openalex.org/A5018451049,John M. Stopford,https://openalex.org/W2070917708,Multinational Enterprises and the Global Economy,1994,article,683,893,9,0.7648376259798432,first,"General Economics, Econometrics and Finance",Global trade and economics,1,5,4,190
https://openalex.org/A5016289014,Edward P. M. Gardener,https://openalex.org/W2046891351,"Examining the Relationships between Capital, Risk and Efficiency in European Banking",2007,article,644,893,28,0.7211646136618141,middle,Finance,"Banking stability, regulation, efficiency",4,26,21,171
https://openalex.org/A5072860118,Kathryn Holston,https://openalex.org/W3023077672,Measuring the natural rate of interest: International trends and determinants,2017,article,660,892,5,0.7399103139013453,first,"General Economics, Econometrics and Finance",Monetary Policy and Economic Impact,3,3,3,199
https://openalex.org/A5087698453,Cindy Yu,https://openalex.org/W2261663051,Speculation and volatility spillover in the crude oil and agricultural commodity markets: A Bayesian analysis,2011,article,538,892,27,0.6031390134529148,middle,Economics and Econometrics,Market Dynamics and Volatility,3,10,9,260
https://openalex.org/A5100358193,Jianjun Zhang,https://openalex.org/W2908068518,The effect of financial development on ecological footprint in BRI countries: evidence from panel data estimation,2019,article,543,891,7,0.6094276094276094,middle,Economics and Econometrics,"Energy, Environment, Economic Growth",4,5,3,347
https://openalex.org/A5111143858,Goodness C. Aye,https://openalex.org/W2755221619,Effect of economic growth on CO<sub>2</sub> emission in developing countries: Evidence from a dynamic panel threshold model,2017,article,498,890,12,0.5595505617977528,first,Economics and Econometrics,"Energy, Environment, Economic Growth",2,9,6,386
https://openalex.org/A5073572573,Robert Yates,https://openalex.org/W3107523442,Fragmented health systems in COVID-19: rectifying the misalignment between global health security and universal health coverage,2020,review,527,888,10,0.5934684684684685,last,Finance,Healthcare Systems and Reforms,5,6,6,290
https://openalex.org/A5113444302,Andrew J. Bacevich,https://openalex.org/W1556298276,The New American Militarism: How Americans Are Seduced by War,2005,article,658,887,9,0.741826381059752,last,Economics and Econometrics,"Defense, Military, and Policy Studies",2,6,3,229
https://openalex.org/A5002040088,Lorenz Kueng,https://openalex.org/W2614629730,Innocent Bystanders? Monetary policy and inequality,2017,article,587,885,40,0.6632768361581921,middle,"General Economics, Econometrics and Finance",Monetary Policy and Economic Impact,4,20,13,144
https://openalex.org/A5019421893,Ward E. Romp,https://openalex.org/W2103551729,Public Capital and Economic Growth: A Critical Survey,2007,article,567,883,21,0.6421291053227633,first,Economics and Econometrics,Fiscal Policy and Economic Growth,2,11,7,177
https://openalex.org/A5028163100,Larry J. Williams,https://openalex.org/W2105389536,The distributional impact of climate change on rich and poor countries,2006,article,702,881,8,0.7968217934165721,last,Economics and Econometrics,Climate Change Policy and Economics,3,7,3,179
https://openalex.org/A5032086715,Stanley Lieberson,https://openalex.org/W2044156198,Leadership and Organizational Performance: A Study of Large Corporations,1972,article,742,880,6,0.8431818181818181,first,Economics and Econometrics,Fiscal Policy and Economic Growth,2,4,4,137
https://openalex.org/A5056708525,Ricardo Crespo,https://openalex.org/W1829241487,Geographical and Temporal Weighted Regression (GTWR),2015,article,567,880,6,0.6443181818181818,middle,Economics and Econometrics,Spatial and Panel Data Analysis,3,4,4,248
https://openalex.org/A5074691203,Rudolf Hommes,https://openalex.org/W3125505204,Budget institutions and fiscal performance in Latin America,1999,article,517,879,10,0.5881683731513083,middle,Economics and Econometrics,Fiscal Policies and Political Economy,4,9,5,362
https://openalex.org/A5045550469,Andrew Jackson,https://openalex.org/W3123249515,"Trade Generation, Reputation, and Sell‐Side Analysts",2005,article,696,878,12,0.7927107061503417,first,Finance,Financial Markets and Investment Strategies,1,6,5,141
https://openalex.org/A5023334637,Thomas K. Hahn,https://openalex.org/W3124548736,The effect of changes in the federal funds rate target on market interest rates in the 1970s,1989,article,614,878,12,0.6993166287015945,last,"General Economics, Econometrics and Finance",Monetary Policy and Economic Impact,2,8,5,236
https://openalex.org/A5021013735,Mark Howells,https://openalex.org/W2957030607,Connecting climate action with other Sustainable Development Goals,2019,article,678,877,19,0.7730900798175598,middle,Economics and Econometrics,Climate Change Policy and Economics,10,4,4,140
https://openalex.org/A5026352536,Volkan Ş. Ediger,https://openalex.org/W2092315180,ARIMA forecasting of primary energy demand by fuel in Turkey,2006,article,618,877,7,0.7046750285062714,first,Economics and Econometrics,Market Dynamics and Volatility,2,4,3,194
https://openalex.org/A5050864343,Holly Janes,https://openalex.org/W2417116130,Assessing the Clinical Impact of Risk Prediction Models With Decision Curves: Guidance for Correct Interpretation and Appropriate Use,2016,article,723,876,6,0.8253424657534246,last,Economics and Econometrics,"Health Systems, Economic Evaluations, Quality of Life",4,4,3,131
https://openalex.org/A5047517652,Gerald A. Carlson,https://openalex.org/W1989975934,Estimating the Demand for a New Technology: Bt Cotton and Insecticide Policies,2000,article,718,876,16,0.819634703196347,last,Economics and Econometrics,Economic and Environmental Valuation,3,15,7,158
https://openalex.org/A5035172052,Tania Modleski,https://openalex.org/W2009945353,Studies in Entertainment: Critical Approaches to Mass Culture,1987,article,632,876,17,0.7214611872146118,last,Economics and Econometrics,Cinema and Media Studies,2,3,3,100
https://openalex.org/A5046531208,Harun Alp,https://openalex.org/W4289328111,"Innovation, Reallocation, and Growth",2018,article,599,876,25,0.6837899543378996,middle,Economics and Econometrics,Firm Innovation and Growth,5,20,16,262
https://openalex.org/A5110711991,Andrew Sunil Rajkumar,https://openalex.org/W2040620604,Public spending and outcomes: Does governance matter?,2007,article,699,875,10,0.7988571428571428,first,Economics and Econometrics,Fiscal Policy and Economic Growth,2,4,4,176
https://openalex.org/A5052947488,Jeffrey A. Krautkraemer,https://openalex.org/W1562046754,Nonrenewable Resource Scarcity,1998,article,477,875,7,0.5451428571428572,first,"General Economics, Econometrics and Finance",Natural Resources and Economic Development,1,4,4,357
https://openalex.org/A5035487698,Robert de Jong,https://openalex.org/W2154883881,Quasi-maximum likelihood estimators for spatial dynamic panel data with fixed effects when both n and T are large,2008,article,597,873,9,0.6838487972508591,middle,Economics and Econometrics,Spatial and Panel Data Analysis,3,4,4,139
https://openalex.org/A5040738362,Isabell M. Welpe,https://openalex.org/W2333981896,Tweets and Trades: the Information Content of Stock Microblogs,2013,article,508,873,13,0.581901489117984,last,Economics and Econometrics,Complex Systems and Time Series Analysis,4,4,3,172
https://openalex.org/A5062618445,Rebecca Lee Harris,https://openalex.org/W1551852427,A standard computable general equilibrium (CGE) model in GAMS,2002,preprint,769,870,5,0.8839080459770114,middle,"General Economics, Econometrics and Finance",Economic Theory and Policy,3,4,4,101
https://openalex.org/A5052810313,Yoram Ben-Porath,https://openalex.org/W2029715908,"The F-Connection: Families, Friends, and Firms and the Organization of Exchange",1980,article,764,868,6,0.880184331797235,first,Finance,"Banking stability, regulation, efficiency",1,5,4,104
https://openalex.org/A5025815962,J. David Glyer,https://openalex.org/W2172193502,Global climate change and US agriculture,1990,article,706,868,5,0.8133640552995391,middle,Economics and Econometrics,Climate Change Policy and Economics,10,3,3,150
https://openalex.org/A5001346356,Lindsey Enewold,https://openalex.org/W3033718997,Medical Care Costs Associated with Cancer Survivorship in the United States,2020,article,592,868,25,0.6820276497695853,middle,Economics and Econometrics,Economic and Financial Impacts of Cancer,5,3,3,205
https://openalex.org/A5005081662,Henry D. I. Abarbanel,https://openalex.org/W4303090068,Analysis of Observed Chaotic Data,1997,article,665,863,7,0.7705677867902665,last,Economics and Econometrics,Complex Systems and Time Series Analysis,2,5,4,183
https://openalex.org/A5074599814,Debidutta Pattnaik,https://openalex.org/W3198357836,"Artificial intelligence and machine learning in finance: Identifying foundations, themes, and research clusters from bibliometric analysis",2021,article,634,862,11,0.7354988399071926,last,Finance,Financial Markets and Investment Strategies,4,5,3,106
https://openalex.org/A5059968087,Dylan Jones‐Evans,https://openalex.org/W1530377467,Comparing Academic Entrepreneurship in Europe – The Case of Sweden and Ireland,2000,article,570,861,12,0.662020905923345,last,Economics and Econometrics,Economic Development and Regional Competitiveness,2,4,4,147
https://openalex.org/A5062913786,Mary R. Hardy,https://openalex.org/W2293176873,A Regime-Switching Model of Long-Term Stock Returns,2001,article,444,861,22,0.5156794425087108,first,Finance,Financial Risk and Volatility Modeling,1,5,4,159
https://openalex.org/A5042402129,Jonas Häckner,https://openalex.org/W2032844294,A Note on Price and Quantity Competition in Differentiated Oligopolies,2000,article,507,860,19,0.5895348837209302,first,Economics and Econometrics,Merger and Competition Analysis,1,7,5,258
https://openalex.org/A5047890493,Martin B. Haugh,https://openalex.org/W3122113998,Pricing American Options: A Duality Approach,2004,article,472,860,33,0.5488372093023256,first,Finance,Stochastic processes and financial applications,2,7,5,176
https://openalex.org/A5046028773,Shaker A. Zahra,https://openalex.org/W3148203578,The survival of international new ventures,2007,article,445,860,23,0.5174418604651163,last,Economics and Econometrics,Firm Innovation and Growth,2,5,3,141
https://openalex.org/A5012961852,Kevin Fox Gotham,https://openalex.org/W1998829610,Creating Liquidity out of Spatial Fixity: The Secondary Circuit of Capital and the Subprime Mortgage Crisis,2009,article,431,860,9,0.5011627906976744,first,Finance,"Housing, Finance, and Neoliberalism",1,4,3,361
https://openalex.org/A5074670417,J.G. Lambooy,https://openalex.org/W1973978641,Evolutionary economics and economic geography,1999,article,621,859,17,0.7229336437718277,last,Economics and Econometrics,Regional Economics and Spatial Analysis,2,10,6,229
https://openalex.org/A5023185369,Jeffrey J. Reuer,https://openalex.org/W2528097427,Real options theory in strategic management,2016,article,470,859,22,0.5471478463329453,last,Finance,Capital Investment and Risk Analysis,2,12,11,321
https://openalex.org/A5042903345,David Martin Jones,https://openalex.org/W2113966200,Emerging problems with the Basel Capital Accord: Regulatory capital arbitrage and related issues,2000,article,507,858,16,0.5909090909090909,first,Finance,"Banking stability, regulation, efficiency",1,6,4,327
https://openalex.org/A5103291286,Robert H. Hayes,https://openalex.org/W1520575087,Beyond World-Class : The New Manufacturing Strategy,1994,article,717,856,8,0.8376168224299065,last,Economics and Econometrics,Diverse academic and cultural studies,2,7,5,139
https://openalex.org/A5049655622,Gavin Bridge,https://openalex.org/W2127947455,Global production networks and the extractive sector: governing resource-based development,2008,article,571,856,10,0.6670560747663551,first,"General Economics, Econometrics and Finance",Natural Resources and Economic Development,1,5,3,156
https://openalex.org/A5040060522,Mondher Mimouni,https://openalex.org/W2167397427,The Impact of Regulations on Agricultural Trade: Evidence from the SPS and TBT Agreements,2008,article,500,856,33,0.5841121495327103,last,"General Economics, Econometrics and Finance",Global trade and economics,3,10,8,172
https://openalex.org/A5002485107,Guangyou Zhou,https://openalex.org/W4200447668,The impact of fintech innovation on green growth in China: Mediating effect of green finance,2021,article,569,854,16,0.6662763466042154,first,Economics and Econometrics,"Energy, Environment, Economic Growth",3,10,7,179
https://openalex.org/A5010287896,Martijn W. Heymans,https://openalex.org/W2794770411,Different ways to estimate treatment effects in randomised controlled trials,2018,article,522,854,17,0.6112412177985949,last,Economics and Econometrics,"Health Systems, Economic Evaluations, Quality of Life",6,8,4,157
https://openalex.org/A5045471292,Madras Sivaraman,https://openalex.org/W2985927573,The code of capital: how the law creates wealth and inequality,2019,article,456,852,9,0.5352112676056338,first,Finance,"Housing, Finance, and Neoliberalism",1,8,7,396
https://openalex.org/A5018567756,Stefano Cavaglia,https://openalex.org/W2160254976,The Increasing Importance of Industry Factors,2000,article,471,851,32,0.5534665099882491,first,Finance,Financial Markets and Investment Strategies,3,19,7,242
https://openalex.org/A5050645368,Alexander Tepper,https://openalex.org/W3123892291,Deviations from Covered Interest Rate Parity,2018,article,652,850,16,0.7670588235294118,middle,Finance,"Banking stability, regulation, efficiency",3,10,7,184
https://openalex.org/A5027692864,Pedro Mazeda Gil,https://openalex.org/W2055914416,Animal spirits and the composition of innovation in a lab-equipment R&amp;D model with transition,2012,article,475,850,57,0.5588235294117647,first,Economics and Econometrics,Economic Growth and Productivity,1,21,10,103
https://openalex.org/A5090103017,Melanie Arntz,https://openalex.org/W2735317928,Revisiting the risk of automation,2017,article,530,849,38,0.624263839811543,first,Economics and Econometrics,Labor market dynamics and wage inequality,3,21,15,199
https://openalex.org/A5051730793,Sue Blackman,https://openalex.org/W2071620745,Productivity and American Leadership: The Long View.,1991,article,507,849,6,0.5971731448763251,middle,Economics and Econometrics,Economic theories and models,4,4,3,342
https://openalex.org/A5089040865,Mark Bayless,https://openalex.org/W2045122965,Is There a Window of Opportunity for Seasoned Equity Issuance?,1996,article,458,848,11,0.5400943396226415,first,Finance,Financial Markets and Investment Strategies,2,5,5,266
https://openalex.org/A5015538763,Giorgio Sirilli,https://openalex.org/W2031707092,Technological innovation in services and manufacturing: results from Italian surveys,1998,article,455,848,18,0.5365566037735849,first,Economics and Econometrics,Diverse academic and cultural studies,2,9,8,195
https://openalex.org/A5041116129,Richard Adjei Dwumfour,https://openalex.org/W3215020771,"Dynamic spillover effects among green bond, renewable energy stocks and carbon markets during COVID-19 pandemic: Implications for hedging and investments strategies",2021,article,444,848,13,0.5235849056603774,last,Economics and Econometrics,Market Dynamics and Volatility,4,4,4,351
https://openalex.org/A5109894991,David B. Pryor,https://openalex.org/W2024931228,Value of the History and Physical in Identifying Patients at Increased Risk for Coronary Artery Disease,1993,article,501,847,10,0.5914994096812278,first,Economics and Econometrics,Healthcare Policy and Management,1,5,4,289
https://openalex.org/A5063347762,Nils Chr. Stenseth,https://openalex.org/W2162136094,Wavelet analysis of ecological time series,2008,article,729,846,5,0.8617021276595744,last,Economics and Econometrics,Complex Systems and Time Series Analysis,7,3,3,117
https://openalex.org/A5038513468,Bala V. Balachandran,https://openalex.org/W3123895924,An Investigation of the Informational Role of Short Interest in the Nasdaq Market,2002,article,682,845,15,0.8071005917159764,last,Finance,Financial Markets and Investment Strategies,4,12,9,163
https://openalex.org/A5107985437,Dave Huitema,https://openalex.org/W2212987725,Emergence of polycentric climate governance and its future prospects,2015,article,558,845,13,0.6603550295857988,middle,Economics and Econometrics,Climate Change Policy and Economics,9,10,6,253
https://openalex.org/A5079267101,Vivi Alatas,https://openalex.org/W2084984189,Targeting the Poor: Evidence from a Field Experiment in Indonesia,2012,article,510,844,9,0.6042654028436019,first,Economics and Econometrics,Fiscal Policy and Economic Growth,5,5,5,116
https://openalex.org/A5103896187,John R. Graham,https://openalex.org/W3124683565,The Idiosyncratic Volatility Puzzle: Time Trend or Speculative Episodes?,2009,article,481,844,14,0.5699052132701422,middle,Finance,Financial Markets and Investment Strategies,4,7,5,361
https://openalex.org/A5055655249,Douglas H. Joines,https://openalex.org/W4299303445,The American Business Cycle: Continuity and Change.,1987,article,457,844,30,0.5414691943127962,first,"General Economics, Econometrics and Finance",Economic Theory and Policy,2,10,9,147
https://openalex.org/A5080538733,Jonathan Bendor,https://openalex.org/W2157821211,T<scp>HEORIES OF</scp>D<scp>ELEGATION</scp>,2001,article,452,844,16,0.5355450236966824,first,Economics and Econometrics,Economic Theory and Institutions,3,7,5,348
https://openalex.org/A5017068100,Konstantin Makrelov,https://openalex.org/W3042987516,"Covid-19 lockdowns, income distribution, and food security: An analysis for South Africa",2020,article,447,844,29,0.5296208530805687,middle,Economics and Econometrics,COVID-19 Pandemic Impacts,10,14,12,305
https://openalex.org/A5039676161,Laura Vartia,https://openalex.org/W1914745706,Tax Policy for Economic Recovery and Growth,2011,article,621,843,12,0.7366548042704626,last,Economics and Econometrics,Fiscal Policy and Economic Growth,6,11,8,222
https://openalex.org/A5062969526,Arturo Vargas Bustamante,https://openalex.org/W2176321678,Racial and Ethnic Disparities in Health Care Access and Utilization Under the Affordable Care Act,2015,article,448,843,18,0.531435349940688,middle,Economics and Econometrics,Healthcare Policy and Management,4,8,7,318
https://openalex.org/A5110821134,Sarah Lichtenstein,https://openalex.org/W2050897795,Valuing environmental resources: A constructive approach,1993,article,441,842,8,0.5237529691211401,middle,Economics and Econometrics,Economic and Environmental Valuation,3,5,3,332
https://openalex.org/A5015963284,Michael Sarel,https://openalex.org/W1995029131,Nonlinear Effects of Inflation on Economic Growth,1996,article,560,840,14,0.6666666666666666,first,Economics and Econometrics,Economic Growth and Productivity,1,8,6,128
https://openalex.org/A5003037849,Edward H. Livingston,https://openalex.org/W3013747613,Sourcing Personal Protective Equipment During the COVID-19 Pandemic,2020,article,674,839,6,0.8033373063170441,first,Economics and Econometrics,COVID-19 Pandemic Impacts,3,5,4,165
https://openalex.org/A5067660877,Herman Aguinis,https://openalex.org/W2316175917,The Time Has Come,2012,article,444,838,8,0.5298329355608592,middle,Economics and Econometrics,Sports Analytics and Performance,3,5,3,348
https://openalex.org/A5046734371,Janet T. Knoedler,https://openalex.org/W2564412389,"The Overspent American: Upscaling, Downshifting, and the New Consumer",1999,article,483,837,16,0.5770609318996416,first,Economics and Econometrics,Economic Growth and Productivity,1,7,6,134
https://openalex.org/A5016833515,Ahmed Taneem Muzaffar,https://openalex.org/W2201768844,How urbanization affects CO 2 emissions in Malaysia? The application of STIRPAT model,2016,article,654,836,15,0.7822966507177034,middle,Economics and Econometrics,"Energy, Environment, Economic Growth",5,8,7,133
https://openalex.org/A5032538899,Jonathan Nagler,https://openalex.org/W1533686470,When Politics and Models Collide: Estimating Models of Multiparty Elections,1998,article,448,836,11,0.5358851674641149,last,Economics and Econometrics,Spatial and Panel Data Analysis,2,4,3,273
https://openalex.org/A5057251850,Thomas Sundqvist,https://openalex.org/W2081947215,"The impact of R&amp;D on innovation for wind energy in Denmark, Germany and the United Kingdom",2005,article,424,835,6,0.5077844311377245,last,Finance,Capital Investment and Risk Analysis,4,4,4,196
https://openalex.org/A5002942083,Mehmet Karaçuka,https://openalex.org/W2976934918,Digitalization and economic growth: A comparative analysis of Sub-Saharan Africa and OECD economies,2019,article,641,832,14,0.7704326923076923,middle,Economics and Econometrics,Fiscal Policy and Economic Growth,3,9,7,179
https://openalex.org/A5101716529,Heejoon Han,https://openalex.org/W2131375261,The cross-quantilogram: Measuring quantile dependence and testing directional predictability between time series,2016,article,510,832,29,0.6129807692307693,first,Finance,Financial Risk and Volatility Modeling,4,15,13,201
https://openalex.org/A5034911568,Emanuel Zur,https://openalex.org/W3022527834,The Effect of Liquidity on Governance,2013,article,449,832,17,0.5396634615384616,last,Finance,Financial Markets and Investment Strategies,3,12,9,348
https://openalex.org/A5111675584,Terry McGee,https://openalex.org/W3014435055,9 The Emergence of Desakota Regions in Asia: Expanding a Hypothesis,2021,article,423,832,8,0.5084134615384616,first,Economics and Econometrics,Economic Growth and Fiscal Policies,1,7,6,409
https://openalex.org/A5027859272,Luciano Tubaro,https://openalex.org/W2092264912,Expansion of the global error for numerical schemes solving stochastic differential equations,1990,article,565,831,28,0.6799037304452467,last,Finance,Stochastic processes and financial applications,2,4,4,147
https://openalex.org/A5114252865,Thomas S. Zorn,https://openalex.org/W2124762038,The Effect of Executive Stock Option Plans on Stockholders and Bondholders,1990,article,497,831,25,0.5980746089049338,last,Finance,Financial Markets and Investment Strategies,3,6,5,115
https://openalex.org/A5060151419,John D. Brewer,https://openalex.org/W4297928357,"The Sinews of Power: War, Money and the English State, 1688-1783",1990,article,468,831,8,0.5631768953068592,last,Economics and Econometrics,Historical Economic and Social Studies,2,5,4,356
https://openalex.org/A5038929743,Lisa Gold,https://openalex.org/W2037228432,Complex interventions or complex systems? Implications for health economic evaluation,2008,article,635,830,12,0.7650602409638554,last,Economics and Econometrics,"Health Systems, Economic Evaluations, Quality of Life",3,6,3,149
https://openalex.org/A5103017397,Xiaodong Du,https://openalex.org/W2261663051,Speculation and volatility spillover in the crude oil and agricultural commodity markets: A Bayesian analysis,2011,article,538,827,40,0.6505441354292624,first,Economics and Econometrics,Market Dynamics and Volatility,3,11,6,117
https://openalex.org/A5110471027,Sergio Navajas,https://openalex.org/W1966665426,Microcredit and the Poorest of the Poor: Theory and Evidence from Bolivia,2000,article,506,827,15,0.6118500604594922,first,Economics and Econometrics,Microfinance and Financial Inclusion,5,9,8,121
https://openalex.org/A5078073885,Alberto Portugal-Pérez,https://openalex.org/W1972566760,Export Performance and Trade Facilitation Reform: Hard and Soft Infrastructure,2012,article,527,826,30,0.6380145278450363,first,"General Economics, Econometrics and Finance",Global trade and economics,2,20,15,268
https://openalex.org/A5009594178,David B. Bills,https://openalex.org/W2156029376,"Credentials, Signals, and Screens: Explaining the Relationship Between Schooling and Job Assignment",2003,article,424,825,14,0.5139393939393939,first,Economics and Econometrics,Labor market dynamics and wage inequality,1,6,5,142
https://openalex.org/A5004752622,R. Cardarelli,https://openalex.org/W2170860824,Financial stress and economic contractions,2010,article,418,825,14,0.5066666666666667,first,Finance,"Banking stability, regulation, efficiency",3,5,5,132
https://openalex.org/A5003354782,Dimitri Zenghelis,https://openalex.org/W3205589517,"Towards carbon neutrality and China's 14th Five-Year Plan: Clean energy transition, sustainable urban development, and investment priorities",2021,review,524,824,34,0.6359223300970874,last,Economics and Econometrics,"Energy, Environment, Economic Growth",6,27,14,239
https://openalex.org/A5019124210,Per Botolf Maurseth,https://openalex.org/W2039675166,Knowledge Spillovers in Europe: A Patent Citations Analysis,2002,article,551,823,23,0.669501822600243,first,Economics and Econometrics,Economic Growth and Productivity,2,4,4,169
https://openalex.org/A5020662556,Stanley L. Graham,https://openalex.org/W2074522026,Bank holding company mergers with nonbank financial firms: Effects on the risk of failure,1993,article,484,822,9,0.5888077858880778,middle,Economics and Econometrics,Housing Market and Economics,3,7,4,318
https://openalex.org/A5075159751,Eric A. Nerlinger,https://openalex.org/W1568888308,Growth of New Technology-Based Firms: Which Factors Matter?,1999,article,475,821,20,0.5785627283800243,last,Economics and Econometrics,Firm Innovation and Growth,2,10,9,132
https://openalex.org/A5032850850,Luitgard Anna Maria Veraart,https://openalex.org/W1995245793,Failure and Rescue in an Interbank Network,2012,article,414,821,38,0.5042630937880633,last,Finance,"Banking stability, regulation, efficiency",2,8,7,111
https://openalex.org/A5028095228,Joachim Maes,https://openalex.org/W2255288245,Nature‐Based Solutions for Europe's Sustainable Development,2015,article,569,820,6,0.6939024390243902,first,Economics and Econometrics,Climate Change Policy and Economics,2,3,3,100
https://openalex.org/A5045684426,Andreas Eckner,https://openalex.org/W2165053060,Frailty Correlated Default,2009,article,566,820,6,0.6902439024390243,middle,Finance,Credit Risk and Financial Regulations,4,4,4,170
https://openalex.org/A5040358679,Tom Van Ourti,https://openalex.org/W2337449659,Conindex: Estimation of Concentration Indices,2016,article,483,820,19,0.5890243902439024,middle,Finance,Healthcare Systems and Reforms,4,16,11,320
https://openalex.org/A5043147019,Paul Luk,https://openalex.org/W2987811658,Measuring economic policy uncertainty in China,2019,article,662,819,26,0.8083028083028083,last,Economics and Econometrics,Market Dynamics and Volatility,2,14,7,126
https://openalex.org/A5091238510,Clive Bull,https://openalex.org/W2243769298,The Existence of Self-Enforcing Implicit Contracts,1987,article,674,818,19,0.823960880195599,first,Economics and Econometrics,Economic theories and models,1,13,7,107
https://openalex.org/A5033803578,Thomas W. Concannon,https://openalex.org/W2055243789,A Systematic Review of Stakeholder Engagement in Comparative Effectiveness and Patient-Centered Outcomes Research,2014,review,459,818,27,0.5611246943765281,first,Economics and Econometrics,"Health Systems, Economic Evaluations, Quality of Life",7,13,8,290
https://openalex.org/A5035705499,Janice Fanning Madden,https://openalex.org/W2165093838,Why Women Work Closer to Home,1981,article,417,818,14,0.5097799511002445,first,Economics and Econometrics,Housing Market and Economics,1,4,4,100
https://openalex.org/A5103257073,Martin Roland,https://openalex.org/W1998707453,Linking Physicians' Pay to the Quality of Care — A Major Experiment in the United Kingdom,2004,article,696,817,10,0.8518971848225214,first,Economics and Econometrics,Healthcare Policy and Management,1,4,4,121
https://openalex.org/A5093949437,Michael Taylor,https://openalex.org/W2320949512,Collective Choice and Social Welfare.,1972,article,659,817,4,0.806609547123623,first,Economics and Econometrics,Game Theory and Voting Systems,3,3,3,158
https://openalex.org/A5088609960,Patrick Conway,https://openalex.org/W1491643986,The Economics of the World Trading System,2004,article,535,815,40,0.656441717791411,first,"General Economics, Econometrics and Finance",Global trade and economics,3,20,15,199
https://openalex.org/A5028422957,John Black,https://openalex.org/W1991846287,The Economics of Intra-Industry Trade.,1988,article,413,815,18,0.5067484662576687,first,"General Economics, Econometrics and Finance",Global trade and economics,3,13,11,263
https://openalex.org/A5025940159,Jan Bojö,https://openalex.org/W1993842882,Forest environmental incomes and the rural poor,2006,article,535,814,5,0.6572481572481572,middle,Economics and Econometrics,Economic and Environmental Valuation,5,3,3,259
https://openalex.org/A5047315684,Denis Pelletier,https://openalex.org/W2161808462,Regime switching for dynamic correlations,2006,article,412,813,24,0.5067650676506765,first,Finance,Financial Risk and Volatility Modeling,1,6,6,278
https://openalex.org/A5076896845,Charles W. Ostrom,https://openalex.org/W2081860209,Time-Series Analysis: Regression Techniques.,1980,article,499,810,10,0.6160493827160494,last,"General Economics, Econometrics and Finance",Monetary Policy and Economic Impact,2,6,5,203
https://openalex.org/A5052820942,Chris Edmond,https://openalex.org/W2140072776,"Competition, Markups, and the Gains from International Trade",2015,article,451,810,30,0.5567901234567901,first,"General Economics, Econometrics and Finance",Global trade and economics,3,26,16,347
https://openalex.org/A5021977837,Klaus Sandmann,https://openalex.org/W2127386934,Closed Form Solutions for Term Structure Derivatives with Log‐Normal Interest Rates,1997,article,585,809,27,0.723114956736712,middle,Finance,Stochastic processes and financial applications,3,10,10,105
https://openalex.org/A5081720163,Paul A. Laux,https://openalex.org/W2164935178,"Corporate Governance, Idiosyncratic Risk, and Information Flow",2005,article,527,809,17,0.6514215080346106,last,Finance,Financial Markets and Investment Strategies,2,8,8,155
https://openalex.org/A5075013774,Meenu Tewari,https://openalex.org/W3124589730,The Impact of Temperature on Productivity and Labor Supply: Evidence from Indian Manufacturing,2021,article,556,808,13,0.6881188118811881,last,Economics and Econometrics,Climate Change Policy and Economics,4,12,10,252
https://openalex.org/A5025525412,Thomas E. Kottke,https://openalex.org/W2114642244,The Multilevel Compliance Challenge: Recommendations for a Call to Action,1997,article,490,808,14,0.6064356435643564,middle,Economics and Econometrics,Healthcare Policy and Management,4,7,7,266
https://openalex.org/A5088449670,Peter Ayton,https://openalex.org/W2137524855,The hot hand fallacy and the gambler’s fallacy: Two faces of subjective randomness?,2004,article,467,808,12,0.5779702970297029,first,Economics and Econometrics,Sports Analytics and Performance,2,4,4,221
https://openalex.org/A5008647648,François Laisney,https://openalex.org/W2067301720,Economic development and CO2 emissions: A nonparametric panel approach,2005,article,419,806,36,0.5198511166253101,middle,Economics and Econometrics,"Energy, Environment, Economic Growth",3,24,19,323
https://openalex.org/A5027024193,Phillip Braun,https://openalex.org/W2065311909,"Good News, Bad News, Volatility, and Betas",1995,article,418,805,13,0.5192546583850932,first,Economics and Econometrics,Market Dynamics and Volatility,3,10,7,383
https://openalex.org/A5038043150,Christina Guenther,https://openalex.org/W3190398984,Economic effects of the COVID-19 pandemic on entrepreneurship and small businesses,2021,article,452,804,23,0.5621890547263682,middle,Economics and Econometrics,COVID-19 Pandemic Impacts,4,17,13,333
https://openalex.org/A5035751854,Alexis Stenfors,https://openalex.org/W3153035093,Interest rate swaps and the transmission mechanism of monetary policy: A quantile connectedness approach,2021,article,453,802,46,0.5648379052369077,last,Economics and Econometrics,Market Dynamics and Volatility,3,29,16,142
https://openalex.org/A5008898429,Benjamin Chiquoine,https://openalex.org/W2103467996,Rise of the Machines: Algorithmic Trading in the Foreign Exchange Market,2014,article,628,801,6,0.784019975031211,middle,Finance,Financial Markets and Investment Strategies,4,5,5,173
https://openalex.org/A5052725852,Isaac Kleshchelski,https://openalex.org/W3124919835,Do Peso Problems Explain the Returns to the Carry Trade?,2010,article,539,801,8,0.6729088639200999,middle,Finance,Financial Markets and Investment Strategies,4,6,4,162
https://openalex.org/A5045222608,Witness Simbanegavi,https://openalex.org/W3042987516,"Covid-19 lockdowns, income distribution, and food security: An analysis for South Africa",2020,article,447,801,21,0.5580524344569289,middle,Economics and Econometrics,COVID-19 Pandemic Impacts,10,16,13,330
https://openalex.org/A5006354036,A. Sinan Cebenoyan,https://openalex.org/W3122327767,"Risk management, capital structure and lending at banks",2003,article,466,800,12,0.5825,first,Finance,"Banking stability, regulation, efficiency",2,8,6,333
https://openalex.org/A5042780618,Christian Bayer,https://openalex.org/W3021131124,Pricing under rough volatility,2015,article,424,800,63,0.53,first,Finance,Financial Risk and Volatility Modeling,3,21,14,177
https://openalex.org/A5073960823,James X. Sullivan,https://openalex.org/W2117472708,Household Surveys in Crisis,2015,article,508,799,15,0.6357947434292867,last,Economics and Econometrics,Healthcare Policy and Management,3,5,5,245
https://openalex.org/A5020802593,James Berry,https://openalex.org/W3123121782,Can Higher Prices Stimulate Product Use? Evidence from a Field Experiment in Zambia,2010,article,453,797,54,0.5683814303638645,middle,Economics and Econometrics,Economic and Environmental Valuation,3,32,13,106
https://openalex.org/A5102163453,R. Kavita Rao,https://openalex.org/W2169869866,Asset Pricing in a Generalized Mean-Lower Partial Moment Framework: Theory and Evidence,1989,article,487,796,44,0.6118090452261307,last,Finance,Financial Markets and Investment Strategies,2,8,8,104
https://openalex.org/A5000975374,Pedro R. D. Bom,https://openalex.org/W2117263951,WHAT HAVE WE LEARNED FROM THREE DECADES OF RESEARCH ON THE PRODUCTIVITY OF PUBLIC CAPITAL?,2013,article,497,795,20,0.6251572327044025,first,Economics and Econometrics,Fiscal Policy and Economic Growth,2,9,7,117
https://openalex.org/A5035989278,Abdoul Aziz Wane,https://openalex.org/W2025556458,Green investment: Trends and determinants,2013,article,417,795,13,0.5245283018867924,last,Economics and Econometrics,"Energy, Environment, Economic Growth",3,9,7,181
https://openalex.org/A5039462185,Whelsy Boungou,https://openalex.org/W4224269961,The impact of the Ukraine–Russia war on world stock market returns,2022,article,515,794,46,0.6486146095717884,first,Economics and Econometrics,Economic Sanctions and International Relations,2,20,14,152
https://openalex.org/A5066557604,Philip Hemmings,https://openalex.org/W3122768054,The Role of Policy and Institutions for Productivity and Firm Dynamics: Evidence from Micro and Industry Data,2002,article,402,794,9,0.5062972292191436,middle,Economics and Econometrics,Firm Innovation and Growth,4,7,5,392
https://openalex.org/A5045275785,Michael J. Harper,https://openalex.org/W1640296518,New Developments in Productivity Analysis,2001,preprint,402,794,13,0.5062972292191436,last,Economics and Econometrics,Economic Growth and Productivity,3,5,4,308
https://openalex.org/A5078304883,Andrew Philips,https://openalex.org/W2914628441,Cointegration Testing and Dynamic Simulations of Autoregressive Distributed Lag Models,2018,article,502,793,11,0.6330390920554855,last,"General Economics, Econometrics and Finance",Monetary Policy and Economic Impact,2,3,3,218
https://openalex.org/A5075329503,Xiangang Zeng,https://openalex.org/W2807756532,"CO2 emissions, economic growth, and the environmental Kuznets curve in China: What roles can nuclear energy and renewable energy play?",2018,article,471,793,8,0.5939470365699874,last,Economics and Econometrics,"Energy, Environment, Economic Growth",4,4,4,237
https://openalex.org/A5047480587,Aurel Răşcanu,https://openalex.org/W1506978447,Differential equations driven by fractional Brownian motion,2002,article,433,792,20,0.5467171717171717,last,Finance,Stochastic processes and financial applications,2,4,4,212
https://openalex.org/A5060006615,Denis Hilton,https://openalex.org/W1982675562,"Judgemental Overconfidence, Self-Monitoring, and Trading Performance in an Experimental Financial Market",2005,article,506,791,12,0.6396965865992414,middle,Finance,Financial Markets and Investment Strategies,4,3,3,207
https://openalex.org/A5111669293,Richard Barras,https://openalex.org/W2036163792,Interactive innovation in financial and business services: The vanguard of the service revolution,1993,article,418,791,10,0.5284450063211125,first,Economics and Econometrics,Market Dynamics and Volatility,1,3,3,128
https://openalex.org/A5111903861,Sabyasachi Basu,https://openalex.org/W1493122757,Analysis of Spatial Autocorrelation in House Prices,1998,article,563,790,7,0.7126582278481013,first,Economics and Econometrics,Housing Market and Economics,2,5,5,227
https://openalex.org/A5004565989,Nikki McCaffrey,https://openalex.org/W2523753543,Health-related quality of life measured using the EQ-5D–5L: South Australian population norms,2016,article,489,790,21,0.6189873417721519,first,Economics and Econometrics,"Health Systems, Economic Evaluations, Quality of Life",4,6,6,206
https://openalex.org/A5039706908,Olivier Renault,https://openalex.org/W3125396418,Liquidity and Credit Risk,2006,article,433,790,17,0.5481012658227848,last,Finance,Credit Risk and Financial Regulations,2,15,13,353
https://openalex.org/A5109210064,Robert E. Kuttner,https://openalex.org/W1996888198,Health Insurance Coverage,1999,article,399,790,13,0.5050632911392405,first,Economics and Econometrics,Healthcare Policy and Management,1,6,5,221
https://openalex.org/A5102886072,Jie Mao,https://openalex.org/W2758656006,How Do Tax Incentives Affect Investment and Productivity? Firm-Level Evidence from China,2019,article,399,790,23,0.5050632911392405,last,Economics and Econometrics,Fiscal Policy and Economic Growth,2,8,4,167
https://openalex.org/A5039349524,Maximiliano Dvorkin,https://openalex.org/W2742700152,Trade and Labor Market Dynamics: General Equilibrium Analysis of the China Trade Shock,2019,article,573,788,36,0.7271573604060914,middle,"General Economics, Econometrics and Finance",Global trade and economics,3,22,15,102
https://openalex.org/A5043754121,Shlomo Angel,https://openalex.org/W2164957454,The dynamics of global urban expansion,2005,article,505,788,16,0.6408629441624365,first,Economics and Econometrics,Fiscal Policy and Economic Growth,6,9,6,236
https://openalex.org/A5103470214,Donald R. Lehmann,https://openalex.org/W2151592502,Profiles of Product Innovators Among Large U.S. Manufacturers,1992,article,434,788,14,0.550761421319797,middle,Economics and Econometrics,Innovation Policy and R&D,4,6,5,181
https://openalex.org/A5084664337,Per Johansson,https://openalex.org/W2128733050,The effects of attitudes and personality traits on mode choice,2005,article,569,787,23,0.7229987293519695,last,Economics and Econometrics,Economic and Environmental Valuation,3,10,8,145
https://openalex.org/A5101590359,Ruth Davies,https://openalex.org/W2062638219,A taxonomy of model structures for economic evaluation of health technologies,2006,article,563,785,8,0.7171974522292993,last,Economics and Econometrics,"Health Systems, Economic Evaluations, Quality of Life",3,6,6,221
https://openalex.org/A5047743604,Cumhur Erdem,https://openalex.org/W2032191703,Volatility spillover between oil and agricultural commodity markets,2012,article,516,785,14,0.6573248407643312,middle,Economics and Econometrics,Market Dynamics and Volatility,3,8,8,248
https://openalex.org/A5015924003,Tara Schuller,https://openalex.org/W3025177818,The new definition of health technology assessment: A milestone in international collaboration,2020,article,502,783,15,0.6411238825031929,middle,Economics and Econometrics,"Health Systems, Economic Evaluations, Quality of Life",3,9,7,267
https://openalex.org/A5034618123,Michael Suk‐Young Chwe,https://openalex.org/W1581606349,Farsighted Coalitional Stability,1994,article,613,782,10,0.7838874680306905,first,Economics and Econometrics,Game Theory and Voting Systems,1,3,3,103
https://openalex.org/A5113510390,Catalina Amuedo‐Dorantes,https://openalex.org/W2074177963,Workers' Remittances and the Real Exchange Rate: A Paradox of Gifts,2004,article,548,781,18,0.7016645326504481,first,"General Economics, Econometrics and Finance",Global trade and economics,2,7,5,131
https://openalex.org/A5013248239,Timo Hakulinen,https://openalex.org/W2313027250,Cancer Survival Corrected for Heterogeneity in Patient Withdrawal,1982,article,452,781,11,0.5787451984635084,first,Economics and Econometrics,"Health Systems, Economic Evaluations, Quality of Life",1,3,3,215
https://openalex.org/A5103175888,Muhammad Zeshan,https://openalex.org/W2059714554,Does renewable energy consumption add in economic growth? An application of auto-regressive distributed lag model in Pakistan,2015,article,406,780,16,0.5205128205128206,middle,Economics and Econometrics,"Energy, Environment, Economic Growth",4,5,4,347
https://openalex.org/A5028016335,James S. Hodges,https://openalex.org/W2133305600,Adding Spatially-Correlated Errors Can Mess Up the Fixed Effect You Love,2010,article,406,779,15,0.521181001283697,first,Economics and Econometrics,Spatial and Panel Data Analysis,2,7,6,302
https://openalex.org/A5049007275,Jean‐Pascal Bassino,https://openalex.org/W2237560775,"Wages, prices, and living standards in China, 1738–1925: in comparison with Europe, Japan, and India",2010,article,482,778,31,0.6195372750642674,middle,Economics and Econometrics,Historical Economic and Social Studies,5,10,8,241
https://openalex.org/A5111443034,William R. Walker,https://openalex.org/W2123872499,The Transitional Costs of Sectoral Reallocation: Evidence From the Clean Air Act and the Workforce*,2013,article,469,778,5,0.602827763496144,first,Economics and Econometrics,Labor market dynamics and wage inequality,1,4,4,309
https://openalex.org/A5110251607,John Karl Scholz,https://openalex.org/W2147424500,Personal Bankruptcy and Credit Supply and Demand,1997,article,477,777,15,0.6138996138996139,middle,Economics and Econometrics,Housing Market and Economics,3,8,7,259
https://openalex.org/A5023765987,Elena Bardasi,https://openalex.org/W2034111076,How do female entrepreneurs perform? Evidence from three developing regions,2011,article,440,777,13,0.5662805662805663,first,Economics and Econometrics,Microfinance and Financial Inclusion,3,9,6,324
https://openalex.org/A5068469370,Martin Emmert,https://openalex.org/W2170868743,Effects of pay for performance in health care: A systematic review of systematic reviews,2013,review,554,776,10,0.7139175257731959,middle,Economics and Econometrics,Healthcare Policy and Management,4,5,5,161
https://openalex.org/A5082733519,June O’Neill,https://openalex.org/W2114932053,Why the Gender Gap in Wages Narrowed in the 1980s,1993,article,416,776,11,0.5360824742268041,first,Economics and Econometrics,Labor market dynamics and wage inequality,2,5,4,196
https://openalex.org/A5034710571,Paul Elliott,https://openalex.org/W2144203096,Interpreting Posterior Relative Risk Estimates in Disease-Mapping Studies,2004,review,531,775,9,0.6851612903225807,last,Economics and Econometrics,Spatial and Panel Data Analysis,4,3,3,243
https://openalex.org/A5052122967,Élisabeth Huybens,https://openalex.org/W2062651839,"Inflation, financial markets and long-run real activity",1999,article,461,775,23,0.5948387096774194,first,Finance,"Banking stability, regulation, efficiency",2,9,7,210
https://openalex.org/A5035000638,Edward J. Taaffe,https://openalex.org/W4249639574,Transport Expansion in Underdeveloped Countries: A Comparative Analysis,1963,article,484,774,8,0.6253229974160207,first,"General Economics, Econometrics and Finance",Global trade and economics,3,6,6,282
https://openalex.org/A5088800283,Murray Milgate,https://openalex.org/W4242044618,The New Palgrave: A Dictionary of Economics,1988,article,478,774,19,0.6175710594315246,middle,Economics and Econometrics,Economic Theory and Institutions,4,4,3,180
https://openalex.org/A5002350048,Herbert A. Rijken,https://openalex.org/W3125676824,How rating agencies achieve rating stability,2004,article,472,774,18,0.6098191214470284,last,Finance,Credit Risk and Financial Regulations,2,7,3,105
https://openalex.org/A5073315709,Andréa Cornwall,https://openalex.org/W2333572177,Women's Empowerment: What Works?,2016,article,569,773,4,0.7360931435963778,first,Economics and Econometrics,Microfinance and Financial Inclusion,1,3,3,204
https://openalex.org/A5020451058,Paul B. Downing,https://openalex.org/W1970197496,Innovation in pollution control,1986,article,495,773,13,0.6403622250970246,first,Economics and Econometrics,Climate Change Policy and Economics,2,10,9,203
https://openalex.org/A5077642151,Charles R. Tittle,https://openalex.org/W1966055627,Sanctions and Social Deviance: The Question of Deterrence.,1981,article,488,773,7,0.6313065976714101,last,Economics and Econometrics,Economic Sanctions and International Relations,2,4,3,275
https://openalex.org/A5112343038,Marc Joëts,https://openalex.org/W2066281896,On the links between stock and commodity markets' volatility,2013,article,531,772,31,0.6878238341968912,middle,Economics and Econometrics,Market Dynamics and Volatility,3,10,7,100
https://openalex.org/A5110893435,Shelby D. Reed,https://openalex.org/W2157117527,Transferability of Economic Evaluations Across Jurisdictions: ISPOR Good Research Practices Task Force Report,2009,article,519,772,16,0.6722797927461139,middle,Economics and Econometrics,"Health Systems, Economic Evaluations, Quality of Life",10,7,6,161
https://openalex.org/A5029390523,John Douglas Hunt,https://openalex.org/W2070024519,Influences on bicycle use,2006,article,406,772,15,0.5259067357512953,first,Economics and Econometrics,Economic and Environmental Valuation,2,6,5,231
https://openalex.org/A5062680588,Igho Onakpoya,https://openalex.org/W2269807470,Post-marketing withdrawal of 462 medicinal products because of adverse drug reactions: a systematic review of the world literature,2016,review,603,771,12,0.7821011673151751,first,Economics and Econometrics,Pharmaceutical Economics and Policy,3,4,3,140
https://openalex.org/A5054820303,Gertjan W. Vlieghe,https://openalex.org/W3021756199,"House prices, consumption, and monetary policy: a financial accelerator approach",2004,article,458,771,15,0.5940337224383917,last,Economics and Econometrics,Housing Market and Economics,3,4,4,216
https://openalex.org/A5032630593,Mary Chatfield,https://openalex.org/W2325489896,Health Care Financing Review,1980,article,427,771,84,0.5538261997405967,first,Economics and Econometrics,Healthcare Policy and Management,1,39,17,126
https://openalex.org/A5051899385,Kürşat Yalçıner,https://openalex.org/W3098594976,"Assessing the environmental sustainability corridor: Linking natural resources, renewable energy, human capital, and ecological footprint in BRICS.",2020,article,408,771,15,0.5291828793774319,middle,Economics and Econometrics,"Energy, Environment, Economic Growth",3,11,6,270
https://openalex.org/A5075659612,Sehoon Kim,https://openalex.org/W3173695712,Real effects of climate policy: Financial constraints and spillovers,2021,article,541,770,9,0.7025974025974026,last,Economics and Econometrics,Climate Change Policy and Economics,3,4,3,220
https://openalex.org/A5109920459,David Grubb,https://openalex.org/W2111583974,What Works and for Whom: A Review of OECD Countries' Experiences with Active Labour Market Policies,2002,review,460,770,8,0.5974025974025974,last,Economics and Econometrics,Labor market dynamics and wage inequality,2,7,7,310
https://openalex.org/A5034012176,Robert J. MacKay,https://openalex.org/W2072258798,Copules archimédiennes et families de lois bidimensionnelles dont les marges sont données,1986,article,413,770,20,0.5363636363636364,last,Finance,Financial Risk and Volatility Modeling,2,17,7,354
https://openalex.org/A5111946431,L. Gary Hart,https://openalex.org/W2006820944,Geographic Access to Health Care for Rural Medicare Beneficiaries,2006,article,523,768,14,0.6809895833333334,middle,Economics and Econometrics,Healthcare Policy and Management,3,12,10,242
https://openalex.org/A5025359159,Nicolas Groshenny,https://openalex.org/W2135318979,Uncertainty shocks and unemployment dynamics in U.S. recessions,2014,article,502,768,26,0.6536458333333334,last,"General Economics, Econometrics and Finance",Monetary Policy and Economic Impact,3,14,10,138
https://openalex.org/A5020685414,Sandro Federici,https://openalex.org/W2594782971,The key role of forests in meeting climate targets requires science for credible mitigation,2017,article,600,767,10,0.7822685788787483,middle,Economics and Econometrics,Climate Change Policy and Economics,6,5,3,145
https://openalex.org/A5103461848,John P. Anderson,https://openalex.org/W1979871017,Report of Nationally Representative Values for the Noninstitutionalized US Adult Population for 7 Health-Related Quality-of-Life Scores,2006,article,398,767,15,0.5189048239895697,middle,Economics and Econometrics,"Health Systems, Economic Evaluations, Quality of Life",5,10,9,363
https://openalex.org/A5102377679,Akhter Ahmed,https://openalex.org/W2029930047,Women’s Empowerment in Agriculture: What Role for Food Security in Bangladesh?,2014,article,486,766,13,0.6344647519582245,last,Economics and Econometrics,Microfinance and Financial Inclusion,4,9,8,177
https://openalex.org/A5017109308,A. Tolga Ergün,https://openalex.org/W3121823203,Systemic risk measurement: Multivariate GARCH estimation of CoVaR,2013,article,606,765,14,0.792156862745098,last,Finance,Financial Risk and Volatility Modeling,2,11,7,150
https://openalex.org/A5085837820,Andrew H. Van de Ven,https://openalex.org/W2139275397,Explaining Complex Organizational Dynamics,1999,article,404,765,7,0.5281045751633987,last,Economics and Econometrics,Complex Systems and Time Series Analysis,2,3,3,241
https://openalex.org/A5090253765,Arthur De Vany,https://openalex.org/W1559179279,Uncertainty in the Movie Industry: Does Star Power Reduce the Terror of the Box Office?,1999,article,481,763,22,0.6304062909567497,first,Finance,Financial Markets and Investment Strategies,2,15,11,199
https://openalex.org/A5101816875,Yang Yao,https://openalex.org/W1506145778,Subnational leaders and economic growth: evidence from Chinese cities,2015,article,417,762,26,0.547244094488189,first,Economics and Econometrics,Regional Economics and Spatial Analysis,2,16,13,207
https://openalex.org/A5061732313,Robert J. Flanagan,https://openalex.org/W1986676705,Macroeconomic Performance and Collective Bargaining: An International Perspective,1999,article,415,762,41,0.5446194225721784,first,Economics and Econometrics,Fiscal Policy and Economic Growth,1,33,19,318
https://openalex.org/A5027873997,Matthew Raskin,https://openalex.org/W3125226742,The Financial Market Effects of the Federal Reserve's Large-Scale Asset Purchases *,2024,article,383,762,8,0.5026246719160105,last,"General Economics, Econometrics and Finance",Monetary Policy and Economic Impact,4,7,6,379
https://openalex.org/A5089931498,Dimitris Psychoyios,https://openalex.org/W2151462549,Modeling CO2 emission allowance prices and derivatives: Evidence from the European trading scheme,2009,article,427,761,20,0.5611038107752957,middle,Economics and Econometrics,Climate Change Policy and Economics,3,9,9,202
https://openalex.org/A5089618885,Robert P. Bartlett,https://openalex.org/W2770743945,Consumer-lending discrimination in the FinTech Era,2021,article,506,760,30,0.6657894736842105,first,Economics and Econometrics,Housing Market and Economics,4,20,14,171
https://openalex.org/A5016886477,Muhammad Farrukh,https://openalex.org/W3216495210,Green bonds for sustainable development: Review of literature on development and impact of green bonds,2021,article,446,760,5,0.5868421052631579,middle,Finance,Sustainable Finance and Green Bonds,5,3,3,148
https://openalex.org/A5055771809,Arthur W. Marget,https://openalex.org/W4232300836,Lectures on Political Economy.,1935,article,386,760,53,0.5078947368421053,first,Economics and Econometrics,Economic Theory and Institutions,4,21,8,109
https://openalex.org/A5018754274,John E. Silvia,https://openalex.org/W2614629730,Innocent Bystanders? Monetary policy and inequality,2017,article,587,759,43,0.7733860342555995,last,"General Economics, Econometrics and Finance",Monetary Policy and Economic Impact,4,39,25,167
https://openalex.org/A5012465837,Umesh Bastola,https://openalex.org/W2605002860,"Foreign direct investment, income, and environmental pollution in developing countries: Panel data analysis of Latin America",2017,article,577,759,5,0.7602108036890646,last,Economics and Econometrics,"Energy, Environment, Economic Growth",2,4,4,182
https://openalex.org/A5039685172,Roger Claassen,https://openalex.org/W1990909942,Cost-effective design of agri-environmental payment programs: U.S. experience in theory and practice,2007,article,390,759,41,0.5138339920948617,first,Economics and Econometrics,Economic and Environmental Valuation,3,15,10,186
https://openalex.org/A5071143568,Pratikshya Sapkota,https://openalex.org/W2605002860,"Foreign direct investment, income, and environmental pollution in developing countries: Panel data analysis of Latin America",2017,article,577,758,5,0.7612137203166227,first,Economics and Econometrics,"Energy, Environment, Economic Growth",2,4,4,181
https://openalex.org/A5061826389,Lidwine B. Mokkink,https://openalex.org/W3179384306,Minimal important change (MIC): a conceptual clarification and systematic review of MIC estimates of PROMIS measures,2021,review,509,758,6,0.6715039577836411,last,Economics and Econometrics,"Health Systems, Economic Evaluations, Quality of Life",8,3,3,215
https://openalex.org/A5013150033,John H. Smith,https://openalex.org/W2047294939,Aggregation of Preferences with Variable Electorate,1973,article,499,758,9,0.658311345646438,first,Economics and Econometrics,Game Theory and Voting Systems,1,8,6,259
https://openalex.org/A5012065007,Geert Dhaene,https://openalex.org/W2131437921,Split-panel Jackknife Estimation of Fixed-effect Models,2015,article,383,758,45,0.5052770448548812,first,Economics and Econometrics,Spatial and Panel Data Analysis,2,26,21,283
https://openalex.org/A5047611713,Kerry S. Courneya,https://openalex.org/W2120817985,The Home Advantage In Sport Competitions: A Literature Review,1992,review,562,757,8,0.7424042272126816,first,Economics and Econometrics,Sports Analytics and Performance,2,6,6,122
https://openalex.org/A5000030747,Mikael Hildén,https://openalex.org/W2212987725,Emergence of polycentric climate governance and its future prospects,2015,article,558,757,17,0.7371202113606341,middle,Economics and Econometrics,Climate Change Policy and Economics,9,7,6,164
https://openalex.org/A5028814434,Mekbib G. Haile,https://openalex.org/W2735915657,Impacts of extension access and cooperative membership on technology adoption and household welfare,2017,article,569,756,26,0.7526455026455027,middle,Economics and Econometrics,Microfinance and Financial Inclusion,7,19,13,153
https://openalex.org/A5111452941,T. R. Lakshmanan,https://openalex.org/W2022678437,The broader economic consequences of transport infrastructure investments,2010,article,415,756,28,0.548941798941799,first,Economics and Econometrics,Fiscal Policy and Economic Growth,1,21,20,338
https://openalex.org/A5102130387,Martı́n A. Rossi,https://openalex.org/W2169887110,Strengthening State Capabilities: The Role of Financial Incentives in the Call to Public Service*,2013,article,554,754,10,0.7347480106100795,last,Economics and Econometrics,Fiscal Policy and Economic Growth,3,6,3,189
https://openalex.org/A5040726898,Paul Smeets,https://openalex.org/W3155804760,Get Real! Individuals Prefer More Sustainable Investments,2021,article,446,754,20,0.5915119363395226,last,Economics and Econometrics,Economic and Environmental Valuation,3,11,10,274
https://openalex.org/A5041181800,Maros Ivanic,https://openalex.org/W3125888513,How confident can we be of CGE-based assessments of Free Trade Agreements?,2007,article,405,754,38,0.5371352785145889,middle,"General Economics, Econometrics and Finance",Global trade and economics,4,12,9,161
https://openalex.org/A5065185485,Benjamin Balsmeier,https://openalex.org/W2937764832,Is this time different? How digitalization influences job creation and destruction,2019,article,435,753,16,0.5776892430278885,first,Economics and Econometrics,Labor market dynamics and wage inequality,2,7,6,198
https://openalex.org/A5014027859,Peter A. Frost,https://openalex.org/W2092013333,An Empirical Bayes Approach to Efficient Portfolio Selection,1986,article,406,752,19,0.5398936170212766,first,Finance,Financial Markets and Investment Strategies,2,17,15,330
https://openalex.org/A5043240023,W. Warren McHone,https://openalex.org/W2059852495,Effects of Environmental Regulations on Manufacturing Plant Births: Evidence from a Propensity Score Matching Estimator,2003,article,402,752,17,0.5345744680851063,last,Economics and Econometrics,"Energy, Environment, Economic Growth",4,11,11,165
https://openalex.org/A5062712250,Jan Walliser,https://openalex.org/W2040785381,Simulating Fundamental Tax Reform in the United States,2001,article,475,751,15,0.6324900133155792,last,Economics and Econometrics,Fiscal Policy and Economic Growth,5,10,5,226
https://openalex.org/A5050691287,Artūras Juodis,https://openalex.org/W3109950613,A homogeneous approach to testing for Granger non-causality in heterogeneous panels,2020,article,435,751,30,0.5792276964047937,first,Economics and Econometrics,Spatial and Panel Data Analysis,3,16,13,147
https://openalex.org/A5111410954,John R. Sutton,https://openalex.org/W2785377148,Technology and Market Structure: Theory and History,2000,article,587,750,7,0.7826666666666666,last,Economics and Econometrics,Economic Growth and Productivity,2,6,3,163
https://openalex.org/A5088200735,James McNerney,https://openalex.org/W2898002860,Evaluating the causes of cost reduction in photovoltaic modules,2018,article,427,750,8,0.5693333333333334,middle,Economics and Econometrics,Innovation Policy and R&D,3,3,3,247
https://openalex.org/A5088626539,James A. Rothendler,https://openalex.org/W2055264173,Updated U.S. population standard for the Veterans RAND 12-item Health Survey (VR-12),2008,article,586,749,7,0.7823765020026703,middle,Economics and Econometrics,Healthcare Policy and Management,7,3,3,114
https://openalex.org/A5069864591,José Guimón,https://openalex.org/W3040857322,European SMEs amidst the COVID-19 crisis: assessing impact and policy responses,2020,article,512,749,16,0.6835781041388518,middle,Economics and Econometrics,COVID-19 Pandemic Impacts,3,11,8,226
https://openalex.org/A5066986001,Rohini Somanathan,https://openalex.org/W3124589730,The Impact of Temperature on Productivity and Labor Supply: Evidence from Indian Manufacturing,2021,article,556,748,22,0.7433155080213903,middle,Economics and Econometrics,Climate Change Policy and Economics,4,20,14,192
https://openalex.org/A5110898005,H. James Brown,https://openalex.org/W1582846375,Micro-Neighborhood Externalities and Hedonic Housing Prices,1980,article,519,748,5,0.6938502673796791,last,Economics and Econometrics,Housing Market and Economics,2,3,3,169
https://openalex.org/A5046983670,Akira Otani,https://openalex.org/W1767388015,Macroprudential Policy: What Instruments and How to Use Them? Lessons from Country Experiences,2011,article,381,748,18,0.5093582887700535,middle,Finance,"Banking stability, regulation, efficiency",8,10,9,234
https://openalex.org/A5066851180,Thomas F. Siems,https://openalex.org/W2139389913,The effects of terrorism on global capital markets,2004,article,531,747,27,0.7108433734939759,last,Economics and Econometrics,Market Dynamics and Volatility,2,17,12,189
https://openalex.org/A5062374633,Randy Randolph,https://openalex.org/W1572332969,The Rising Rate of Rural Hospital Closures,2015,article,391,747,6,0.5234270414993306,middle,Economics and Econometrics,Healthcare Policy and Management,7,3,3,336
https://openalex.org/A5004405487,Bruce Burton,https://openalex.org/W2090199850,Evidence on the nature and extent of the relationship between oil prices and equity values in the UK,2005,article,462,746,15,0.6193029490616622,middle,Economics and Econometrics,Market Dynamics and Volatility,5,3,3,161
https://openalex.org/A5083713558,Edward M. Crenshaw,https://openalex.org/W2049010707,Deforestation and the Environmental Kuznets Curve: A Cross‐National Investigation of Intervening Mechanisms,2002,article,405,746,9,0.5428954423592494,middle,Economics and Econometrics,"Energy, Environment, Economic Growth",3,7,7,337
https://openalex.org/A5035943624,Gregory S. Cooper,https://openalex.org/W4248559216,Utility of the SEER-Medicare Data to Identify Chemotherapy Use,2002,article,384,746,17,0.514745308310992,middle,Economics and Econometrics,"Health Systems, Economic Evaluations, Quality of Life",8,4,4,259
https://openalex.org/A5100849380,Sarah Y. Tong,https://openalex.org/W3126039946,Local protectionism and regional specialization: Evidence from China's industries,2010,article,513,744,19,0.6895161290322581,last,Economics and Econometrics,Regional Economics and Spatial Analysis,2,7,6,218
https://openalex.org/A5022371738,Johannes Pfeifer,https://openalex.org/W2077284756,Policy risk and the business cycle,2014,article,434,744,21,0.5833333333333334,last,"General Economics, Econometrics and Finance",Monetary Policy and Economic Impact,2,5,4,104
https://openalex.org/A5068743474,Daniel Wolfenzon,https://openalex.org/W2136693633,Dissecting the Effect of Credit Supply on Trade: Evidence from Matched Credit-Export Data,2014,article,412,744,11,0.553763440860215,last,"General Economics, Econometrics and Finance",Global trade and economics,4,8,6,320
https://openalex.org/A5025950779,David B. Gross,https://openalex.org/W3125209152,An Empirical Analysis of Personal Bankruptcy and Delinquency,2002,article,565,743,4,0.7604306864064603,first,Economics and Econometrics,Housing Market and Economics,2,3,3,178
https://openalex.org/A5084175736,Peter Morrow,https://openalex.org/W2131788519,Roads and Trade: Evidence from the US,2013,article,451,743,23,0.6069986541049798,middle,"General Economics, Econometrics and Finance",Global trade and economics,3,7,6,122
https://openalex.org/A5111365295,John U. Farley,https://openalex.org/W2151592502,Profiles of Product Innovators Among Large U.S. Manufacturers,1992,article,434,743,15,0.5841184387617766,middle,Economics and Econometrics,Innovation Policy and R&D,4,10,9,237
https://openalex.org/A5048602099,Daniel Keniston,https://openalex.org/W2096582368,Dutch Disease or Agglomeration? The Local Economic Effects of Natural Resource Booms in Modern America,2017,article,412,743,9,0.5545087483176312,last,"General Economics, Econometrics and Finance",Natural Resources and Economic Development,2,5,3,120
https://openalex.org/A5046528783,Frank Dentener,https://openalex.org/W2594782971,The key role of forests in meeting climate targets requires science for credible mitigation,2017,article,600,742,11,0.8086253369272237,middle,Economics and Econometrics,Climate Change Policy and Economics,6,10,5,142
https://openalex.org/A5053705888,Marcel A. Priebsch,https://openalex.org/W2140667952,Risk Premiums in Dynamic Term Structure Models with Unspanned Macro Risks,2014,article,542,741,9,0.7314439946018894,middle,Finance,Financial Markets and Investment Strategies,3,3,3,171
https://openalex.org/A5073973267,Gang Kou,https://openalex.org/W2965813439,Retail investor attention and stock price crash risk: Evidence from China,2019,article,389,741,21,0.524966261808367,last,Finance,Financial Markets and Investment Strategies,4,9,7,267
https://openalex.org/A5061500339,John McHale,https://openalex.org/W1991068961,Brain drain or brain bank? The impact of skilled emigration on poor-country innovation,2010,article,374,741,18,0.50472334682861,middle,Economics and Econometrics,Economic Growth and Productivity,4,6,5,205
https://openalex.org/A5043783665,Daniel A. Graham,https://openalex.org/W1977010891,The Demand for Insurance and Protection: The Case of Irreplaceable Commodities,1977,article,405,740,15,0.5472972972972973,last,Economics and Econometrics,"Defense, Military, and Policy Studies",2,9,8,255
https://openalex.org/A5030936989,Christophe McGlade,https://openalex.org/W4223936817,Realization of Paris Agreement pledges may limit warming just below 2 °C,2022,article,627,739,4,0.8484438430311232,middle,Economics and Econometrics,Climate Change Policy and Economics,8,3,3,112
https://openalex.org/A5067007569,Richard O. Day,https://openalex.org/W2317636905,CareTrack: assessing the appropriateness of health care delivery in Australia,2012,article,444,736,26,0.6032608695652174,middle,Economics and Econometrics,Healthcare Policy and Management,10,14,12,124
https://openalex.org/A5010332576,David F. Drake,https://openalex.org/W3122534997,Technology Choice and Capacity Portfolios under Emissions Regulation,2015,article,414,735,20,0.563265306122449,first,Economics and Econometrics,Climate Change Policy and Economics,3,13,11,180
https://openalex.org/A5049652735,Leslie Boni,https://openalex.org/W3125902221,"Analysts, Industries, and Price Momentum",2006,article,393,735,14,0.5346938775510204,first,Finance,Financial Markets and Investment Strategies,2,6,6,292
https://openalex.org/A5102926199,Catherine Thomas,https://openalex.org/W3122247001,Innovation and Foreign Ownership,2012,article,565,734,16,0.7697547683923706,last,"General Economics, Econometrics and Finance",Global trade and economics,3,6,6,101
https://openalex.org/A5017065396,Idalene F. Kesner,https://openalex.org/W2143473157,Organizational Slack and Response to Environmental Shifts: The Impact of Resource Allocation Patterns,1997,article,502,734,7,0.6839237057220708,last,"General Economics, Econometrics and Finance",Aviation Industry Analysis and Trends,2,5,5,231
https://openalex.org/A5001788283,Vladimir A. Atanasov,https://openalex.org/W3021687173,Shock-Based Causal Inference in Corporate Finance and Accounting Research,2016,article,497,734,24,0.6771117166212534,first,Economics and Econometrics,"Law, Economics, and Judicial Systems",2,14,12,205
https://openalex.org/A5026419519,Katsuya Ito,https://openalex.org/W2586078203,"CO2 emissions, renewable and non-renewable energy consumption, and economic growth: Evidence from panel data for developing countries",2017,article,518,733,20,0.7066848567530696,first,Economics and Econometrics,"Energy, Environment, Economic Growth",1,8,7,133
https://openalex.org/A5112603077,Swati Ghosh,https://openalex.org/W2062834797,Macro-prudential policies to mitigate financial system vulnerabilities,2013,article,511,733,21,0.6971350613915416,middle,Finance,"Banking stability, regulation, efficiency",3,15,12,110
https://openalex.org/A5054918864,Antoon Spithoven,https://openalex.org/W3036701051,"The Narrow Corridor: States, Societies, and the Fate of Liberty",2020,article,585,732,21,0.7991803278688525,first,Economics and Econometrics,Historical Economic and Social Studies,1,18,13,137
https://openalex.org/A5100329997,Xi Chen,https://openalex.org/W2034824130,The carbon-constrained EOQ,2012,article,491,732,28,0.6707650273224044,first,Economics and Econometrics,Climate Change Policy and Economics,3,5,4,146
https://openalex.org/A5069651089,Jeroen P.J. de Jong,https://openalex.org/W2161174767,The fruit flies of innovations: A taxonomy of innovative small firms,2006,article,440,731,15,0.6019151846785226,first,Economics and Econometrics,Firm Innovation and Growth,2,10,9,272
https://openalex.org/A5017399560,H. P. R. Finberg,https://openalex.org/W2332040570,The Agrarian History of England and Wales,1969,article,605,730,9,0.8287671232876712,middle,Economics and Econometrics,Historical Economic and Social Studies,3,8,4,125
https://openalex.org/A5101644130,Yuyu Chen,https://openalex.org/W2001947779,Polluting thy neighbor: Unintended consequences of China׳s pollution reduction mandates,2015,article,440,730,14,0.6027397260273972,middle,Economics and Econometrics,"Energy, Environment, Economic Growth",3,7,6,150
https://openalex.org/A5063563086,Rakesh Padhan,https://openalex.org/W3131428626,The economics of COVID-19 pandemic: A survey,2021,article,419,730,8,0.5739726027397261,first,Economics and Econometrics,COVID-19 Pandemic Impacts,2,3,3,299
https://openalex.org/A5101700154,Manpreet Singh,https://openalex.org/W3123997713,Do corporate taxes hinder innovation?,2017,article,505,729,12,0.6927297668038409,middle,Economics and Econometrics,Innovation Policy and R&D,3,6,4,152
https://openalex.org/A5065643877,Nuno C. Martins,https://openalex.org/W3122473878,Lending relationships in the interbank market,2008,article,444,728,18,0.6098901098901099,last,Finance,"Banking stability, regulation, efficiency",3,11,11,234
https://openalex.org/A5065011516,David Meyers,https://openalex.org/W2147487782,Projecting US Primary Care Physician Workforce Needs: 2010-2025,2012,article,552,727,7,0.7592847317744154,middle,Economics and Econometrics,Healthcare Policy and Management,6,5,3,149
https://openalex.org/A5042976775,Scott E. Page,https://openalex.org/W2093852526,Problem Solving by Heterogeneous Agents,2001,article,461,727,29,0.6341127922971114,last,Economics and Econometrics,Economic theories and models,2,8,7,145
https://openalex.org/A5056759626,Andrew Charlton,https://openalex.org/W2154921830,Intra-Industry Foreign Direct Investment,2009,article,383,727,18,0.5268225584594223,last,"General Economics, Econometrics and Finance",Global trade and economics,2,14,11,303
https://openalex.org/A5102841186,Andrew Meyer,https://openalex.org/W288458714,Does education increase pro-environmental behavior? Evidence from Europe,2015,article,523,726,23,0.7203856749311295,first,Economics and Econometrics,"Energy, Environment, Economic Growth",1,7,6,145
https://openalex.org/A5113974086,W. A. Armstrong,https://openalex.org/W2047427856,The Population History of England 1541-1871.,1982,article,476,726,14,0.6556473829201102,first,Economics and Econometrics,Historical Economic and Social Studies,3,9,5,157
https://openalex.org/A5085827289,Robert J. Volk,https://openalex.org/W2979609812,Financial Burdens of Cancer Treatment: A Systematic Review of Risk Factors and Outcomes,2019,review,390,726,28,0.5371900826446281,last,Economics and Econometrics,Economic and Financial Impacts of Cancer,7,14,9,209
https://openalex.org/A5069540325,Chris F. Walters,https://openalex.org/W2026556068,How persistently do firms innovate?,1997,article,382,726,8,0.5261707988980716,last,Economics and Econometrics,Firm Innovation and Growth,3,4,4,321
https://openalex.org/A5044643523,Ananth Ramanarayanan,https://openalex.org/W2009949201,Default and the Maturity Structure in Sovereign Bonds,2012,article,418,725,17,0.576551724137931,last,Finance,Credit Risk and Financial Regulations,2,9,7,164
https://openalex.org/A5047190414,Jonathan Reuter,https://openalex.org/W2070485212,Mutual Fund Performance and the Incentive to Generate Alpha,2013,article,403,724,14,0.5566298342541437,last,Finance,Financial Markets and Investment Strategies,2,5,4,171
https://openalex.org/A5017265803,Hua Zhang,https://openalex.org/W1975597243,The Global Pattern of Urbanization and Economic Growth: Evidence from the Last Three Decades,2014,article,531,723,10,0.7344398340248963,middle,Economics and Econometrics,Regional Economics and Spatial Analysis,4,5,4,150
https://openalex.org/A5067752278,David P. Hasza,https://openalex.org/W2059392702,Testing for Unit Roots in Seasonal Time Series,1984,article,543,722,6,0.7520775623268698,middle,"General Economics, Econometrics and Finance",Monetary Policy and Economic Impact,3,4,4,177
https://openalex.org/A5024309026,Terry L. Zivney,https://openalex.org/W2061621110,The Specification and Power of the Sign Test in Event Study Hypothesis Tests Using Daily Stock Returns,1992,article,477,722,18,0.6606648199445984,last,Finance,Financial Risk and Volatility Modeling,2,10,7,125
https://openalex.org/A5035409191,Karoline Mortensen,https://openalex.org/W2176321678,Racial and Ethnic Disparities in Health Care Access and Utilization Under the Affordable Care Act,2015,article,448,722,24,0.6204986149584487,middle,Economics and Econometrics,Healthcare Policy and Management,4,8,6,157
https://openalex.org/A5057150141,Robert L. Clark,https://openalex.org/W3021000060,India Working: Essays on Society and Economy,2004,article,409,722,19,0.5664819944598338,first,"General Economics, Econometrics and Finance",Economic Theory and Policy,1,11,6,279
https://openalex.org/A5001019529,George H. Borts,https://openalex.org/W2084612571,Economic Growth in a Free Market,1965,article,405,722,26,0.5609418282548476,middle,"General Economics, Econometrics and Finance",Economic Theory and Policy,3,10,8,107
https://openalex.org/A5103607601,James S. Roberts,https://openalex.org/W2052403451,Evaluating quality-of-life and health status instruments: development of scientific review criteria,1996,article,588,721,6,0.8155339805825242,last,Economics and Econometrics,"Health Systems, Economic Evaluations, Quality of Life",7,5,5,133
https://openalex.org/A5101758845,Bo Sun,https://openalex.org/W2765783119,Monetary policy uncertainty,2019,article,428,719,14,0.5952712100139083,last,Economics and Econometrics,Market Dynamics and Volatility,3,8,8,166
https://openalex.org/A5091671561,Jason Beeler,https://openalex.org/W2109465817,The Long-Run Risks Model and Aggregate Asset Prices: An Empirical Assessment,2012,article,398,719,5,0.5535465924895688,first,Finance,Financial Markets and Investment Strategies,1,3,3,316
https://openalex.org/A5050395840,José Goldemberg,https://openalex.org/W2045421882,A future for carbon taxes,2000,article,393,719,14,0.5465924895688457,middle,Economics and Econometrics,Climate Change Policy and Economics,3,8,5,312
https://openalex.org/A5039574443,Peter J Chilton,https://openalex.org/W2324331745,Use of traditional medicine in middle-income countries: a WHO-SAGE study,2016,article,416,718,8,0.5793871866295265,middle,Finance,Healthcare Systems and Reforms,4,4,4,251
https://openalex.org/A5061779704,Chung-ki Min,https://openalex.org/W1986921897,The Substitution of Information Technology for Other Factors of Production: A Firm Level Analysis,1997,article,508,716,13,0.7094972067039106,last,Economics and Econometrics,Economic Growth and Productivity,2,3,3,182
https://openalex.org/A5028724218,Jorge Rodríguez‐Meza,https://openalex.org/W1966665426,Microcredit and the Poorest of the Poor: Theory and Evidence from Bolivia,2000,article,506,714,12,0.7086834733893558,last,Economics and Econometrics,Microfinance and Financial Inclusion,5,6,6,112
https://openalex.org/A5003669674,Sidney Homer,https://openalex.org/W4246668889,A History of Interest Rates.,1978,article,557,713,16,0.7812061711079944,last,"General Economics, Econometrics and Finance",Economic Theory and Policy,2,13,7,156
https://openalex.org/A5108559264,N. Venkatraman,https://openalex.org/W2081019964,Determinants of Electronic Integration in the Insurance Industry: An Empirical Test,1994,article,369,713,7,0.517531556802244,last,Economics and Econometrics,Insurance and Financial Risk Management,2,5,5,344
https://openalex.org/A5086093362,Min B. Shrestha,https://openalex.org/W2790084516,Selecting appropriate methodological framework for time series data analysis,2018,article,490,712,16,0.6882022471910112,first,"General Economics, Econometrics and Finance",Monetary Policy and Economic Impact,2,14,11,218
https://openalex.org/A5005365267,Daniel Prajogo,https://openalex.org/W2218762821,The strategic fit between innovation strategies and business environment in delivering business performance,2015,article,465,711,12,0.6540084388185654,first,Economics and Econometrics,Firm Innovation and Growth,1,6,4,240
https://openalex.org/A5026967142,Richard R. Batsell,https://openalex.org/W2053494471,Experimental analysis of choice,1991,article,429,711,9,0.6033755274261603,first,Economics and Econometrics,Economic and Environmental Valuation,2,4,4,251
https://openalex.org/A5006092199,Lars Gårn Hansen,https://openalex.org/W2145159192,Environmental labeling and consumers’ choice—an empirical analysis of the effect of the Nordic Swan,2003,article,376,711,36,0.5288326300984529,middle,Economics and Econometrics,Economic and Environmental Valuation,3,10,10,256
https://openalex.org/A5034531540,Annamaria Kokenyne,https://openalex.org/W139055880,Managing Capital Inflows: What Tools to Use?,2011,article,356,711,14,0.5007032348804501,middle,Finance,"Banking stability, regulation, efficiency",7,5,5,172
https://openalex.org/A5051243020,Patricia J. Hughes,https://openalex.org/W2116670736,Stock Prices and the Supply of Information,1991,article,580,710,5,0.8169014084507042,last,Finance,Financial Markets and Investment Strategies,2,3,3,130
https://openalex.org/A5081046253,Jean‐Luc Marichal,https://openalex.org/W2116192567,"&amp;#x201D;Aggregation Functions&amp;#x201D;, Cambridge University Press",2008,article,448,710,11,0.6309859154929578,middle,Finance,Financial Risk and Volatility Modeling,4,5,5,235
https://openalex.org/A5041059016,Vibhooti Shukla,https://openalex.org/W2005482952,"Urbanization, energy use and greenhouse effects in economic development",1995,article,393,709,8,0.5543018335684062,last,Economics and Econometrics,"Energy, Environment, Economic Growth",2,7,7,316
https://openalex.org/A5072133173,Laura Power,https://openalex.org/W3124294703,Machine Replacement and the Business Cycle: Lumps and Bumps,1999,article,464,708,5,0.655367231638418,last,Economics and Econometrics,Economic Growth and Productivity,3,3,3,192
https://openalex.org/A5100680883,Wenhui Chen,https://openalex.org/W2789818925,The impacts of renewable energy and technological innovation on environment-energy-growth nexus: New evidence from a panel quantile regression,2018,article,457,708,16,0.6454802259887006,first,Economics and Econometrics,"Energy, Environment, Economic Growth",2,8,4,124
https://openalex.org/A5046716302,Marie‐Josée Fortin,https://openalex.org/W1931677568,Should the Mantel test be used in spatial analysis?,2015,article,386,708,5,0.5451977401129944,middle,Economics and Econometrics,Spatial and Panel Data Analysis,3,4,4,322
https://openalex.org/A5091149743,Jiangfeng Hu,https://openalex.org/W3036654252,Quantity or quality? The impacts of environmental regulation on firms’ innovation–Quasi-natural experiment based on China's carbon emissions trading pilot,2020,article,382,708,12,0.53954802259887,first,Economics and Econometrics,"Energy, Environment, Economic Growth",3,4,4,170
https://openalex.org/A5074059115,Christine Moll-Murata,https://openalex.org/W2237560775,"Wages, prices, and living standards in China, 1738–1925: in comparison with Europe, Japan, and India",2010,article,482,707,9,0.6817538896746818,middle,Economics and Econometrics,Historical Economic and Social Studies,5,5,5,216
https://openalex.org/A5078458232,Enric Valor,https://openalex.org/W3123523811,"CO2 Prices, Energy and Weather",2007,article,464,707,7,0.6562942008486563,last,Economics and Econometrics,Climate Change Policy and Economics,3,6,6,243
https://openalex.org/A5001298638,Sergio Scicchitano,https://openalex.org/W3084503872,Working from home and income inequality: risks of a ‘new normal’ with COVID-19,2020,article,460,707,39,0.6506364922206507,last,Economics and Econometrics,COVID-19 Pandemic Impacts,3,17,10,111
https://openalex.org/A5066758750,Linda Fernández,https://openalex.org/W2097028705,The Economic Impacts of Aquatic Invasive Species: A Review of the Literature,2006,review,409,707,22,0.5785007072135785,last,Economics and Econometrics,Economic and Environmental Valuation,3,9,9,191
https://openalex.org/A5047019776,Erik Aurell,https://openalex.org/W2072224206,Predictability in the large: an extension of the concept of Lyapunov exponent,1997,article,376,707,22,0.5318246110325319,first,Economics and Econometrics,Complex Systems and Time Series Analysis,5,4,3,235
https://openalex.org/A5061446205,Morten Aagaard Petersen,https://openalex.org/W1745036040,Replication and validation of higher order models demonstrated that a summary score for the EORTC QLQ-C30 is robust,2015,article,476,706,9,0.6742209631728046,middle,Economics and Econometrics,"Health Systems, Economic Evaluations, Quality of Life",9,4,4,164
https://openalex.org/A5004627107,Linda T. Bilheimer,https://openalex.org/W2612643652,"Health, United States, 2010; with special feature on death and dying",2011,article,499,705,11,0.7078014184397163,middle,Economics and Econometrics,Healthcare Policy and Management,3,10,8,206
https://openalex.org/A5102292458,V. Kasturi Rangan,https://openalex.org/W2093479279,What Impact? A Framework for Measuring the Scale and Scope of Social Performance,2014,article,506,704,30,0.71875,last,Finance,Community Development and Social Impact,2,24,13,187
https://openalex.org/A5110260108,Сунил Гупта,https://openalex.org/W2153227754,The “Shopping Basket”: A Model for Multicategory Purchase Incidence Decisions,1999,article,499,704,8,0.7088068181818182,last,Economics and Econometrics,Economic and Environmental Valuation,3,4,4,157
https://openalex.org/A5111423578,Julio M. de la Rosa,https://openalex.org/W2128354581,Evaluating the impact of R&amp;D tax credits on innovation: A microeconometric study on Canadian firms,2010,article,489,704,11,0.6946022727272727,last,Economics and Econometrics,Innovation Policy and R&D,3,6,6,181
https://openalex.org/A5080793665,Lawrence S. Lewin,https://openalex.org/W2025253724,The Business Case For Quality: Case Studies And An Analysis,2003,article,367,704,7,0.5213068181818182,middle,Economics and Econometrics,"Health Systems, Economic Evaluations, Quality of Life",7,5,4,334
https://openalex.org/A5037059613,John W. McArthur,https://openalex.org/W3124982061,Fertilizing growth: Agricultural inputs and their effects in economic development,2017,article,363,704,4,0.515625,first,Economics and Econometrics,Economic Growth and Productivity,2,3,3,341
https://openalex.org/A5108377844,Paul H. Douglas,https://openalex.org/W2093057598,"The Cobb-Douglas Production Function Once Again: Its History, Its Testing, and Some New Empirical Values",1976,article,423,703,48,0.6017069701280228,first,"General Economics, Econometrics and Finance",Economic Theory and Policy,1,46,20,278
https://openalex.org/A5100410967,Tan Wang,https://openalex.org/W3123868759,Model Misspecification and Underdiversification,2003,article,492,702,12,0.7008547008547008,last,Finance,Financial Markets and Investment Strategies,2,5,5,126
https://openalex.org/A5006553705,Hans Severens,https://openalex.org/W1127081604,The iMTA Productivity Cost Questionnaire,2015,article,484,701,18,0.6904422253922967,middle,Economics and Econometrics,"Health Systems, Economic Evaluations, Quality of Life",6,15,7,217
https://openalex.org/A5048585766,Samuel Agyei‐Mensah,https://openalex.org/W2064126994,"Epidemiological Transition and the Double Burden of Disease in Accra, Ghana",2010,review,415,701,13,0.5920114122681883,first,Economics and Econometrics,HIV/AIDS Impact and Responses,2,9,7,282
https://openalex.org/A5023161928,Feng Li,https://openalex.org/W4200107205,"Digital Economy, Technological Innovation and High-Quality Economic Development: Based on Spatial Effect and Mediation Effect",2021,article,375,701,33,0.5349500713266762,last,Economics and Econometrics,"Energy, Environment, Economic Growth",4,23,9,273
https://openalex.org/A5109242473,C. D. Sinclair,https://openalex.org/W2113102240,Evaluating the Performance of Ethical and Non‐ethical Funds: A Matched Pair Analysis,2005,article,387,699,12,0.5536480686695279,last,Finance,Financial Markets and Investment Strategies,4,9,9,198
https://openalex.org/A5074692434,Luosha Du,https://openalex.org/W3121894646,Industrial Policy and Competition,2015,article,473,698,5,0.6776504297994269,middle,"General Economics, Econometrics and Finance",Global trade and economics,6,4,3,225
https://openalex.org/A5061291881,Chen Ying,https://openalex.org/W3176070919,"Digital economy, technological innovation, and green economic efficiency—Empirical evidence from 277 cities in China",2021,article,393,697,28,0.563845050215208,middle,Economics and Econometrics,"Energy, Environment, Economic Growth",4,24,6,281
https://openalex.org/A5074296161,Ron Fisher,https://openalex.org/W2887178505,Technological challenges of green innovation and sustainable resource management with large scale data,2018,article,414,696,8,0.5948275862068966,middle,Economics and Econometrics,"Energy, Environment, Economic Growth",3,6,4,280
https://openalex.org/A5110125752,Julie Lewis,https://openalex.org/W2167145975,A National Strategy To Put Accountable Care Into Practice,2010,article,385,696,7,0.5531609195402298,middle,Economics and Econometrics,Healthcare Policy and Management,5,3,3,275
https://openalex.org/A5103367571,Margaret G. Myers,https://openalex.org/W2067313317,"Money, Interest, and Prices: An Integration of Monetary and Value Theory.",1957,article,379,696,23,0.5445402298850575,first,"General Economics, Econometrics and Finance",Economic Theory and Policy,2,11,9,143
https://openalex.org/A5085022805,C. Cindy Fan,https://openalex.org/W2051080400,Industrial Agglomeration and Development: A Survey of Spatial Economic Issues in East Asia and a Statistical Analysis of Chinese Regions,2003,article,379,695,14,0.5453237410071943,first,Economics and Econometrics,Regional Economics and Spatial Analysis,2,8,7,210
https://openalex.org/A5108480427,Paul Woolley,https://openalex.org/W3022061138,An Institutional Theory of Momentum and Reversal,2013,article,356,695,27,0.5122302158273381,last,Finance,Financial Markets and Investment Strategies,2,20,16,216
https://openalex.org/A5035868994,Mingzhou Ding,https://openalex.org/W2113114335,Estimating Granger Causality from Fourier and Wavelet Transforms of Time Series Data,2008,article,348,694,6,0.5014409221902018,last,Economics and Econometrics,Complex Systems and Time Series Analysis,3,5,5,346
https://openalex.org/A5059544954,Cristián Geldés,https://openalex.org/W4214861923,How do digital capabilities affect firm performance? The mediating role of technological capabilities in the “new normal”,2022,article,361,693,18,0.5209235209235209,middle,Economics and Econometrics,Economic and Technological Innovation,6,9,6,317
https://openalex.org/A5025006075,Arjan Berkelaar,https://openalex.org/W3121690653,Optimal Portfolio Choice under Loss Aversion,2004,article,435,690,15,0.6304347826086957,first,Finance,Financial Markets and Investment Strategies,3,10,9,191
https://openalex.org/A5019548704,Julian Birkinshaw,https://openalex.org/W1990530322,"External Sources of Knowledge, Governance Mode, and R&amp;D Performance",2005,article,419,690,16,0.6072463768115942,last,Economics and Econometrics,Innovation Policy and R&D,2,5,4,153
https://openalex.org/A5052131475,David Goldreich,https://openalex.org/W3122464274,Investor Sentiment and Pre‐IPO Markets,2006,article,408,689,5,0.5921625544267054,middle,Finance,Financial Markets and Investment Strategies,3,3,3,281
https://openalex.org/A5001725901,Ernesto Dal Bó,https://openalex.org/W2169887110,Strengthening State Capabilities: The Role of Financial Incentives in the Call to Public Service*,2013,article,554,688,15,0.8052325581395349,first,Economics and Econometrics,Fiscal Policy and Economic Growth,3,9,4,132
https://openalex.org/A5076665716,Kenneth W. Abbott,https://openalex.org/W3125936675,The Transnational Regime Complex for Climate Change,2012,article,549,688,9,0.7979651162790697,first,Economics and Econometrics,Climate Change Policy and Economics,1,8,6,139
https://openalex.org/A5057007677,Pablo Ruiz‐Verdú,https://openalex.org/W1988756976,The Relation between Price and Performance in the Mutual Fund Industry,2009,article,486,688,7,0.7063953488372093,last,Finance,Financial Markets and Investment Strategies,2,5,5,198
https://openalex.org/A5078250568,Chris Metcalfe,https://openalex.org/W2588182016,Informing efficient randomised controlled trials: exploration of challenges in developing progression criteria for internal pilot studies,2017,review,550,687,13,0.8005822416302766,middle,Economics and Econometrics,"Health Systems, Economic Evaluations, Quality of Life",8,11,7,115
https://openalex.org/A5041223762,Tatsushi Oka,https://openalex.org/W2131375261,The cross-quantilogram: Measuring quantile dependence and testing directional predictability between time series,2016,article,510,687,22,0.74235807860262,middle,Finance,Financial Risk and Volatility Modeling,4,7,5,130
https://openalex.org/A5032497780,Evis Këllezi,https://openalex.org/W2078136871,An Application of Extreme Value Theory for Measuring Financial Risk,2006,article,420,686,12,0.6122448979591837,last,Finance,Financial Risk and Volatility Modeling,2,8,5,218
https://openalex.org/A5110755146,Jack H. Knott,https://openalex.org/W2056838509,"Who Controls the Bureaucracy?: Presidential Power, Congressional Dominance, Legal Constraints, and Bureaucratic Autonomy in a Model of Multi-Institutional Policy-Making",1996,article,404,686,12,0.5889212827988338,last,Economics and Econometrics,Legal and Constitutional Studies,2,6,6,241
https://openalex.org/A5032745634,Fredrik Wilhelmsson,https://openalex.org/W2172054547,Estimating the gravity model without gravity using panel data,2009,article,362,686,10,0.5276967930029155,last,"General Economics, Econometrics and Finance",Global trade and economics,2,3,3,116
https://openalex.org/A5089159541,David Newhouse,https://openalex.org/W2125826975,Self-Employment in the Developing World,2013,article,378,684,29,0.5526315789473685,last,Economics and Econometrics,Taxation and Compliance Studies,2,13,6,140
https://openalex.org/A5109214404,E. Wesley F. Peterson,https://openalex.org/W2763071442,The Role of Population in Economic Growth,2017,article,382,683,45,0.5592972181551976,first,Economics and Econometrics,Economic Growth and Productivity,1,41,26,296
https://openalex.org/A5112712778,Robert Κ. Merton,https://openalex.org/W2004434228,On the Shoulders of Giants: A Shandean Postscript.,1966,article,408,682,28,0.5982404692082112,last,Economics and Econometrics,Ayn Rand and Brontë studies,2,20,10,200
https://openalex.org/A5033845188,Siamak Javadi,https://openalex.org/W3175630919,The impact of climate change on the cost of bank loans,2021,article,477,681,18,0.7004405286343612,first,Economics and Econometrics,Housing Market and Economics,2,11,9,186
https://openalex.org/A5046938350,Qaiser Munir,https://openalex.org/W2986668512,"CO2 emissions, energy consumption and economic growth in the ASEAN-5 countries: A cross-sectional dependence approach",2019,article,411,681,36,0.6035242290748899,first,Economics and Econometrics,"Energy, Environment, Economic Growth",3,23,16,243
https://openalex.org/A5030027972,Lynn Wu,https://openalex.org/W3144307509,The Robot Revolution: Managerial and Employment Consequences for Firms,2021,article,356,679,7,0.524300441826215,last,Economics and Econometrics,Firm Innovation and Growth,3,4,4,317
https://openalex.org/A5110823182,Samuel L. Stover,https://openalex.org/W1526712929,Causes of death during the first 12 years after spinal cord injury.,1993,article,403,677,4,0.5952732644017725,last,Economics and Econometrics,"Economic, Social, and Health Studies",3,3,3,274
https://openalex.org/A5108632433,Jean‐Laurent Rosenthal,https://openalex.org/W2419131687,Explorations in Economic History,2011,article,339,677,43,0.5007385524372231,last,Economics and Econometrics,Historical Economic and Social Studies,2,32,16,270
https://openalex.org/A5008707886,Sidney Alexander,https://openalex.org/W2027479614,Effects of a Devaluation on a Trade Balance,1952,article,475,676,12,0.7026627218934911,first,"General Economics, Econometrics and Finance",Global trade and economics,1,7,6,132
https://openalex.org/A5028514075,Jayjit Roy,https://openalex.org/W2169853710,Empirical Tests of the Pollution Haven Hypothesis When Environmental Regulation is Endogenous,2015,article,405,676,16,0.599112426035503,last,Economics and Econometrics,"Energy, Environment, Economic Growth",2,6,5,111
https://openalex.org/A5041643822,Arindam Nandi,https://openalex.org/W4286696753,Global and regional projections of the economic burden of Alzheimer's disease and related dementias from 2019 to 2050: A value of statistical life approach,2022,article,345,676,13,0.5103550295857988,first,Economics and Econometrics,"Health Systems, Economic Evaluations, Quality of Life",7,8,8,195
https://openalex.org/A5026632683,A. Cecile J.W. Janssens,https://openalex.org/W2157026796,Interpreting Incremental Value of Markers Added to Risk Prediction Models,2012,article,494,675,14,0.7318518518518519,middle,Economics and Econometrics,"Health Systems, Economic Evaluations, Quality of Life",5,7,5,110
https://openalex.org/A5035340608,Clive Southey,https://openalex.org/W1547558188,"The Borrower's Curse: Optimism, Finance and Entrepreneurship",1996,article,409,675,11,0.605925925925926,last,Economics and Econometrics,Economic theories and models,2,8,5,260
https://openalex.org/A5050917895,Francis Narin,https://openalex.org/W2158374033,Science and Technology as Predictors of Stock Performance,1999,article,530,674,7,0.7863501483679525,last,Economics and Econometrics,Innovation Policy and R&D,3,4,4,101
https://openalex.org/A5055306066,Matthew T. Heberling,https://openalex.org/W2788704280,Factors Influencing Farmers’ Adoption of Best Management Practices: A Review and Synthesis,2018,review,453,674,19,0.672106824925816,last,Economics and Econometrics,Economic and Environmental Valuation,3,10,8,157
https://openalex.org/A5036992549,Eva Lövbrand,https://openalex.org/W2618691436,Non-state actors in global climate governance: from Copenhagen to Paris and beyond,2017,article,393,674,14,0.5830860534124629,last,Economics and Econometrics,Climate Change Policy and Economics,4,11,5,258
https://openalex.org/A5066148256,Qinghua Huang,https://openalex.org/W3036654252,Quantity or quality? The impacts of environmental regulation on firms’ innovation–Quasi-natural experiment based on China's carbon emissions trading pilot,2020,article,382,674,18,0.5667655786350149,last,Economics and Econometrics,"Energy, Environment, Economic Growth",3,12,7,170
https://openalex.org/A5062251126,Andrew MacIntyre,https://openalex.org/W2152864411,The Rule of Law and Economic Development,2008,article,357,674,7,0.5296735905044511,middle,Economics and Econometrics,"Law, Economics, and Judicial Systems",3,4,3,303
https://openalex.org/A5051338647,Shiva S. Makki,https://openalex.org/W2106345821,Impact of Foreign Direct Investment and Trade on Economic Growth: Evidence from Developing Countries,2004,article,477,673,10,0.7087667161961367,first,"General Economics, Econometrics and Finance",Global trade and economics,2,7,6,117
https://openalex.org/A5065248343,Hossein Samiei,https://openalex.org/W2724430844,International Evidence on the Determinants of Private Saving,1998,article,423,673,37,0.6285289747399703,last,Economics and Econometrics,Fiscal Policy and Economic Growth,3,24,19,193
https://openalex.org/A5066736199,Giulio Guarini,https://openalex.org/W2792569820,"Green patents, regulatory policies and research network policies",2018,article,377,673,47,0.5601783060921248,middle,Economics and Econometrics,"Energy, Environment, Economic Growth",3,24,15,231
https://openalex.org/A5058898950,Andreas Weber,https://openalex.org/W3149313779,Climate Change and Long-Run Discount Rates: Evidence from Real Estate,2021,article,377,673,5,0.5601783060921248,last,Economics and Econometrics,Housing Market and Economics,5,4,4,296
https://openalex.org/A5000775081,Vern L. Bullough,https://openalex.org/W2568061816,"Meanings of Sex Difference in the Middle Ages: Medicine, Science, and Culture.",1994,article,541,672,8,0.8050595238095238,first,Economics and Econometrics,Historical Economic and Social Studies,2,5,3,127
https://openalex.org/A5047389902,Stephen D. Casler,https://openalex.org/W2078960253,Input–Output Structural Decomposition Analysis: A Critical Appraisal,1996,article,512,672,12,0.7619047619047619,last,Economics and Econometrics,Regional Economic and Spatial Analysis,2,3,3,128
https://openalex.org/A5062976560,Alexander Kurshev,https://openalex.org/W3122637418,Equilibrium Portfolio Strategies in the Presence of Sentiment Risk and Excess Volatility,2009,article,447,672,7,0.6651785714285714,middle,Economics and Econometrics,Complex Systems and Time Series Analysis,3,6,5,225
https://openalex.org/A5060264395,Thomas R. Dyckman,https://openalex.org/W2328664579,A Comparison of Event Study Methodologies Using Daily Stock Returns: A Simulation Approach,1984,article,450,671,18,0.6706408345752608,first,Finance,Financial Markets and Investment Strategies,3,17,10,221
https://openalex.org/A5104043430,Kong Chu,https://openalex.org/W2035870971,Principles of Econometrics,1971,article,434,671,4,0.646795827123696,last,Economics and Econometrics,Economics of Agriculture and Food Markets,2,3,3,237
https://openalex.org/A5082136045,Michaela Pagel,https://openalex.org/W3043852299,How Does Household Spending Respond to an Epidemic? Consumption During the 2020 COVID-19 Pandemic,2020,preprint,368,669,19,0.5500747384155455,middle,Economics and Econometrics,COVID-19 Pandemic Impacts,5,12,7,159
https://openalex.org/A5045855951,Andrey Launov,https://openalex.org/W2109441424,Informal employment in developing countries,2011,article,346,669,41,0.5171898355754858,last,Economics and Econometrics,Taxation and Compliance Studies,2,21,13,132
https://openalex.org/A5014948590,J. Ernest Tanner,https://openalex.org/W1556645910,Economic Forecast Evaluation: Profits versus the Conventional Error Measures,1991,article,462,668,22,0.6916167664670658,last,"General Economics, Econometrics and Finance",Monetary Policy and Economic Impact,2,11,9,138
https://openalex.org/A5067698013,Bo Young Chang,https://openalex.org/W3124646784,Market Skewness Risk and the Cross Section of Stock Returns,2013,article,439,668,15,0.657185628742515,first,Finance,Financial Markets and Investment Strategies,3,6,5,194
https://openalex.org/A5022838031,Renaud Bourlès,https://openalex.org/W1527448238,Do Product Market Regulations in Upstream Sectors Curb Productivity Growth? Panel Data Evidence For OECD Countries,2012,article,352,668,39,0.5269461077844312,first,"General Economics, Econometrics and Finance",Global trade and economics,5,20,13,291
https://openalex.org/A5055791683,Case M. Sprenkle,https://openalex.org/W2050906393,Macroeconomic Theory and Policy.,1972,article,363,667,29,0.5442278860569715,first,"General Economics, Econometrics and Finance",Economic Theory and Policy,2,8,7,132
https://openalex.org/A5079295152,Tomáš Křehlík,https://openalex.org/W2949333925,Measuring the Frequency Dynamics of Financial Connectedness and Systemic Risk*,2018,preprint,466,666,15,0.6996996996996997,last,Economics and Econometrics,Complex Systems and Time Series Analysis,2,14,8,200
https://openalex.org/A5073388122,Nicole Grunewald,https://openalex.org/W2725726030,The Trade-off Between Income Inequality and Carbon Dioxide Emissions,2017,article,345,666,12,0.5180180180180181,first,Economics and Econometrics,"Energy, Environment, Economic Growth",4,11,9,321
https://openalex.org/A5111484964,Mary L. Fennell,https://openalex.org/W2135924160,Introduction: Understanding and Influencing Multilevel Factors Across the Cancer Care Continuum,2012,article,340,666,15,0.5105105105105106,middle,Economics and Econometrics,"Health Systems, Economic Evaluations, Quality of Life",10,11,9,310
https://openalex.org/A5111824122,Alain Latour,https://openalex.org/W2044121999,Integer‐Valued GARCH Process,2006,article,498,665,9,0.7488721804511278,middle,Finance,Financial Risk and Volatility Modeling,3,4,4,161
https://openalex.org/A5079059365,William Petersen,https://openalex.org/W1972833723,The Idea of Poverty: England in the Early Industrial Age,1984,article,382,665,23,0.5744360902255639,first,Economics and Econometrics,Historical Economic and Social Studies,2,20,6,207
https://openalex.org/A5040714625,Bruno Caprettini,https://openalex.org/W3122076865,Agricultural Productivity and Structural Transformation: Evidence from Brazil,2016,article,414,664,17,0.6234939759036144,middle,Economics and Econometrics,Economic Growth and Productivity,3,5,4,126
https://openalex.org/A5012168201,Salomé Baslandze,https://openalex.org/W3122390365,Taxation and the International Mobility of Inventors,2016,article,396,664,15,0.5963855421686747,middle,Economics and Econometrics,Economic Policies and Impacts,3,4,3,244
https://openalex.org/A5029023015,Gabriela Dutrénit,https://openalex.org/W2118840959,Best channels of academia–industry interaction for long-term benefit,2012,article,352,664,25,0.5301204819277109,last,Economics and Econometrics,Innovation Policy and R&D,2,12,9,101
https://openalex.org/A5029585396,Jacob Wood,https://openalex.org/W4280499255,"The integrated impact of GDP growth, industrialization, energy use, and urbanization on CO2 emissions in developing countries: Evidence from the panel ARDL approach",2022,article,336,664,23,0.5060240963855421,middle,Economics and Econometrics,"Energy, Environment, Economic Growth",9,17,15,252
https://openalex.org/A5063110607,Neil Scott,https://openalex.org/W1745036040,Replication and validation of higher order models demonstrated that a summary score for the EORTC QLQ-C30 is robust,2015,article,476,663,5,0.717948717948718,middle,Economics and Econometrics,"Health Systems, Economic Evaluations, Quality of Life",9,3,3,187
https://openalex.org/A5037954003,Roland T. Rust,https://openalex.org/W3122498190,WILLINGNESS‐TO‐PAY FOR CRIME CONTROL PROGRAMS*,2004,article,391,663,11,0.5897435897435898,middle,Economics and Econometrics,Economic and Environmental Valuation,4,3,3,162
https://openalex.org/A5051525389,Saqib Jafarey,https://openalex.org/W3121927992,Systemic risk on the interbank market,2006,article,376,663,33,0.5671191553544495,middle,Finance,"Banking stability, regulation, efficiency",3,22,12,173
https://openalex.org/A5091680450,Matthias Basedau,https://openalex.org/W2059351343,Resource Curse or Rentier Peace? The Ambiguous Effects of Oil Wealth and Oil Dependence on Violent Conflict,2009,article,372,663,23,0.5610859728506787,first,"General Economics, Econometrics and Finance",Natural Resources and Economic Development,2,6,6,133
https://openalex.org/A5039652300,Claudia Ruiz‐Ortega,https://openalex.org/W3080055864,Banking sector performance during the COVID-19 crisis,2021,article,354,662,11,0.5347432024169184,last,Finance,"Banking stability, regulation, efficiency",3,3,3,269
https://openalex.org/A5015453967,Monica Singhania,https://openalex.org/W3093896469,Demystifying pollution haven hypothesis: Role of FDI,2020,article,344,662,19,0.5196374622356495,first,Economics and Econometrics,"Energy, Environment, Economic Growth",2,10,7,192
https://openalex.org/A5080296488,Philippe Barla,https://openalex.org/W2169543656,A theoretical foundation of the Porter hypothesis,2002,article,343,661,21,0.518910741301059,last,Economics and Econometrics,Fiscal Policy and Economic Growth,2,11,7,172
https://openalex.org/A5006427973,Gianfranco Giulioni,https://openalex.org/W2155621289,"A new approach to business fluctuations: heterogeneous interacting agents, scaling laws and financial fragility",2005,article,346,660,31,0.5242424242424243,middle,Economics and Econometrics,Complex Systems and Time Series Analysis,6,12,12,179
https://openalex.org/A5083707978,Richard T. Meenan,https://openalex.org/W1973453264,Risk Adjustment Using Automated Ambulatory Pharmacy Data,2003,article,336,660,15,0.509090909090909,middle,Economics and Econometrics,"Health Systems, Economic Evaluations, Quality of Life",6,6,6,199
https://openalex.org/A5077958872,Jorge Heredia,https://openalex.org/W4214861923,How do digital capabilities affect firm performance? The mediating role of technological capabilities in the “new normal”,2022,article,361,659,13,0.5477996965098634,first,Economics and Econometrics,Economic and Technological Innovation,6,8,5,293
https://openalex.org/A5056783460,Richard Baldwin,https://openalex.org/W2003844159,Spiders and snakes: Offshoring and agglomeration in the global economy,2013,article,443,658,5,0.6732522796352584,first,"General Economics, Econometrics and Finance",Global trade and economics,2,3,3,215
https://openalex.org/A5007213994,Alejandro Flores,https://openalex.org/W4214861923,How do digital capabilities affect firm performance? The mediating role of technological capabilities in the “new normal”,2022,article,361,658,13,0.5486322188449848,middle,Economics and Econometrics,Economic and Technological Innovation,6,9,5,292
https://openalex.org/A5111989713,Ivar S. Kristiansen,https://openalex.org/W1837618440,"Capitation, salary, fee-for-service and mixed systems of payment: effects on the behaviour of primary care physicians",2000,review,430,657,8,0.654490106544901,middle,Economics and Econometrics,Healthcare Policy and Management,8,4,4,201
https://openalex.org/A5004337835,Merrill W. Liechty,https://openalex.org/W3122732812,Portfolio selection with higher moments,2010,article,422,657,6,0.6423135464231354,middle,Finance,Financial Markets and Investment Strategies,4,4,3,234
https://openalex.org/A5109932497,J. Aitchison,https://openalex.org/W2077797961,The Lognormal Distribution with Special Reference to its Uses in Economics.,1957,article,406,656,22,0.6189024390243902,middle,Economics and Econometrics,Complex Systems and Time Series Analysis,3,9,3,123
https://openalex.org/A5071642396,Quarraisha Abdool Karim,https://openalex.org/W1986282875,HIV infection and tuberculosis in South Africa: an urgent need to escalate the public health response,2009,review,545,655,12,0.8320610687022901,middle,Economics and Econometrics,HIV/AIDS Impact and Responses,4,8,6,106
https://openalex.org/A5017067317,Ilko Naaborg,https://openalex.org/W2157995897,Bank efficiency and foreign ownership: Do good institutions matter?,2007,article,426,655,12,0.650381679389313,last,Finance,"Banking stability, regulation, efficiency",3,10,9,197
https://openalex.org/A5110941974,Kai Lai Chung,https://openalex.org/W1972711404,On a Stochastic Approximation Method,1954,article,371,655,9,0.566412213740458,first,Finance,Stochastic processes and financial applications,1,3,3,142
https://openalex.org/A5003092093,Daniel L. Tortorice,https://openalex.org/W4286696753,Global and regional projections of the economic burden of Alzheimer's disease and related dementias from 2019 to 2050: A value of statistical life approach,2022,article,345,655,38,0.5267175572519084,middle,Economics and Econometrics,"Health Systems, Economic Evaluations, Quality of Life",7,31,19,173
https://openalex.org/A5017502781,Alan Armstrong,https://openalex.org/W2058396217,World Product and Income.,1983,article,330,655,9,0.5038167938931297,first,"General Economics, Econometrics and Finance",Economic Theory and Policy,2,6,5,271
https://openalex.org/A5108275726,Linda S. Leighton,https://openalex.org/W1979294153,Small business formation by unemployed and employed workers,1990,article,483,654,6,0.7385321100917431,last,Economics and Econometrics,Firm Innovation and Growth,2,5,5,171
https://openalex.org/A5003824719,Qiang Cui,https://openalex.org/W1970556173,"Social Spending, Human Capital, and Growth in Developing Countries",2008,article,359,654,6,0.5489296636085627,last,Economics and Econometrics,Fiscal Policy and Economic Growth,4,3,3,276
https://openalex.org/A5043998664,Siti Resmi,https://openalex.org/W2738824085,Perpajakan : Teori dan Kasus,2019,article,533,653,9,0.8162327718223583,first,Economics and Econometrics,Taxation and Compliance Studies,1,6,3,113
https://openalex.org/A5104492654,Avijit Ghosh,https://openalex.org/W2007564887,Spatial Analysis and Location-Allocation Models,1988,article,363,653,12,0.555895865237366,middle,Economics and Econometrics,Regional Economics and Spatial Analysis,2,8,8,253
https://openalex.org/A5108501286,S. Messner,https://openalex.org/W2014865758,MESSAGE–MACRO: linking an energy supply model with a macroeconomic module and solving it iteratively,2000,article,328,653,7,0.5022970903522205,first,Economics and Econometrics,Climate Change Policy and Economics,2,6,5,325
https://openalex.org/A5005237586,Avi J. Cohen,https://openalex.org/W2027607008,Retrospectives Whatever Happened to the Cambridge Capital Theory Controversies?,2003,article,440,652,27,0.6748466257668712,first,"General Economics, Econometrics and Finance",Economic Theory and Policy,2,14,8,127
https://openalex.org/A5062099917,Emla Fitzsimons,https://openalex.org/W2001136655,The Impacts of Microfinance: Evidence from Joint-Liability Lending in Mongolia,2015,article,375,652,11,0.5751533742331288,middle,Economics and Econometrics,Microfinance and Financial Inclusion,5,9,6,277
https://openalex.org/A5073990844,Christopher W. Anderson,https://openalex.org/W2105963030,"Empirical Evidence on Capital Investment, Growth Options, and Security Returns",2006,article,374,652,16,0.5736196319018405,first,Finance,Financial Markets and Investment Strategies,2,7,4,225
https://openalex.org/A5019813807,Matthieu Wyart,https://openalex.org/W3125487688,Fluctuations and response in financial markets: the subtle nature of ‘random’ price changes,2004,article,360,652,10,0.5521472392638037,last,Economics and Econometrics,Complex Systems and Time Series Analysis,4,3,3,106
https://openalex.org/A5007415215,Dylan Smith,https://openalex.org/W2126556941,Validation of the Subjective Numeracy Scale: Effects of Low Numeracy on Comprehension of Risk Communications and Utility Elicitations,2007,article,350,652,10,0.5368098159509203,middle,Economics and Econometrics,"Health Systems, Economic Evaluations, Quality of Life",4,4,4,258
https://openalex.org/A5028103551,Werner Stanzl,https://openalex.org/W2155792697,Price Manipulation and Quasi-Arbitrage,2004,article,339,652,7,0.5199386503067485,last,Finance,Financial Markets and Investment Strategies,2,5,4,108
https://openalex.org/A5029865120,Emiko Fukase,https://openalex.org/W2770693396,"Economic growth, convergence, and world food demand and supply",2020,article,351,651,18,0.5391705069124424,first,Economics and Econometrics,Economic Growth and Productivity,2,16,11,274
https://openalex.org/A5008562573,Luca De Angelis,https://openalex.org/W2929716934,Blind to carbon risk? An analysis of stock market reaction to the Paris Agreement,2020,article,335,651,38,0.5145929339477726,last,Economics and Econometrics,Climate Change Policy and Economics,2,22,13,229
https://openalex.org/A5111724328,Yi-Kei Tse,https://openalex.org/W2039566874,The conditional heteroscedasticity of the yen-dollar exchange rate,1998,article,333,650,8,0.5123076923076924,first,Finance,Financial Risk and Volatility Modeling,1,4,4,292
https://openalex.org/A5020333278,G. Edward Schuh,https://openalex.org/W2072039451,The Exchange Rate and U. S. Agriculture,1974,article,330,649,47,0.5084745762711864,first,Economics and Econometrics,Economics of Agriculture and Food Markets,1,8,4,145
https://openalex.org/A5043654580,Philippe Zamora,https://openalex.org/W2141445845,Do Labor Market Policies have Displacement Effects? Evidence from a Clustered Randomized Experiment *,2013,article,542,648,9,0.8364197530864198,last,Economics and Econometrics,Labor market dynamics and wage inequality,5,8,5,106
https://openalex.org/A5082211434,David M. Blau,https://openalex.org/W2046261830,Job Search Outcomes for the Employed and Unemployed,1990,article,393,648,16,0.6064814814814815,first,Economics and Econometrics,Labor market dynamics and wage inequality,2,3,3,134
https://openalex.org/A5049896776,Christopher McDermott,https://openalex.org/W3125405841,Macroeconomic Fluctuations in Developing Countries: Some Stylized Facts,2000,article,382,648,37,0.5895061728395061,middle,"General Economics, Econometrics and Finance",Monetary Policy and Economic Impact,3,19,12,167
https://openalex.org/A5027505343,Dan‐Olof Rooth,https://openalex.org/W2052389298,Do Employers Use Unemployment as a Sorting Criterion When Hiring? Evidence from a Field Experiment,2014,article,350,648,14,0.5401234567901234,last,Economics and Econometrics,Labor market dynamics and wage inequality,2,10,7,294
https://openalex.org/A5001654885,Mengxin Zhao,https://openalex.org/W2327218340,"The Business Cycle, Investor Sentiment, and Costly External Finance",2013,article,342,648,11,0.5277777777777778,last,Finance,Financial Markets and Investment Strategies,2,9,7,306
https://openalex.org/A5004905435,Jeffrey A. Buck,https://openalex.org/W2061254107,The Looming Expansion And Transformation Of Public Substance Abuse Treatment Under The Affordable Care Act,2011,article,390,647,22,0.6027820710973725,first,Economics and Econometrics,Healthcare Policy and Management,1,17,12,257
https://openalex.org/A5110038977,Joshua S. Benner,https://openalex.org/W2092970016,Developing the Sentinel System — A National Resource for Evidence Development,2011,article,327,645,10,0.5069767441860465,middle,Economics and Econometrics,Pharmaceutical Economics and Policy,6,9,8,318
https://openalex.org/A5034420722,Stefano M. Iacus,https://openalex.org/W3023369046,Estimating and Projecting Air Passenger Traffic during the COVID-19 Coronavirus Outbreak and its Socio-Economic Impact,2020,article,358,644,44,0.5559006211180124,first,"General Economics, Econometrics and Finance",Aviation Industry Analysis and Trends,5,38,24,232
https://openalex.org/A5087245319,Natalia Fabra,https://openalex.org/W2153894630,Pass-Through of Emissions Costs in Electricity Markets,2014,article,444,643,16,0.6905132192846034,first,Economics and Econometrics,Climate Change Policy and Economics,2,5,5,150
https://openalex.org/A5084809834,Richard M. Burton,https://openalex.org/W2079165458,Equity and the Technology Transfer Strategies of American Research Universities,2002,article,434,643,15,0.6749611197511665,last,Economics and Econometrics,Innovation Policy and R&D,4,8,7,162
https://openalex.org/A5084779949,Paul Nightingale,https://openalex.org/W2115360015,High-growth firms: introduction to the special section,2014,article,375,643,22,0.583203732503888,last,Economics and Econometrics,Firm Innovation and Growth,5,14,8,140
https://openalex.org/A5068122288,Robert Hoffmann,https://openalex.org/W1989569184,FDI and pollution: a granger causality test using panel data,2005,article,401,642,12,0.6246105919003115,first,Economics and Econometrics,"Energy, Environment, Economic Growth",4,5,5,191
https://openalex.org/A5000288748,Antu Panini Murshid,https://openalex.org/W3121953689,Growing up with capital flows,2004,article,340,641,23,0.5304212168486739,last,Finance,Global Financial Crisis and Policies,2,7,6,104
https://openalex.org/A5111612628,Félix Lutz,https://openalex.org/W1749520783,The case for flexible exchange rates,2014,article,530,639,19,0.8294209702660407,first,Finance,Global Financial Crisis and Policies,1,11,10,104
https://openalex.org/A5026186057,Amit K. Biswas,https://openalex.org/W2032119048,"Pollution, shadow economy and corruption: Theory and evidence",2012,article,343,639,37,0.5367762128325508,first,Economics and Econometrics,Taxation and Compliance Studies,3,21,17,264
https://openalex.org/A5044813909,Ovidiu V. Precup,https://openalex.org/W3126077909,A network analysis of the Italian overnight money market,2007,article,486,638,7,0.7617554858934169,middle,Economics and Econometrics,Complex Systems and Time Series Analysis,5,6,6,152
https://openalex.org/A5055760169,Stephen Devereux,https://openalex.org/W3041803822,Conceptualising COVID-19’s impacts on household food security,2020,article,430,638,10,0.6739811912225705,first,Economics and Econometrics,COVID-19 Pandemic Impacts,3,9,5,208
https://openalex.org/A5101654051,Minglong Zhang,https://openalex.org/W4281731150,Influence of digital finance and green technology innovation on China's carbon emission efficiency: Empirical analysis based on spatial metrology,2022,article,413,638,15,0.6473354231974922,first,Economics and Econometrics,"Energy, Environment, Economic Growth",2,9,3,171
https://openalex.org/A5011729158,Charles C. Moskos,https://openalex.org/W2071248527,The Postmodern Military: Armed Forces after the Cold War,2000,article,372,638,11,0.5830721003134797,middle,Economics and Econometrics,"Defense, Military, and Policy Studies",4,7,5,242
https://openalex.org/A5017947325,Jiequn Han,https://openalex.org/W2746594663,Income and Wealth Distribution in Macroeconomics: A Continuous-Time Approach,2021,article,366,638,12,0.5736677115987461,middle,Economics and Econometrics,Economic theories and models,5,6,5,239
https://openalex.org/A5046862431,David Fridley,https://openalex.org/W2079102094,China's pilot low-carbon city initiative: A comparative assessment of national goals and local plans,2014,article,323,637,11,0.5070643642072213,middle,Economics and Econometrics,"Energy, Environment, Economic Growth",3,6,5,299
https://openalex.org/A5072166360,Dennis P. Robinson,https://openalex.org/W2083309634,"A suggested method of estimation for spatial interdependent models with autocorrelated errors, and an application to a county expenditure model",1993,article,334,635,11,0.525984251968504,last,Economics and Econometrics,Spatial and Panel Data Analysis,2,4,3,160
https://openalex.org/A5112601724,Manuela Angelucci,https://openalex.org/W3023775768,Microcredit Impacts: Evidence from a Randomized Microcredit Program Placement Experiment by Compartamos Banco,2015,article,353,634,14,0.556782334384858,first,Economics and Econometrics,Microfinance and Financial Inclusion,3,8,6,260
https://openalex.org/A5050756730,Andrew J. Senchack,https://openalex.org/W2064593071,Short-Sale Restrictions and Market Reaction to Short-Interest Announcements,1993,article,351,634,15,0.5536277602523659,first,Finance,Financial Markets and Investment Strategies,2,13,11,278
https://openalex.org/A5100359406,Tae‐Hwan Kim,https://openalex.org/W2050108735,More powerful panel data unit root tests with an application to mean reversion in real exchange rates,2004,article,318,634,33,0.501577287066246,middle,"General Economics, Econometrics and Finance",Monetary Policy and Economic Impact,4,7,7,219
https://openalex.org/A5036016644,Bruce D. Phillips,https://openalex.org/W2070743948,"Formation, growth and survival; Small firm dynamics in the U.S. Economy",1989,article,362,632,12,0.5727848101265823,first,Economics and Econometrics,Firm Innovation and Growth,2,4,3,200
https://openalex.org/A5064811630,Laurent Denis,https://openalex.org/W2006080424,A theoretical framework for the pricing of contingent claims in the presence of model uncertainty,2006,article,354,632,30,0.560126582278481,first,Finance,Stochastic processes and financial applications,2,4,4,112
https://openalex.org/A5051653458,Glenn W. Boyle,https://openalex.org/W2127150968,"Investment, Uncertainty, and Liquidity",2003,article,327,632,16,0.5174050632911392,first,Finance,Capital Investment and Risk Analysis,2,11,11,245
https://openalex.org/A5037971028,Matthew Reimherr,https://openalex.org/W3098547022,Break detection in the covariance structure of multivariate time series models,2016,article,325,631,15,0.5150554675118859,last,Finance,Financial Risk and Volatility Modeling,2,6,5,189
https://openalex.org/A5082935691,Alfred Stein,https://openalex.org/W2128228580,A review of spatial sampling,2012,review,341,630,24,0.5412698412698412,middle,Economics and Econometrics,Economic and Environmental Valuation,4,10,9,126
https://openalex.org/A5100351992,Chen Zhao,https://openalex.org/W2884891121,Notching R&amp;D Investment with Corporate Income Tax Cuts in China,2021,article,359,629,7,0.5707472178060413,first,Economics and Econometrics,Innovation Policy and R&D,4,3,3,103
https://openalex.org/A5015256069,Charles M. Good,https://openalex.org/W2079180672,Disease and Mortality in Sub-Saharan Africa,1993,article,477,627,7,0.7607655502392344,first,Economics and Econometrics,HIV/AIDS Impact and Responses,3,6,6,150
https://openalex.org/A5083402272,Arthur I. Bloomfield,https://openalex.org/W2081843427,Monetary Policy under the International Gold Standard: 1880-1914.,1961,article,330,625,39,0.528,last,Finance,Global Financial Crisis and Policies,2,18,13,119
https://openalex.org/A5068593176,Nildağ Başak Ceylan,https://openalex.org/W2098537264,The Impact of Oil Price Shocks on the Economic Growth of Selected MENA1 Countries,2010,article,318,625,67,0.5088,middle,Economics and Econometrics,Market Dynamics and Volatility,3,20,13,136
https://openalex.org/A5089445825,Shu-Chen Chang,https://openalex.org/W2066741805,Effects of financial developments and income on energy consumption,2014,article,392,624,17,0.6282051282051282,first,Economics and Econometrics,"Energy, Environment, Economic Growth",1,10,10,148
https://openalex.org/A5070155535,Peter Simmons,https://openalex.org/W1887934239,Biological Invasion Risks and the Public Good: an Economic Perspective,2002,article,468,623,45,0.7512038523274478,middle,Economics and Econometrics,Economic and Environmental Valuation,8,21,11,108
https://openalex.org/A5081533291,Richard Rose,https://openalex.org/W1983046249,Inheritance Before Choice in Public policy,1990,article,351,623,36,0.5634028892455859,first,Economics and Econometrics,Fiscal Policy and Economic Growth,1,13,6,127
https://openalex.org/A5026991589,Hung‐Hao Chang,https://openalex.org/W3038033191,<scp>COVID</scp>‐19 and the Demand for Online Food Shopping Services: Empirical Evidence from Taiwan,2020,article,323,623,33,0.5184590690208668,first,Economics and Econometrics,COVID-19 Pandemic Impacts,2,18,12,145
https://openalex.org/A5111429284,Jeffrey J. Hallman,https://openalex.org/W1537404306,Is the Price Level Tied to the M2 Monetary Aggregate in the Long Run,2007,article,370,622,6,0.594855305466238,first,"General Economics, Econometrics and Finance",Monetary Policy and Economic Impact,3,5,4,252
https://openalex.org/A5015326357,Philip E. Auerswald,https://openalex.org/W1578824769,Valleys of Death and Darwinian Seas: Financing the Invention to Innovation Transition in the United States,2003,article,318,622,25,0.5112540192926045,first,Economics and Econometrics,Innovation Policy and R&D,2,6,4,156
https://openalex.org/A5036570109,Peter Vickerman,https://openalex.org/W2792844427,How well do discrete choice experiments predict health choices? A systematic review and meta-analysis of external validity,2018,review,360,621,34,0.5797101449275363,last,Economics and Econometrics,Economic and Environmental Valuation,4,22,10,236
https://openalex.org/A5007263198,Radu Manuca,https://openalex.org/W2037014352,"Adaptive Competition, Market Efficiency, and Phase Transitions",1999,article,338,621,5,0.5442834138486312,middle,Economics and Econometrics,Complex Systems and Time Series Analysis,3,3,3,217
https://openalex.org/A5057801018,Georg Kirchsteiger,https://openalex.org/W2158393531,Reciprocity as a Contract Enforcement Device,2001,preprint,383,620,26,0.617741935483871,last,Economics and Econometrics,"Law, Economics, and Judicial Systems",3,16,13,134
https://openalex.org/A5063360212,Dawn Provenzale,https://openalex.org/W2115724268,Population-Based Assessment of Cancer Survivors' Financial Burden and Quality of Life: A Prospective Cohort Study,2015,article,345,620,13,0.5564516129032258,last,Economics and Econometrics,Economic and Financial Impacts of Cancer,6,7,6,231
https://openalex.org/A5022240548,Edel Tully,https://openalex.org/W2041628101,A power GARCH examination of the gold market,2006,article,384,619,11,0.6203554119547657,first,Economics and Econometrics,Market Dynamics and Volatility,2,8,8,162
https://openalex.org/A5087879651,Peng Zhang,https://openalex.org/W3159116975,Air Pollution and Manufacturing Firm Productivity: Nationwide Estimates for China,2021,article,363,619,19,0.5864297253634895,last,Economics and Econometrics,"Energy, Environment, Economic Growth",3,12,4,114
https://openalex.org/A5027176316,Lane Kenworthy,https://openalex.org/W2162626903,Do Social-Welfare Policies Reduce Poverty? A Cross-National Assessment,1999,article,332,619,15,0.5363489499192245,first,Economics and Econometrics,Fiscal Policy and Economic Growth,1,6,6,117
https://openalex.org/A5083574648,Jochen Markard,https://openalex.org/W3015490194,Why carbon pricing is not sufficient to mitigate climate change—and how “sustainability transition policy” can help,2020,article,323,619,10,0.5218093699515347,middle,Economics and Econometrics,Climate Change Policy and Economics,4,6,5,244
https://openalex.org/A5061305604,Robert L. Brown,https://openalex.org/W2049259769,Differences in large and small firm responses to environmental context: strategic implications from a comparative analysis of business formations,1998,article,322,619,21,0.5201938610662359,middle,Economics and Econometrics,Firm Innovation and Growth,3,10,9,153
https://openalex.org/A5020042454,Ignacio Ortuño‐Ortín,https://openalex.org/W2157184930,Linguistic Diversity and Redistribution,2009,article,313,619,21,0.505654281098546,middle,Economics and Econometrics,Economic Policies and Impacts,3,17,14,303
https://openalex.org/A5006906913,Paul E. Fischer,https://openalex.org/W2127236685,"Information, Contracting, and Quality Costs",2000,article,371,618,13,0.6003236245954693,middle,Economics and Econometrics,"Law, Economics, and Judicial Systems",3,5,5,183
https://openalex.org/A5015097531,Jean-Philippe Stijns,https://openalex.org/W3023039983,Natural resource abundance and human capital accumulation,2006,article,363,618,10,0.587378640776699,first,"General Economics, Econometrics and Finance",Natural Resources and Economic Development,1,7,5,225
https://openalex.org/A5021072551,M H Liang,https://openalex.org/W2038325816,Longitudinal construct validity: establishment of clinical meaning in patient evaluative instruments.,2000,article,312,618,4,0.5048543689320388,first,Economics and Econometrics,"Health Systems, Economic Evaluations, Quality of Life",1,3,3,306
https://openalex.org/A5021144215,Maurice E. Schweitzer,https://openalex.org/W2003596378,"Is Tiger Woods Loss Averse? Persistent Bias in the Face of Experience, Competition, and High Stakes",2011,article,494,617,11,0.8006482982171799,last,Economics and Econometrics,Sports Analytics and Performance,2,9,8,123
https://openalex.org/A5112613603,Wu Fu,https://openalex.org/W2378651796,Discussions on the petrogenesis of granites,2007,article,310,617,11,0.5024311183144247,first,Economics and Econometrics,Geochemistry and Geochronology of Asian Mineral Deposits,1,6,4,210
https://openalex.org/A5052727116,Susan Lund,https://openalex.org/W2898707686,"Jobs lost, jobs gained: What the future of work will mean for jobs, skills, and wages",2017,article,347,616,11,0.5633116883116883,middle,Economics and Econometrics,Labor market dynamics and wage inequality,8,6,6,260
https://openalex.org/A5018720849,Giuseppe Vulpes,https://openalex.org/W3124943232,Equity and Bond Market Signals as Leading Indicators of Bank Fragility,2006,article,346,616,8,0.5616883116883117,last,Finance,Credit Risk and Financial Regulations,3,6,5,268
https://openalex.org/A5006045540,Guillaume Daudin,https://openalex.org/W1511162335,Who produces for whom in the world economy?,2011,article,330,616,79,0.5357142857142857,first,"General Economics, Econometrics and Finance",Global trade and economics,3,38,20,187
https://openalex.org/A5089133022,Bernhard Kittel,https://openalex.org/W2135544356,"Political parties, institutions, and the dynamics of social expenditure in times of austerity",2003,article,313,616,14,0.5081168831168831,first,Economics and Econometrics,Fiscal Policy and Economic Growth,2,7,7,242
https://openalex.org/A5074019243,Endre Pap,https://openalex.org/W2116192567,"&amp;#x201D;Aggregation Functions&amp;#x201D;, Cambridge University Press",2008,article,448,614,9,0.7296416938110749,last,Finance,Financial Risk and Volatility Modeling,4,4,4,122
https://openalex.org/A5035932837,Lasse Ringius,https://openalex.org/W1505186342,Burden Sharing and Fairness Principles in International Climate Policy,2002,article,327,614,17,0.5325732899022801,first,Economics and Econometrics,Climate Change Policy and Economics,3,14,13,254
https://openalex.org/A5110105061,J. Allan Hynes,https://openalex.org/W1986136763,Rational Choice: The Contrast between Economics and Psychology,1988,article,310,614,9,0.504885993485342,first,Economics and Econometrics,Economic Theory and Institutions,3,6,6,303
https://openalex.org/A5111626399,Richard D. Schwartz,https://openalex.org/W2472532806,On Legal Sanctions,1967,article,349,613,6,0.5693311582381729,first,Economics and Econometrics,Economic Sanctions and International Relations,2,5,3,264
https://openalex.org/A5039443361,Ilija I. Zovko,https://openalex.org/W2128726101,The predictive power of zero intelligence in financial markets,2005,article,448,612,14,0.7320261437908496,last,Economics and Econometrics,Complex Systems and Time Series Analysis,3,4,3,136
https://openalex.org/A5021402042,Nancy R. Xu,https://openalex.org/W3204544948,The Time Variation in Risk Appetite and Uncertainty,2021,article,416,612,21,0.6797385620915033,last,Economics and Econometrics,Insurance and Financial Risk Management,3,7,7,130
https://openalex.org/A5048440759,Manuel Guitián,https://openalex.org/W2038865462,East Germany in from the Cold: The Economic Aftermath of Currency Union,1991,article,435,610,27,0.7131147540983607,last,Finance,European Monetary and Fiscal Policies,6,9,5,124
https://openalex.org/A5109069624,Rob Gray,https://openalex.org/W2113102240,Evaluating the Performance of Ethical and Non‐ethical Funds: A Matched Pair Analysis,2005,article,387,610,18,0.6344262295081967,middle,Finance,Financial Markets and Investment Strategies,4,8,7,174
https://openalex.org/A5102911057,Marianne Johnson,https://openalex.org/W2792873747,Applied General Equilibrium Analysis,2017,article,307,609,57,0.5041050903119869,last,Economics and Econometrics,Economic theories and models,2,25,18,214
https://openalex.org/A5089392777,Norman V. Carroll,https://openalex.org/W2301857081,Self‐reported financial burden of cancer care and its effect on physical and mental health‐related quality of life among US cancer survivors,2016,article,347,608,22,0.5707236842105263,last,Economics and Econometrics,Economic and Financial Impacts of Cancer,2,17,14,247
https://openalex.org/A5052856233,Wayne M. Getz,https://openalex.org/W2111670491,A local nearest‐neighbor convex‐hull construction of home ranges and utilization distributions,2004,article,466,607,5,0.7677100494233937,first,Economics and Econometrics,Economic and Environmental Valuation,2,3,3,119
https://openalex.org/A5036034294,Bill Nixon,https://openalex.org/W2090199850,Evidence on the nature and extent of the relationship between oil prices and equity values in the UK,2005,article,462,607,5,0.7611202635914333,middle,Economics and Econometrics,Market Dynamics and Volatility,5,4,4,145
https://openalex.org/A5022631020,Steven X. Wei,https://openalex.org/W1970834139,Why Did Individual Stocks Become More Volatile?*,2006,article,396,607,13,0.6523887973640856,first,Finance,Financial Markets and Investment Strategies,2,6,4,123
https://openalex.org/A5059145934,Harold J. Barnett,https://openalex.org/W2569229420,Scarcity and Growth: The Economics of Natural Resource Availability.,1964,article,389,607,16,0.6408566721581549,middle,Economics and Econometrics,Economic Growth and Productivity,3,5,3,109
https://openalex.org/A5082626897,Hayley MacGregor,https://openalex.org/W3092706105,Post-pandemic transformations: How and why COVID-19 requires us to rethink development,2020,article,467,606,9,0.7706270627062707,middle,Economics and Econometrics,COVID-19 Pandemic Impacts,4,7,6,124
https://openalex.org/A5063614556,T. C. Barker,https://openalex.org/W2061942543,"British Economic Growth, 1688-1959.",1968,article,415,606,20,0.6848184818481848,first,Economics and Econometrics,Historical Economic and Social Studies,3,10,8,125
https://openalex.org/A5039696676,Randall Collins,https://openalex.org/W4298171460,The New Economic Sociology: Developments in an Emerging Field,2003,article,355,605,9,0.5867768595041323,middle,Economics and Econometrics,Economic Theory and Institutions,6,6,4,192
https://openalex.org/A5054774094,Christopher M. Hrdlicka,https://openalex.org/W2602498544,Precautionary Savings with Risky Assets: When Cash Is Not Cash,2016,article,334,605,19,0.5520661157024793,last,Finance,Financial Markets and Investment Strategies,4,10,9,181
https://openalex.org/A5080768389,Liina‐Kaisa Tynkkynen,https://openalex.org/W119116990,Finland: Health System Review.,2019,article,306,605,10,0.5057851239669422,middle,Economics and Econometrics,Healthcare Policy and Management,8,4,3,206
https://openalex.org/A5061941259,Adam Osman,https://openalex.org/W2589562525,Exporting and Firm Performance: Evidence from a Randomized Experiment*,2017,article,421,604,12,0.6970198675496688,last,"General Economics, Econometrics and Finance",Global trade and economics,3,4,4,124
https://openalex.org/A5047265067,Marcel Smolka,https://openalex.org/W3126711410,Robots and Firms,2021,article,375,604,21,0.6208609271523179,last,"General Economics, Econometrics and Finance",Global trade and economics,3,19,12,228
https://openalex.org/A5112772266,Robert L. Kaufman,https://openalex.org/W2327262792,Economic Dualism: A Critical Review,1982,review,331,604,9,0.5480132450331126,last,Economics and Econometrics,Economic theories and models,2,3,3,151
https://openalex.org/A5066414500,Fabian Eser,https://openalex.org/W634819117,Evaluating the impact of unconventional monetary policy measures: Empirical evidence from the ECB׳s Securities Markets Programme,2015,article,316,604,15,0.5231788079470199,first,"General Economics, Econometrics and Finance",Monetary Policy and Economic Impact,2,7,6,115
https://openalex.org/A5080005256,Jocelyn E. Finlay,https://openalex.org/W2025494265,Demographic Change and Economic Growth in Asia,2009,article,430,603,7,0.7131011608623549,last,Economics and Econometrics,Economic Growth and Productivity,2,3,3,113
https://openalex.org/A5059289020,Simon Alder,https://openalex.org/W3121633977,Economic reforms and industrial policy in a panel of Chinese cities,2016,article,404,603,11,0.6699834162520729,first,"General Economics, Econometrics and Finance",Economic Zones and Regional Development,3,6,6,130
https://openalex.org/A5023014305,Samuel A. Rea,https://openalex.org/W2044490008,Unemployment Insurance and Male Unemployment Duration in Canada,1987,article,343,602,16,0.5697674418604651,last,Economics and Econometrics,Labor market dynamics and wage inequality,2,10,8,171
https://openalex.org/A5045346186,Peter Bloomfield,https://openalex.org/W2001322270,Mathematics of Derivative Securities,1998,article,340,602,11,0.5647840531561462,first,Finance,Stochastic processes and financial applications,3,5,3,171
https://openalex.org/A5055889768,J. J. van Duijn,https://openalex.org/W2094324112,The Long Wave in Economic Life.,1983,article,414,601,9,0.6888519134775375,last,Economics and Econometrics,Economic Growth and Productivity,2,8,7,187
https://openalex.org/A5014314894,Zhichao Yin,https://openalex.org/W4200584086,The rise of digital finance: Financial inclusion or debt trap?,2021,article,398,601,13,0.6622296173044925,middle,Economics and Econometrics,Microfinance and Financial Inclusion,4,5,4,147
https://openalex.org/A5004389104,J. M. Buchanan,https://openalex.org/W2042743632,Public Finance in Democratic Process. Fiscal Institutions and Individual Choice.,1968,article,314,601,9,0.5224625623960066,last,Economics and Econometrics,Fiscal Policy and Economic Growth,2,4,3,212
https://openalex.org/A5109971063,Mirai Chatterjee,https://openalex.org/W2194955989,Assuring health coverage for all in India,2015,review,312,601,8,0.519134775374376,middle,Finance,Healthcare Systems and Reforms,9,4,4,134
https://openalex.org/A5015144301,William E. Cunningham,https://openalex.org/W2097456882,"Correlated physical and mental health summary scores for the SF-36 and SF-12 Health Survey, V.1",2007,article,407,600,10,0.6783333333333333,middle,Economics and Econometrics,"Health Systems, Economic Evaluations, Quality of Life",3,8,7,169
https://openalex.org/A5065930021,Becky Skidmore,https://openalex.org/W3091820138,Defining Rapid Reviews: a systematic scoping review and thematic analysis of definitions and defining characteristics of rapid reviews,2020,article,383,600,22,0.6383333333333333,middle,Economics and Econometrics,"Health Systems, Economic Evaluations, Quality of Life",7,20,4,215
https://openalex.org/A5111635394,Ravi Bhushan,https://openalex.org/W2060741810,An informational efficiency perspective on the post-earnings announcement drift,1994,article,370,598,7,0.6187290969899666,first,Finance,Financial Markets and Investment Strategies,1,3,3,190
https://openalex.org/A5049309153,Dan Givoly,https://openalex.org/W2029095630,Insider Trading and the Exploitation of Inside Information: Some Empirical Evidence,1985,article,322,598,6,0.5384615384615384,first,Finance,Financial Markets and Investment Strategies,2,4,4,276
https://openalex.org/A5029182022,Electra D. Paskett,https://openalex.org/W3036204375,Closing the Rural Cancer Care Gap: Three Institutional Approaches,2020,review,307,598,20,0.5133779264214047,middle,Economics and Econometrics,Economic and Financial Impacts of Cancer,8,7,5,240
https://openalex.org/A5079510721,Colin Gallagher,https://openalex.org/W2039906523,New Weighted Portmanteau Statistics for Time Series Goodness of Fit Testing,2012,article,415,597,11,0.695142378559464,last,Finance,Financial Risk and Volatility Modeling,2,5,5,115
https://openalex.org/A5040087125,Kasturi P. Rangan,https://openalex.org/W3022716229,What Caused the Bank Capital Build-up of the 1990s?,2007,article,387,597,7,0.6482412060301508,last,Finance,"Banking stability, regulation, efficiency",2,6,5,210
https://openalex.org/A5025559342,Glenn Firebaugh,https://openalex.org/W2093464117,Empirics of World Income Inequality,1999,article,368,597,9,0.6164154103852596,first,Economics and Econometrics,Economic Growth and Productivity,1,3,3,132
https://openalex.org/A5040329423,Frank Yu,https://openalex.org/W3122843659,Entrusted loans: A close look at China's shadow banking system,2019,article,344,597,7,0.576214405360134,last,Finance,"Banking stability, regulation, efficiency",4,5,5,253
https://openalex.org/A5034078369,Dmitry A. Novikov,https://openalex.org/W3023981796,Do Hot Hands Exist among Hedge Fund Managers? An Empirical Evaluation,2010,article,329,596,21,0.552013422818792,last,Finance,Financial Markets and Investment Strategies,3,9,4,109
https://openalex.org/A5017749874,Kris Aerts,https://openalex.org/W2069320932,Two for the price of one?,2008,article,323,596,15,0.5419463087248322,first,Economics and Econometrics,Innovation Policy and R&D,2,9,8,234
https://openalex.org/A5087103224,Abdul Halim,https://openalex.org/W3091910493,"PENGARUH PERTUMBUHAN USAHA MIKRO, KECIL DAN MENENGAH TERHADAP PERTUMBUHAN EKONOMI KABUPATEN MAMUJU",2020,article,306,596,26,0.5134228187919463,first,Economics and Econometrics,Economic Growth and Fiscal Policies,1,19,6,209
https://openalex.org/A5111454254,N. S. Siddharthan,https://openalex.org/W2049468389,"Technology, firm size and export behaviour in developing countries: The case of Indian enterprises",1994,article,304,596,25,0.5100671140939598,last,"General Economics, Econometrics and Finance",Global trade and economics,2,7,7,197
https://openalex.org/A5064883417,Clark S. Binkley,https://openalex.org/W2123297034,Effect of Carbon Taxes and Subsidies on Optimal Forest Rotation Age and Supply of Carbon Services,1995,article,487,595,6,0.8184873949579832,middle,Economics and Econometrics,Climate Change Policy and Economics,3,5,5,108
https://openalex.org/A5100640923,Lan Xue,https://openalex.org/W2971578311,Low-carbon innovation induced by emissions trading in China,2019,article,431,595,8,0.7243697478991596,last,Economics and Econometrics,Climate Change Policy and Economics,4,5,3,119
https://openalex.org/A5102150445,Alan K. Fox,https://openalex.org/W3123651773,Comparing policies to combat emissions leakage: Border carbon adjustments versus rebates,2012,article,364,595,7,0.611764705882353,last,Economics and Econometrics,Climate Change Policy and Economics,2,4,4,191
https://openalex.org/A5016965505,Ingrid Nielsen,https://openalex.org/W2279489793,"Urbanization, openness, emissions, and energy intensity: A study of increasingly urbanized emerging economies",2016,article,385,594,6,0.6481481481481481,last,Economics and Econometrics,"Energy, Environment, Economic Growth",3,3,3,199
https://openalex.org/A5031766740,Olivier de La Grandville,https://openalex.org/W2159315386,Economic Growth and the Elasticity of Substitution: Two Theorems and Some Suggestions,2000,article,344,594,17,0.5791245791245792,last,Economics and Econometrics,Economic Growth and Productivity,2,7,6,220
https://openalex.org/A5071067625,Mandeep Mahendru,https://openalex.org/W4210316225,Impacts of environmental regulations on green economic growth in China: New guidelines regarding renewable energy and energy efficiency,2022,article,323,594,24,0.5437710437710438,middle,Economics and Econometrics,"Energy, Environment, Economic Growth",5,18,12,146
https://openalex.org/A5032494742,Renato Villano,https://openalex.org/W2998326865,Effect of Financial Inclusion on Poverty and Vulnerability to Poverty: Evidence Using a Multidimensional Measure of Financial Inclusion,2020,article,344,593,20,0.5801011804384486,middle,Economics and Econometrics,Microfinance and Financial Inclusion,3,14,11,176
https://openalex.org/A5039117945,Stephen E. Christophe,https://openalex.org/W3122349653,Informed trading before analyst downgrades: Evidence from short sellers,2009,article,448,592,12,0.7567567567567568,first,Finance,Financial Markets and Investment Strategies,3,4,4,103
https://openalex.org/A5114004856,John E. Abraham,https://openalex.org/W2070024519,Influences on bicycle use,2006,article,406,592,5,0.6858108108108109,last,Economics and Econometrics,Economic and Environmental Valuation,2,3,3,184
https://openalex.org/A5003919163,Dirk Bergemann,https://openalex.org/W3125449324,The Limits of Price Discrimination,2015,article,355,592,41,0.5996621621621622,first,Economics and Econometrics,Merger and Competition Analysis,3,24,20,206
https://openalex.org/A5030683093,N. Scott Cardell,https://openalex.org/W2158614549,Variance Components Structures for the Extreme-Value and Logistic Distributions with Application to Models of Heterogeneity,1997,article,436,591,10,0.7377326565143824,first,Finance,Financial Risk and Volatility Modeling,1,4,4,149
https://openalex.org/A5033161697,Marilyne Huchet,https://openalex.org/W1515550806,The relationship between trade openness and economic growth: Some new insights on the openness measurement issue,2017,article,322,591,47,0.544839255499154,first,"General Economics, Econometrics and Finance",Global trade and economics,3,41,22,250
https://openalex.org/A5048778083,Lorenzo Ciari,https://openalex.org/W2139785592,Competition Policy and Productivity Growth: An Empirical Assessment,2012,article,313,591,11,0.5296108291032149,middle,"General Economics, Econometrics and Finance",Global trade and economics,5,7,7,190
https://openalex.org/A5009590473,Moritz Lennert,https://openalex.org/W2930389570,Geographical random forests: a spatial extension of the random forest algorithm to address spatial heterogeneity in remote sensing and population modelling,2019,article,471,590,10,0.7983050847457627,middle,Economics and Econometrics,Spatial and Panel Data Analysis,9,9,4,119
https://openalex.org/A5076349887,David C. Nachman,https://openalex.org/W2027605407,Optimal Design of Securities under Asymmetric Information,1994,article,390,590,11,0.6610169491525424,first,Economics and Econometrics,Economic theories and models,2,7,5,191
https://openalex.org/A5030836591,Ε. T. Grether,https://openalex.org/W2144125586,The Public Use of Private Interest,1978,article,385,590,40,0.652542372881356,first,Economics and Econometrics,Legal and Constitutional Studies,2,35,18,202
https://openalex.org/A5059155447,Laurent Moulin,https://openalex.org/W2065307478,Tied to the mast? National fiscal rules in the European Union,2008,article,464,589,11,0.7877758913412564,middle,Economics and Econometrics,Fiscal Policies and Political Economy,5,8,7,119
https://openalex.org/A5070023331,Yuanqing Zhang,https://openalex.org/W2897770548,The process of peak CO2 emissions in developed economies: A perspective of industrialization and urbanization,2018,article,345,589,14,0.5857385398981324,last,Economics and Econometrics,"Energy, Environment, Economic Growth",5,7,5,114
https://openalex.org/A5033068922,Stephan Thernstrom,https://openalex.org/W2769596846,Harvard Encyclopedia of American Ethnic Groups,1981,article,435,588,11,0.7397959183673469,middle,Finance,Financial Crisis of the 21st Century,4,9,6,149
https://openalex.org/A5014852109,Ralf Radermacher,https://openalex.org/W3120591033,Factors influencing variation in implementation outcomes of the redesigned community health fund in the Dodoma region of Tanzania: a mixed-methods study,2021,review,429,588,15,0.7295918367346939,middle,Finance,Healthcare Systems and Reforms,6,14,12,159
https://openalex.org/A5101975386,David Wheeler,https://openalex.org/W1981699512,Environmental Regulation and Development: A Cross-country Empirical Analysis,2001,article,340,588,16,0.5782312925170068,last,Economics and Econometrics,"Energy, Environment, Economic Growth",4,4,4,180
https://openalex.org/A5002024400,Jeff Galak,https://openalex.org/W3123751977,Microfinance Decision Making: A Field Study of Prosocial Lending,2011,article,299,588,8,0.5085034013605442,first,Economics and Econometrics,Microfinance and Financial Inclusion,3,3,3,214
https://openalex.org/A5030928296,Mark Winer,https://openalex.org/W2002799226,"Selfishness, Altruism, and Rationality: A Theory of Social Choice",1983,article,396,587,5,0.6746166950596252,first,Economics and Econometrics,Economic Theory and Institutions,2,4,4,191
https://openalex.org/A5000753788,Torsten Wezel,https://openalex.org/W1767388015,Macroprudential Policy: What Instruments and How to Use Them? Lessons from Country Experiences,2011,article,381,587,27,0.6490630323679727,middle,Finance,"Banking stability, regulation, efficiency",8,14,9,106
https://openalex.org/A5026519190,Katharina Holzinger,https://openalex.org/W2106359021,"Environmental Policy Convergence: The Impact of International Harmonization, Transnational Communication, and Regulatory Competition",2008,article,342,587,17,0.5826235093696763,first,Economics and Econometrics,Climate Change Policy and Economics,3,8,8,134
https://openalex.org/A5071011494,Victor Lavy,https://openalex.org/W2299821297,The Long-Run Economic Consequences of High-Stakes Examinations: Evidence from Transitory Variation in Pollution,2016,article,398,586,8,0.6791808873720137,middle,Economics and Econometrics,Fiscal Policy and Economic Growth,3,5,4,180
https://openalex.org/A5023295301,Loesse Jacques Esso,https://openalex.org/W2510299707,"Energy consumption, economic growth and carbon emissions: Cointegration and causality evidence from selected African countries",2016,article,358,586,9,0.6109215017064846,first,Economics and Econometrics,"Energy, Environment, Economic Growth",2,7,3,226
https://openalex.org/A5064991118,Alessandro Tarozzi,https://openalex.org/W2010190155,The Impacts of Microcredit: Evidence from Ethiopia,2015,article,299,586,16,0.5102389078498294,first,Economics and Econometrics,Microfinance and Financial Inclusion,3,11,10,278
https://openalex.org/A5057340477,Min Hwang,https://openalex.org/W1775630558,ECONOMIC FUNDAMENTALS IN LOCAL HOUSING MARKETS: EVIDENCE FROM U.S. METROPOLITAN REGIONS,2006,article,294,586,27,0.5017064846416383,first,Economics and Econometrics,Housing Market and Economics,2,8,5,154
https://openalex.org/A5062094657,Tobias Veith,https://openalex.org/W2038344363,Infrastructure and entrepreneurship,2014,article,421,585,23,0.7196581196581197,last,Economics and Econometrics,Fiscal Policy and Economic Growth,3,18,13,122
https://openalex.org/A5055030608,Neil Wintfeld,https://openalex.org/W2080585630,Report Cards on Cardiac Surgeons — Assessing New York State's Approach,1995,article,389,585,6,0.6649572649572649,last,Economics and Econometrics,Healthcare Policy and Management,2,4,3,195
https://openalex.org/A5052932170,Judit Montoriol-Garriga,https://openalex.org/W1899529740,Financing constraints and unemployment: Evidence from the Great Recession,2015,article,301,585,18,0.5145299145299145,last,Finance,"Banking stability, regulation, efficiency",3,17,16,284
https://openalex.org/A5063843693,Alonso de Gortari,https://openalex.org/W2524036012,On the Geography of Global Value Chains,2020,article,359,584,7,0.6147260273972602,last,"General Economics, Econometrics and Finance",Global trade and economics,2,5,4,218
https://openalex.org/A5029279227,David Denslow,https://openalex.org/W4230393303,Asking about Prices: A New Approach to Understanding Price Stickiness,1998,article,432,583,25,0.7409948542024014,first,Economics and Econometrics,Italy: Economic History and Contemporary Issues,5,13,10,140
https://openalex.org/A5112330426,J. A. C. Brown,https://openalex.org/W2077797961,The Lognormal Distribution with Special Reference to its Uses in Economics.,1957,article,406,583,12,0.6963979416809606,last,Economics and Econometrics,Complex Systems and Time Series Analysis,3,5,4,130
https://openalex.org/A5103118019,Sandeep Rao,https://openalex.org/W3215782175,"Past, present, and future of sustainable finance: insights from big data analytics through machine learning of scholarly research",2022,article,372,583,18,0.6380789022298456,middle,Finance,Community Development and Social Impact,5,10,6,103
https://openalex.org/A5035964954,David Bailey,https://openalex.org/W2787926575,Competition policy in the digital era,2018,article,313,583,22,0.5368782161234992,first,Economics and Econometrics,Merger and Competition Analysis,1,14,10,242
https://openalex.org/A5011400657,Alberto Moel,https://openalex.org/W3125446229,When Are Real Options Exercised? An Empirical Study of Mine Closings,2002,article,305,583,10,0.5231560891938251,first,Finance,Capital Investment and Risk Analysis,2,4,3,141
https://openalex.org/A5000925773,Michael Hazilla,https://openalex.org/W2043965465,Social Cost of Environmental Quality Regulations: A General Equilibrium Analysis,1990,article,430,582,9,0.738831615120275,first,Economics and Econometrics,Economic and Environmental Valuation,2,6,6,148
https://openalex.org/A5044457311,Jacob A. Robbins,https://openalex.org/W2584907208,A Model of Secular Stagnation: Theory and Quantitative Evaluation,2019,article,370,581,7,0.6368330464716007,last,"General Economics, Econometrics and Finance",Monetary Policy and Economic Impact,3,3,3,100
https://openalex.org/A5102026618,Xiaofang Dong,https://openalex.org/W2988411636,The role of transportation speed in facilitating high skilled teamwork across cities,2019,article,364,581,14,0.6265060240963856,first,"General Economics, Econometrics and Finance",Aviation Industry Analysis and Trends,3,8,6,163
https://openalex.org/A5050429959,Yongzheng Liu,https://openalex.org/W2758656006,How Do Tax Incentives Affect Investment and Productivity? Firm-Level Evidence from China,2019,article,399,580,20,0.6879310344827586,first,Economics and Econometrics,Fiscal Policy and Economic Growth,2,6,3,131
https://openalex.org/A5085572513,Marina Karanikolos,https://openalex.org/W119116990,Finland: Health System Review.,2019,article,306,580,19,0.5275862068965518,last,Economics and Econometrics,Healthcare Policy and Management,8,6,5,100
https://openalex.org/A5108215360,Richard Durrett,https://openalex.org/W2082185731,Brownian Motion and Martingales in Analysis.,1985,article,380,579,5,0.6563039723661486,last,Finance,Stochastic processes and financial applications,2,3,3,187
https://openalex.org/A5011584519,Kenneth D. George,https://openalex.org/W2082923161,Industrial Concentration: A Survey,1983,article,372,579,11,0.6424870466321243,last,Economics and Econometrics,Economic Growth and Productivity,2,8,8,118
https://openalex.org/A5040017196,Damodar Gujarati,https://openalex.org/W3084532218,Basic Econometrics 5th Edition,2009,article,309,579,21,0.533678756476684,last,Economics and Econometrics,Economic and Environmental Valuation,2,10,8,139
https://openalex.org/A5072547313,Jennifer Oetzel,https://openalex.org/W2097152148,Multinationals' response to major disasters: how does subsidiary investment vary in response to the type of disaster and the quality of country governance?,2010,article,305,579,4,0.5267702936096719,last,Economics and Econometrics,Insurance and Financial Risk Management,2,3,3,274
https://openalex.org/A5047342910,James Petras,https://openalex.org/W1983778928,The Myth of the Global Corporation,1999,article,303,579,34,0.5233160621761658,first,Economics and Econometrics,"Globalization, Economics, and Policies",5,20,13,206
https://openalex.org/A5049145755,Daiki Maki,https://openalex.org/W1969343937,Tests for cointegration allowing for an unknown number of breaks,2012,article,424,578,35,0.7335640138408305,first,"General Economics, Econometrics and Finance",Monetary Policy and Economic Impact,1,15,13,113
https://openalex.org/A5014704730,Byoung Cheol Jung,https://openalex.org/W2092026457,"Testing for serial correlation, spatial autocorrelation and random effects using panel data",2006,article,386,578,12,0.6678200692041523,middle,Economics and Econometrics,Spatial and Panel Data Analysis,4,8,7,182
https://openalex.org/A5059354159,James P. Houck,https://openalex.org/W2081519199,An Approach to Specifying and Estimating Nonreversible Functions,1977,article,297,578,35,0.513840830449827,first,Economics and Econometrics,Economics of Agriculture and Food Markets,1,12,9,212
https://openalex.org/A5062258841,Ronald J. Herring,https://openalex.org/W2135605390,Locked in Place: State-Building and Late Industrialization in India,2004,article,344,577,8,0.5961871750433275,first,Economics and Econometrics,Indian Economic and Social Development,1,7,4,233
https://openalex.org/A5022803188,Yun Gao,https://openalex.org/W2610643335,The 2 °C Global Temperature Target and the Evolution of the Long-Term Goal of Addressing Climate Change—From the United Nations Framework Convention on Climate Change to the Paris Agreement,2017,article,333,577,7,0.5771230502599654,first,Economics and Econometrics,Climate Change Policy and Economics,3,5,3,244
https://openalex.org/A5012728510,Paul P. Jovanis,https://openalex.org/W2033904300,Using stated preference data for studying the effect of advanced traffic information on drivers' route choice,1997,article,303,577,4,0.5251299826689775,last,Economics and Econometrics,Economic and Environmental Valuation,3,3,3,274
https://openalex.org/A5085717107,Theis Ingerslev Jensen,https://openalex.org/W3128785084,Is There a Replication Crisis in Finance?,2023,article,402,576,8,0.6979166666666666,first,Finance,Financial Markets and Investment Strategies,3,5,4,162
https://openalex.org/A5087237426,Robin Jenkins,https://openalex.org/W2116398588,The determinants of household recycling: a material-specific analysis of recycling program features and unit pricing,2003,article,347,576,10,0.6024305555555556,first,Economics and Econometrics,Fiscal Policy and Economic Growth,4,3,3,160
https://openalex.org/A5085000899,Stefania Zotteri,https://openalex.org/W2036487425,Cyclical asymmetry in fiscal variables in the EU,2009,article,322,576,18,0.5590277777777778,last,Economics and Econometrics,Fiscal Policies and Political Economy,3,12,10,241
https://openalex.org/A5023639763,Lara Gautier,https://openalex.org/W3120591033,Factors influencing variation in implementation outcomes of the redesigned community health fund in the Dodoma region of Tanzania: a mixed-methods study,2021,review,429,575,15,0.7460869565217392,middle,Finance,Healthcare Systems and Reforms,6,10,8,127
https://openalex.org/A5079114838,Eline van den Broek‐Altenburg,https://openalex.org/W3034911428,Socio-demographic factors associated with self-protecting behavior during the Covid-19 pandemic,2021,article,350,575,19,0.6086956521739131,middle,Economics and Econometrics,COVID-19 Pandemic Impacts,7,10,8,189
https://openalex.org/A5039662894,Simone D’Alessandro,https://openalex.org/W3010500158,Feasible alternatives to green growth,2020,article,309,575,31,0.5373913043478261,first,Economics and Econometrics,Climate Change Policy and Economics,4,16,7,117
https://openalex.org/A5045198847,Stephanie Levy,https://openalex.org/W3042987516,"Covid-19 lockdowns, income distribution, and food security: An analysis for South Africa",2020,article,447,574,11,0.7787456445993032,middle,Economics and Econometrics,COVID-19 Pandemic Impacts,10,8,5,125
https://openalex.org/A5048877751,Angela Fagerlin,https://openalex.org/W2126556941,Validation of the Subjective Numeracy Scale: Effects of Low Numeracy on Comprehension of Risk Communications and Utility Elicitations,2007,article,350,574,24,0.6097560975609756,last,Economics and Econometrics,"Health Systems, Economic Evaluations, Quality of Life",4,7,5,137
https://openalex.org/A5112001039,Pulak Mishra,https://openalex.org/W2181873030,"Mergers, Acquisitions and Export Competitiveness: Experience of Indian Manufacturing Sector",2012,article,358,573,24,0.62478184991274,first,"General Economics, Econometrics and Finance",Global trade and economics,2,7,7,100
https://openalex.org/A5038192840,Anton Orlov,https://openalex.org/W2909984225,How to win public support for a global carbon tax,2019,article,321,573,13,0.5602094240837696,last,Economics and Econometrics,Climate Change Policy and Economics,3,9,8,198
https://openalex.org/A5112055853,Elijah Udoh,https://openalex.org/W3089228746,"Small business awareness and adoption of state-of-the-art technologies in emerging and developing markets, and lessons from the COVID-19 pandemic",2020,article,416,572,12,0.7272727272727273,middle,Economics and Econometrics,COVID-19 Pandemic Impacts,3,11,10,156
https://openalex.org/A5089034419,Karl de Schweinitz,https://openalex.org/W2567130771,The Political Economy of Development in India,1985,article,374,572,27,0.6538461538461539,first,"General Economics, Econometrics and Finance",Economic Theory and Policy,1,25,11,198
https://openalex.org/A5066835508,Guang Tian,https://openalex.org/W2902637964,"Analyzing housing prices in Shanghai with open data: Amenity, accessibility and urban structure",2018,article,297,572,6,0.5192307692307693,last,Economics and Econometrics,Housing Market and Economics,4,5,3,275
https://openalex.org/A5056134153,Peiyin Hung,https://openalex.org/W2753282823,"Access To Obstetric Services In Rural Counties Still Declining, With 9 Percent Losing Services, 2004–14",2017,article,323,571,25,0.5656742556917689,first,Economics and Econometrics,Healthcare Policy and Management,4,14,3,175
https://openalex.org/A5103329942,Lu Hong,https://openalex.org/W2093852526,Problem Solving by Heterogeneous Agents,2001,article,461,570,14,0.8087719298245614,first,Economics and Econometrics,Economic theories and models,2,10,8,107
https://openalex.org/A5109810260,Bernhard Schwartländer,https://openalex.org/W2089104366,The global impact of HIV/AIDS,2001,review,430,570,11,0.7543859649122807,last,Economics and Econometrics,HIV/AIDS Impact and Responses,5,7,6,136
https://openalex.org/A5076184439,Terry Heaps,https://openalex.org/W2313300584,Optimal Control Theory and Static Optimization in Economics,1993,article,395,570,4,0.6929824561403509,first,Economics and Econometrics,Economic theories and models,3,3,3,175
https://openalex.org/A5089073676,Arthur I. Stonehill,https://openalex.org/W2131528683,Multinational Business Finance.,1984,article,345,570,10,0.6052631578947368,last,Finance,Global Financial Crisis and Policies,3,5,4,205
https://openalex.org/A5041638164,Stefan Eriksson,https://openalex.org/W2052389298,Do Employers Use Unemployment as a Sorting Criterion When Hiring? Evidence from a Field Experiment,2014,article,350,569,19,0.6151142355008787,first,Economics and Econometrics,Labor market dynamics and wage inequality,2,15,11,173
https://openalex.org/A5041526408,Yinyu Ye,https://openalex.org/W2130406232,Statistical ranking and combinatorial Hodge theory,2010,article,333,569,14,0.5852372583479789,last,Economics and Econometrics,Game Theory and Voting Systems,4,8,7,214
https://openalex.org/A5075734448,Harriette B. Fox,https://openalex.org/W1995303424,Access to Health Care for Children With Special Health Care Needs,2000,article,403,568,12,0.7095070422535211,middle,Economics and Econometrics,Healthcare Policy and Management,5,8,8,140
https://openalex.org/A5105231352,Saurabh Bhargava,https://openalex.org/W2608657235,Choose to Lose: Health Plan Choices from a Menu with Dominated Option*,2017,article,285,567,8,0.5026455026455027,first,Economics and Econometrics,Healthcare Policy and Management,3,4,4,247
https://openalex.org/A5105782276,J. J. Thomas,https://openalex.org/W2139605089,Informal Economic Activity.,1994,article,406,566,7,0.7173144876325088,last,Economics and Econometrics,Taxation and Compliance Studies,2,6,6,160
https://openalex.org/A5002760527,Alessandro Palma,https://openalex.org/W2593612980,Characterizing the policy mix and its impact on eco-innovation: A patent analysis of energy-efficient technologies,2017,article,403,566,17,0.7120141342756183,last,Economics and Econometrics,"Energy, Environment, Economic Growth",3,11,6,100
https://openalex.org/A5091020213,Robyn Clark,https://openalex.org/W2778720021,"Bridging funding gaps for climate and sustainable development: Pitfalls, progress and potential of private finance",2017,article,332,566,14,0.5865724381625441,first,Economics and Econometrics,Climate Change Policy and Economics,3,7,4,202
https://openalex.org/A5051334371,Emre Ozdenoren,https://openalex.org/W2102281187,Trading frenzies and their impact on real investment,2013,article,287,566,19,0.5070671378091873,middle,Finance,Financial Markets and Investment Strategies,3,11,10,241
https://openalex.org/A5110614848,Oscar Handlin,https://openalex.org/W2769596846,Harvard Encyclopedia of American Ethnic Groups,1981,article,435,565,13,0.7699115044247787,last,Finance,Financial Crisis of the 21st Century,4,11,4,127
https://openalex.org/A5086814602,Peter Pauly,https://openalex.org/W2079227690,The determinants of atmospheric SO2 concentrations: reconsidering the environmental Kuznets curve,1998,article,394,565,33,0.6973451327433628,last,Economics and Econometrics,"Energy, Environment, Economic Growth",4,24,18,157
https://openalex.org/A5073410179,Tsong‐Yue Lai,https://openalex.org/W2093911339,Co‐Kurtosis and Capital Asset Pricing,1997,article,300,565,21,0.5309734513274337,last,Finance,Financial Markets and Investment Strategies,2,12,8,131
https://openalex.org/A5017257071,Paola Criscuolo,https://openalex.org/W2241400277,Does it matter where patent citations come from? Inventor vs. examiner citations in European patents,2008,article,344,564,9,0.6099290780141844,first,Economics and Econometrics,Firm Innovation and Growth,2,4,3,198
https://openalex.org/A5005717316,Hongyu Shan,https://openalex.org/W4390954288,Corporate Climate Risk: Measurements and Responses,2024,article,338,564,4,0.599290780141844,middle,Economics and Econometrics,Market Dynamics and Volatility,4,3,3,226
https://openalex.org/A5078790009,Frank S.T. Hsiao,https://openalex.org/W3030498299,"FDI, exports, and GDP in East and Southeast Asia—Panel data versus time-series causality analyses",2006,article,306,564,29,0.5425531914893617,first,"General Economics, Econometrics and Finance",Global trade and economics,2,22,12,229
https://openalex.org/A5062491799,Stephen Pavelin,https://openalex.org/W2116160944,The Effects of Corporate Social Performance on the Cost of Corporate Debt and Credit Ratings,2014,article,430,563,18,0.7637655417406749,last,Finance,Credit Risk and Financial Regulations,3,16,10,133
https://openalex.org/A5089074314,A.J. de Zeeuw,https://openalex.org/W2018222783,International aspects of pollution control,1992,article,307,563,33,0.5452930728241563,last,Economics and Econometrics,Climate Change Policy and Economics,2,14,12,154
https://openalex.org/A5010920895,Stephen M. Renas,https://openalex.org/W2531100906,RIVISTA INTERNAZIONALE DI SCIENZE ECONOMICHE E COMMERCIALI,2016,article,299,563,17,0.5310834813499112,last,Economics and Econometrics,Italy: Economic History and Contemporary Issues,4,16,10,264
https://openalex.org/A5082930069,Pádraig Carmody,https://openalex.org/W2327091776,The Oil Curse: How petroleum wealth shapes the development of nations,2013,article,373,562,12,0.6637010676156584,first,"General Economics, Econometrics and Finance",Natural Resources and Economic Development,1,5,5,133
https://openalex.org/A5004579996,Jingbo Cui,https://openalex.org/W4200452078,The effectiveness of China’s regional carbon market pilots in reducing firm emissions,2021,article,298,562,14,0.5302491103202847,first,Economics and Econometrics,Climate Change Policy and Economics,4,8,6,215
https://openalex.org/A5085168157,Lucas F. Husted,https://openalex.org/W2765783119,Monetary policy uncertainty,2019,article,428,561,7,0.7629233511586453,first,Economics and Econometrics,Market Dynamics and Volatility,3,6,6,133
https://openalex.org/A5026007865,Hugh Hoikwang Kim,https://openalex.org/W2754739319,Economic policy uncertainty and bank liquidity hoarding,2020,article,323,561,22,0.5757575757575758,middle,Finance,"Banking stability, regulation, efficiency",4,11,7,208
https://openalex.org/A5064479095,Martin Hollis,https://openalex.org/W648616547,The Theory of Choice: A Critical Guide.,1993,article,335,560,13,0.5982142857142857,middle,Economics and Econometrics,Economic Theory and Institutions,6,12,6,225
https://openalex.org/A5085072937,William Hauk,https://openalex.org/W3125413567,A Monte Carlo study of growth regressions,2009,article,305,560,19,0.5446428571428571,first,Economics and Econometrics,Economic Growth and Productivity,2,4,4,184
https://openalex.org/A5005302434,Robert J. MacCoun,https://openalex.org/W2124877571,"VOICE, CONTROL, AND BELONGING: The Double-Edged Sword of Procedural Fairness",2005,article,337,559,22,0.6028622540250447,first,Economics and Econometrics,"Law, Economics, and Judicial Systems",1,14,12,186
https://openalex.org/A5011110560,Solichin Abdul Wahab,https://openalex.org/W2987631410,Analisis Kebijakan : Dari Formulasi Ke Penyusunan Model-Model Implementasi Kebijakan Publik,2015,article,335,559,7,0.5992844364937389,first,Economics and Econometrics,Economic Growth and Fiscal Policies,1,6,5,224
https://openalex.org/A5079921812,Jonathan Baldry,https://openalex.org/W1607565359,Income Tax Evasion and the Tax Schedule: Some Experimental Results,1987,article,292,559,12,0.5223613595706619,first,Economics and Econometrics,Taxation and Compliance Studies,1,5,5,231
https://openalex.org/A5071629807,Pelle Guldborg Hansen,https://openalex.org/W2187929566,The Definition of Nudge and Libertarian Paternalism: Does the Hand Fit the Glove?,2016,article,399,558,5,0.7150537634408602,first,Economics and Econometrics,Legal and Constitutional Studies,1,4,3,159
https://openalex.org/A5100404077,Qing Li,https://openalex.org/W4390954288,Corporate Climate Risk: Measurements and Responses,2024,article,338,558,11,0.6057347670250897,first,Economics and Econometrics,Market Dynamics and Volatility,4,10,6,220
https://openalex.org/A5066781037,Martin Myant,https://openalex.org/W2618417225,Rethinking Capitalism: Economics and Policy for Sustainable and Inclusive Growth,2017,article,300,558,20,0.5376344086021505,first,"General Economics, Econometrics and Finance",Economic Theory and Policy,1,16,13,242
https://openalex.org/A5043179922,C. Ham,https://openalex.org/W2141260020,"Hospital bed utilisation in the NHS, Kaiser Permanente, and the US Medicare programme: analysis of routine data",2003,article,283,558,9,0.507168458781362,first,Economics and Econometrics,Healthcare Policy and Management,1,5,5,271
https://openalex.org/A5065792508,Philip Joos,https://openalex.org/W3139245849,"ESG did not immunize stocks during the COVID‐19 crisis, but investments in intangible assets did",2021,article,409,557,10,0.7342908438061041,middle,Economics and Econometrics,COVID-19 Pandemic Impacts,4,8,6,148
https://openalex.org/A5042941316,Debashis Acharya,https://openalex.org/W2807593925,Financial inclusion and economic growth linkage: some cross country evidence,2018,article,325,557,33,0.5834829443447038,last,Economics and Econometrics,Microfinance and Financial Inclusion,2,24,18,139
https://openalex.org/A5066935485,Gary Pivo,https://openalex.org/W1586154453,The Walkability Premium in Commercial Real Estate Investments,2011,article,293,557,8,0.526032315978456,first,Economics and Econometrics,Housing Market and Economics,2,4,4,224
https://openalex.org/A5100351617,Jiang Wang,https://openalex.org/W3124900439,The Price Impact and Survival of Irrational Traders,2006,article,372,556,9,0.6690647482014388,middle,Finance,Financial Markets and Investment Strategies,4,7,5,129
https://openalex.org/A5079197101,Johan W.S. Vlaeyen,https://openalex.org/W1882792209,The cost diary,2000,article,341,556,10,0.6133093525179856,middle,Economics and Econometrics,"Health Systems, Economic Evaluations, Quality of Life",4,4,4,160
https://openalex.org/A5018241504,Eliot Freidson,https://openalex.org/W1993442029,The Reorganization of the Medical Profession,1985,article,290,556,15,0.5215827338129496,first,Economics and Econometrics,Healthcare Policy and Management,1,9,8,235
https://openalex.org/A5109833657,Edson Araújo,https://openalex.org/W1142621754,Moving towards universal health coverage: lessons from 11 country studies,2015,article,373,555,12,0.6720720720720721,middle,Finance,Healthcare Systems and Reforms,8,4,4,133
https://openalex.org/A5067611476,Niklas Luhmann,https://openalex.org/W2055961056,Globalization or World society: How to conceive of modern society?,1997,article,369,555,8,0.6648648648648648,first,Economics and Econometrics,Economic Theory and Institutions,1,4,3,169
https://openalex.org/A5113693442,Stan Metcalfe,https://openalex.org/W2063686948,"Systems thinking, market failure, and the development of innovation policy: The case of Australia",2011,article,296,555,18,0.5333333333333333,last,Economics and Econometrics,Innovation Policy and R&D,4,5,5,185
https://openalex.org/A5085351145,Brett J. Noel,https://openalex.org/W2009816422,Is the Threat of Reemployment Services More Effective Than the Services Themselves? Evidence from Random Assignment in the UI System,2003,article,396,554,5,0.7148014440433214,last,Economics and Econometrics,Labor market dynamics and wage inequality,4,4,4,158
https://openalex.org/A5000429349,Satya R. Chakravarty,https://openalex.org/W2007452507,Financial inclusion in India: An axiomatic approach,2013,article,304,554,29,0.5487364620938628,first,Economics and Econometrics,Microfinance and Financial Inclusion,2,19,13,242
https://openalex.org/A5024441960,Xin Tu,https://openalex.org/W2967205578,Post hoc power analysis: is it an informative and meaningful analysis?,2019,article,364,552,10,0.6594202898550725,last,Economics and Econometrics,"Health Systems, Economic Evaluations, Quality of Life",6,8,7,181
https://openalex.org/A5004391793,Mathieu Pedemonte,https://openalex.org/W2842157622,Inflation expectations as a policy tool?,2020,article,364,552,28,0.6594202898550725,last,"General Economics, Econometrics and Finance",Monetary Policy and Economic Impact,4,7,6,144
https://openalex.org/A5027348897,David Richards,https://openalex.org/W2771761888,Increasing value and reducing waste by optimizing the development of complex interventions: Enriching the development phase of the Medical Research Council (MRC) Framework,2017,article,334,552,19,0.605072463768116,middle,Economics and Econometrics,"Health Systems, Economic Evaluations, Quality of Life",9,13,4,180
https://openalex.org/A5003822758,Elizabeth Blankespoor,https://openalex.org/W2558536524,Capital market effects of media synthesis and dissemination: evidence from robo-journalism,2017,article,316,552,10,0.572463768115942,first,Finance,Financial Markets and Investment Strategies,3,5,4,178
https://openalex.org/A5029802902,Marvin J. Barth,https://openalex.org/W2104610120,The Cost Channel of Monetary Transmission,2001,article,294,552,7,0.532608695652174,first,"General Economics, Econometrics and Finance",Monetary Policy and Economic Impact,2,3,3,175
https://openalex.org/A5024050698,Wolf Heydebrand,https://openalex.org/W2008656711,Felony Justice: An Organizational Analysis of Criminal Courts.,1981,article,433,551,10,0.7858439201451906,first,Economics and Econometrics,"Law, Economics, and Judicial Systems",3,4,4,109
https://openalex.org/A5072076110,Meghan R. Busse,https://openalex.org/W2143584315,Who Wins the Olympic Games: Economic Resources and Medal Totals,2004,article,407,551,11,0.7386569872958257,last,Economics and Econometrics,Sports Analytics and Performance,2,3,3,108
https://openalex.org/A5056352190,Melanie Ward,https://openalex.org/W3121608115,How Wages Change: Micro Evidence from the International Wage Flexibility Project,2007,article,408,550,10,0.7418181818181818,last,Economics and Econometrics,Labor market dynamics and wage inequality,8,9,8,142
https://openalex.org/A5013699771,Marta Szymanowska,https://openalex.org/W3122512457,An Anatomy of Commodity Futures Risk Premia,2013,article,335,550,16,0.6090909090909091,first,Economics and Econometrics,Market Dynamics and Volatility,4,10,8,106
https://openalex.org/A5085843802,Yi‐Gang Xu,https://openalex.org/W2388907336,Lithospheric thinning and destruction of the North China Craton,2008,article,325,550,20,0.5909090909090909,middle,Economics and Econometrics,Geochemistry and Geochronology of Asian Mineral Deposits,4,11,11,197
https://openalex.org/A5010836655,Robert M. Wiseman,https://openalex.org/W1538162144,Towards a Social Theory of Agency,2011,article,296,550,7,0.5381818181818182,first,Economics and Econometrics,Economic Policies and Impacts,3,6,5,254
https://openalex.org/A5055116339,Maureen Lewis,https://openalex.org/W1499444096,Governance and Corruption in Public Health Care Systems,2006,article,294,550,17,0.5345454545454545,first,Finance,Healthcare Systems and Reforms,1,10,9,182
https://openalex.org/A5027855219,Raj Kumar Pan,https://openalex.org/W2150607630,World citation and collaboration networks: uncovering the role of geography in science,2012,article,292,550,9,0.5309090909090909,first,Economics and Econometrics,Spatial and Panel Data Analysis,3,8,5,258
https://openalex.org/A5028075247,J.L. Rosenthal,https://openalex.org/W580716379,"[Priceless markets : the political economy of credit in Paris, 1660-1870]",2001,preprint,334,548,5,0.6094890510948905,last,Economics and Econometrics,Historical Economic and Social Studies,3,3,3,133
https://openalex.org/A5061484726,Stefan Lachenmaier,https://openalex.org/W3123140879,Effects of innovation on employment: A dynamic panel analysis,2011,article,320,548,11,0.583941605839416,first,Economics and Econometrics,Firm Innovation and Growth,2,10,6,228
https://openalex.org/A5050635856,Julio López Bastida,https://openalex.org/W2140741940,Propuesta de guía para la evaluación económica aplicada a las tecnologías sanitarias,2009,article,309,548,14,0.5638686131386861,first,Economics and Econometrics,"Health Systems, Economic Evaluations, Quality of Life",7,8,8,110
https://openalex.org/A5030726998,Luca Tacconi,https://openalex.org/W1987220990,Redefining payments for environmental services,2011,article,280,548,11,0.5109489051094891,first,Economics and Econometrics,Economic and Environmental Valuation,1,8,8,175
https://openalex.org/A5061933019,Hidehiko Ichimura,https://openalex.org/W2148273822,Changes in the Distribution of Male and Female Wages Accounting for Employment Composition Using�Bounds,2007,article,278,548,26,0.5072992700729927,middle,Economics and Econometrics,Labor market dynamics and wage inequality,4,12,10,215
https://openalex.org/A5081255171,Martin F. J. Prachowny,https://openalex.org/W2033463157,Okun's Law: Theoretical Foundations and Revised Estimates,1993,article,399,547,35,0.7294332723948812,first,Economics and Econometrics,Unemployment and Economic Growth,1,33,18,148
https://openalex.org/A5114121209,Jiaojiao Sun,https://openalex.org/W4206760941,How green technology innovation affects carbon emission efficiency: evidence from developed countries proposing carbon neutrality targets,2022,article,359,547,5,0.6563071297989032,last,Economics and Econometrics,"Energy, Environment, Economic Growth",8,3,3,160
https://openalex.org/A5103805754,Mark L. Plummer,https://openalex.org/W2073309704,Assessing benefit transfer for the valuation of ecosystem services,2009,review,378,546,11,0.6923076923076923,first,Economics and Econometrics,Economic and Environmental Valuation,1,7,7,143
https://openalex.org/A5077243638,Shahriar Shafiee,https://openalex.org/W2126540662,An overview of global gold market and gold price forecasting,2010,article,364,546,7,0.6666666666666666,first,Economics and Econometrics,Market Dynamics and Volatility,2,3,3,177
https://openalex.org/A5101890541,Christopher Humphrey,https://openalex.org/W1993066373,The global audit profession and the international financial architecture: Understanding regulatory relationships at a time of financial crisis,2009,article,322,546,13,0.5897435897435898,first,Finance,Credit Risk and Financial Regulations,3,5,4,141
https://openalex.org/A5021008030,Khalid Alkhathlan,https://openalex.org/W2074726545,"Energy consumption, carbon emissions and economic growth in Saudi Arabia: An aggregate and disaggregate analysis",2013,article,319,546,12,0.5842490842490843,first,Economics and Econometrics,"Energy, Environment, Economic Growth",2,6,6,149
https://openalex.org/A5108567728,Arti Grover Goswami,https://openalex.org/W3122555450,Highway to Success: The Impact of the Golden Quadrilateral Project for the Location and Performance of Indian Manufacturing,2014,article,348,544,18,0.6397058823529411,middle,Economics and Econometrics,Fiscal Policy and Economic Growth,3,7,6,148
https://openalex.org/A5007694087,Frank Davidoff,https://openalex.org/W2157975848,Publication guidelines for quality improvement in health care: evolution of the SQUIRE project,2008,article,325,544,11,0.5974264705882353,first,Economics and Econometrics,"Health Systems, Economic Evaluations, Quality of Life",5,7,4,206
https://openalex.org/A5083053750,Sinan Gokkaya,https://openalex.org/W2600306306,Before an Analyst Becomes an Analyst: Does Industry Experience Matter?,2016,article,303,544,21,0.5569852941176471,middle,Finance,Financial Markets and Investment Strategies,3,7,5,112
https://openalex.org/A5064101830,Theodore Pincus,https://openalex.org/W1965781395,Development and validation of the health assessment questionnaire II: A revised version of the health assessment questionnaire,2004,article,274,544,14,0.5036764705882353,last,Economics and Econometrics,"Health Systems, Economic Evaluations, Quality of Life",3,3,3,245
https://openalex.org/A5019464182,Gerald Auten,https://openalex.org/W2116769529,The Effect of Income Taxes on Household Income,1999,article,300,543,19,0.5524861878453039,first,Economics and Econometrics,Fiscal Policy and Economic Growth,2,9,9,156
https://openalex.org/A5109234136,E. Ray Dorsey,https://openalex.org/W2042532549,Optimal Expectations and Limited Medical Testing: Evidence from Huntington Disease,2013,article,297,543,6,0.5469613259668509,last,Economics and Econometrics,"Health Systems, Economic Evaluations, Quality of Life",3,4,4,245
https://openalex.org/A5109267018,James Alt,https://openalex.org/W2170793548,Disentangling Accountability and Competence in Elections: Evidence from U.S. Term Limits,2011,article,288,543,17,0.5303867403314917,first,Economics and Econometrics,Fiscal Policies and Political Economy,3,13,10,110
https://openalex.org/A5101404781,Ana Jesús López Menéndez,https://openalex.org/W2038108227,Environmental costs and renewable energy: Re-visiting the Environmental Kuznets Curve,2014,article,286,543,25,0.5267034990791897,first,Economics and Econometrics,"Energy, Environment, Economic Growth",3,19,13,154
https://openalex.org/A5018519672,Myung Hoon Yi,https://openalex.org/W2040164008,The effect of the Internet on economic growth: Evidence from cross-country panel data,2009,article,280,543,15,0.5156537753222836,last,Economics and Econometrics,Economic Growth and Productivity,2,7,3,183
https://openalex.org/A5088676573,Mai Iskandar‐Datta,https://openalex.org/W2153706302,"Bank monitoring and the pricing of corporate public debt1We thank Atul Gupta, Robyn McLaughlin, Tim Mech, David P. Simon, and especially Bill Schwert (the editor), and Peggy Wier (the referee) for their valuable comments. The third author acknowledges partial financial support from the Babcock Summer Research Program. The usual disclaimer applies.1",1999,article,302,542,10,0.5571955719557196,middle,Finance,"Banking stability, regulation, efficiency",3,5,5,114
https://openalex.org/A5053550056,Arthur P. Hurter,https://openalex.org/W2109603031,Competition of Firms: Discriminatory Pricing and Location,1986,article,319,540,15,0.5907407407407408,last,Economics and Econometrics,Merger and Competition Analysis,2,6,6,159
https://openalex.org/A5075268661,Jérôme Lahaye,https://openalex.org/W2058479869,"Jumps, cojumps and macro announcements",2010,article,297,539,16,0.5510204081632653,first,Finance,Financial Markets and Investment Strategies,3,7,5,160
https://openalex.org/A5046197245,Rob Baltussen,https://openalex.org/W2116542195,"Equity aspects of the National Health Insurance Scheme in Ghana: Who is enrolling, who is not and why?",2010,article,280,539,15,0.5194805194805194,last,Finance,Healthcare Systems and Reforms,6,7,4,158
https://openalex.org/A5052685450,Simon Marginson,https://openalex.org/W2745033783,Limitations of human capital theory,2017,article,429,538,8,0.7973977695167286,first,Economics and Econometrics,Labor market dynamics and wage inequality,1,7,3,109
https://openalex.org/A5044823557,Piyabha Kongsamut,https://openalex.org/W1767388015,Macroprudential Policy: What Instruments and How to Use Them? Lessons from Country Experiences,2011,article,381,538,14,0.70817843866171,middle,Finance,"Banking stability, regulation, efficiency",8,5,4,128
https://openalex.org/A5066595835,Paul Tae‐Woo Lee,https://openalex.org/W3009020762,Railway and road infrastructure in the Belt and Road Initiative countries: Estimating the impact of transport infrastructure on economic growth,2020,article,292,538,19,0.5427509293680297,last,Economics and Econometrics,Fiscal Policy and Economic Growth,5,11,9,174
https://openalex.org/A5000105165,Nicholas Papageorge,https://openalex.org/W3034911428,Socio-demographic factors associated with self-protecting behavior during the Covid-19 pandemic,2021,article,350,537,18,0.6517690875232774,first,Economics and Econometrics,COVID-19 Pandemic Impacts,7,11,7,179
https://openalex.org/A5024760416,Isher Judge Ahluwalia,https://openalex.org/W2006775525,Productivity and Growth in Indian Manufacturing.,1993,article,354,536,12,0.6604477611940298,last,"General Economics, Econometrics and Finance",Global trade and economics,2,7,4,126
https://openalex.org/A5008606099,David C. Porter,https://openalex.org/W2142667427,Should securities markets be transparent?,2005,article,320,536,17,0.5970149253731343,middle,Finance,Financial Markets and Investment Strategies,3,11,10,198
https://openalex.org/A5065178407,Howard P. Tuckman,https://openalex.org/W2091375513,Ecodynamics: A New Theory of Societal Evolution,1982,article,289,536,21,0.539179104477612,first,Economics and Econometrics,Economic Theory and Institutions,2,4,4,100
https://openalex.org/A5011479973,Louis Jacobson,https://openalex.org/W2023379380,Estimating the returns to community college schooling for displaced workers,2004,article,286,536,20,0.5335820895522388,first,Economics and Econometrics,Labor market dynamics and wage inequality,3,16,12,210
https://openalex.org/A5007069146,Marjolein Spaans,https://openalex.org/W2404818588,Building up resilience in cities worldwide – Rotterdam as participant in the 100 Resilient Cities Programme,2016,article,416,535,9,0.7775700934579439,first,Economics and Econometrics,Regional resilience and development,2,8,7,119
https://openalex.org/A5001730778,Loreto Carmona,https://openalex.org/W2145881672,2014 Update of the EULAR standardised operating procedures for EULAR-endorsed recommendations,2014,article,290,535,19,0.5420560747663551,middle,Economics and Econometrics,"Health Systems, Economic Evaluations, Quality of Life",10,9,6,234
https://openalex.org/A5020155287,Qianjiao Xie,https://openalex.org/W3154719183,Impact of green credit on high-efficiency utilization of energy in China considering environmental constraints,2021,article,345,534,6,0.6460674157303371,middle,Economics and Econometrics,"Energy, Environment, Economic Growth",3,4,4,140
https://openalex.org/A5035457810,Jim Leitzel,https://openalex.org/W3123119434,The Making of Economic Policy: A Transaction-Cost Politics Perspective,1997,article,383,533,19,0.7185741088180112,first,"General Economics, Econometrics and Finance",Economic Theory and Policy,2,6,6,109
https://openalex.org/A5030875520,Noha Emara,https://openalex.org/W3013022547,Financial inclusion and economic growth: The role of governance in selected MENA countries,2021,article,319,533,37,0.5984990619136961,first,Economics and Econometrics,Microfinance and Financial Inclusion,2,31,15,163
https://openalex.org/A5002666823,Herman de Jong,https://openalex.org/W2783876492,Rebasing 'Maddison' : new income comparisons and the shape of long-run economic development,2018,article,276,533,45,0.5178236397748592,middle,Economics and Econometrics,Italy: Economic History and Contemporary Issues,4,41,21,230
https://openalex.org/A5060440751,Hassan Heidari,https://openalex.org/W2026623931,"Economic growth, CO2 emissions, and energy consumption in the five ASEAN countries",2014,article,396,532,47,0.7443609022556391,first,Economics and Econometrics,"Energy, Environment, Economic Growth",3,25,17,118
https://openalex.org/A5111439619,Michael G. Porter,https://openalex.org/W1998995677,International Capital Flows and Portfolio Equilibrium,1974,article,321,532,17,0.6033834586466166,first,Finance,Global Financial Crisis and Policies,1,5,5,178
https://openalex.org/A5062767641,Benny Zee,https://openalex.org/W2041130945,Analysis and interpretation of health-related quality-of-life data from clinical trials: basic approach of The National Cancer Institute of Canada Clinical Trials Group,2004,article,293,532,15,0.5507518796992481,middle,Economics and Econometrics,"Health Systems, Economic Evaluations, Quality of Life",6,11,5,229
https://openalex.org/A5043932217,Sarah Dewilde,https://openalex.org/W2296800272,Health state utilities in non–small cell lung cancer: An international study,2016,article,290,532,16,0.5451127819548872,middle,Economics and Econometrics,"Health Systems, Economic Evaluations, Quality of Life",5,8,6,135
https://openalex.org/A5041205902,Ingrid Woolard,https://openalex.org/W2115047072,Why has unemployment risen in the New South Africa?<sup>1</sup>,2008,article,285,532,15,0.5357142857142857,last,Economics and Econometrics,Labor market dynamics and wage inequality,5,6,5,181
https://openalex.org/A5078835799,Robert Rennhack,https://openalex.org/W3121323513,The global financial crisis: Explaining cross-country differences in the output impact,2011,article,272,532,22,0.5112781954887218,middle,Finance,Global Financial Crisis and Policies,4,21,8,260
https://openalex.org/A5050775701,Shelly Singhal,https://openalex.org/W2914462931,"Return and volatility linkages among International crude oil price, gold price, exchange rate and stock markets: Evidence from Mexico",2019,article,269,532,13,0.5056390977443609,first,Economics and Econometrics,Market Dynamics and Volatility,3,6,3,158
https://openalex.org/A5104066531,Peder Andersen,https://openalex.org/W2804674554,"David W. Pearce and R. Kerry Turner, Economics of Natural Resources and the Environment. London: Harvester Wheatsheaf, 1990; 378 s. $ 22.95.",1991,article,353,531,19,0.664783427495292,first,Economics and Econometrics,Climate Change Policy and Economics,2,7,5,137
https://openalex.org/A5022663599,Daniel Sperling,https://openalex.org/W2065576154,America's bottom-up climate change mitigation policy,2007,article,347,531,12,0.6534839924670434,last,Economics and Econometrics,Climate Change Policy and Economics,2,10,8,175
https://openalex.org/A5028151999,Thomas Hofmarcher,https://openalex.org/W3008326445,The cost of cancer in Europe 2018,2020,article,310,531,18,0.583804143126177,first,Economics and Econometrics,Economic and Financial Impacts of Cancer,4,6,5,156
https://openalex.org/A5112602414,J. Humberto López,https://openalex.org/W1975134074,Fiscal Redistribution and Income Inequality in Latin America,2011,article,287,531,15,0.5404896421845574,middle,Economics and Econometrics,Fiscal Policy and Economic Growth,3,9,8,237
https://openalex.org/A5102013316,Jackie Brown,https://openalex.org/W2160883633,Quality-Adjusted Life-Years Lack Quality in Pediatric Care: A Critical Review of Published Cost-Utility Studies in Child Health,2005,review,271,530,11,0.5113207547169811,last,Economics and Econometrics,"Health Systems, Economic Evaluations, Quality of Life",3,10,9,259
https://openalex.org/A5100453027,Fang Liu,https://openalex.org/W4320080146,Assessing oil price volatility co-movement with stock market volatility through quantile regression approach,2023,article,400,529,24,0.7561436672967864,first,Economics and Econometrics,Market Dynamics and Volatility,3,19,14,107
https://openalex.org/A5103080414,Fabrizio Natale,https://openalex.org/W3023369046,Estimating and Projecting Air Passenger Traffic during the COVID-19 Coronavirus Outbreak and its Socio-Economic Impact,2020,article,358,529,8,0.6767485822306238,middle,"General Economics, Econometrics and Finance",Aviation Industry Analysis and Trends,5,4,3,118
https://openalex.org/A5057340747,Justin Hung Nguyen,https://openalex.org/W2770038424,Navigating through economic policy uncertainty: The role of corporate cash holdings,2020,article,339,529,14,0.6408317580340265,middle,Economics and Econometrics,Market Dynamics and Volatility,4,8,6,128
https://openalex.org/A5108401626,Richard Stubbs,https://openalex.org/W2002968617,ASEAN Plus Three: Emerging East Asian Regionalism?,2002,article,285,529,19,0.5387523629489603,first,"General Economics, Econometrics and Finance",Global trade and economics,1,13,9,184
https://openalex.org/A5030052952,Nick Zubanov,https://openalex.org/W1902470918,IS ECONOMIC RECOVERY A MYTH? ROBUST ESTIMATION OF IMPULSE RESPONSES,2013,article,277,529,22,0.5236294896030246,last,Economics and Econometrics,Economic Policies and Impacts,2,11,7,207
https://openalex.org/A5104492347,Justin C. Williams,https://openalex.org/W2130040777,Spatial attributes and reserve design models: A review,2005,review,266,529,10,0.502835538752363,first,Economics and Econometrics,Economic and Environmental Valuation,3,4,4,193
https://openalex.org/A5023503955,Virginia Haufler,https://openalex.org/W1972924824,Disclosure as Governance: The Extractive Industries Transparency Initiative and Resource Management in the Developing World,2010,article,346,528,7,0.6553030303030303,first,"General Economics, Econometrics and Finance",Natural Resources and Economic Development,1,4,4,174
https://openalex.org/A5087557793,Richard Ruggles,https://openalex.org/W2023864445,"System of national accounts, 1993",1995,article,272,528,32,0.5151515151515151,first,Economics and Econometrics,Fiscal Policy and Economic Growth,1,26,14,245
https://openalex.org/A5035107606,Wayne F. Cascio,https://openalex.org/W2083273549,"Research in industrial and organizational psychology from 1963 to 2007: Changes, choices, and trends.",2008,article,334,527,12,0.6337760910815939,first,Economics and Econometrics,Occupational and Professional Licensing Regulation,2,8,7,192
https://openalex.org/A5058156604,Nicholas H. Osborne,https://openalex.org/W2001378660,Association of Hospital Participation in a Quality Reporting Program With Surgical Outcomes and Expenditures for Medicare Beneficiaries,2015,article,317,527,8,0.6015180265654649,first,Economics and Econometrics,Healthcare Policy and Management,5,6,4,210
https://openalex.org/A5060184760,Vicente Ramos,https://openalex.org/W3020980814,A Charter for Sustainable Tourism after COVID-19,2020,article,294,527,12,0.5578747628083491,last,Economics and Econometrics,COVID-19 Pandemic Impacts,3,9,8,216
https://openalex.org/A5034680608,Gábor Lugosi,https://openalex.org/W1978810924,Ranking and Empirical Minimization of U-statistics,2008,article,279,527,8,0.5294117647058824,middle,Economics and Econometrics,Game Theory and Voting Systems,3,3,3,240
https://openalex.org/A5113524976,B.W. Ang,https://openalex.org/W2030372577,Measuring economy-wide energy efficiency performance: A parametric frontier approach,2011,article,385,526,9,0.7319391634980988,middle,Economics and Econometrics,"Energy, Environment, Economic Growth",3,7,7,141
https://openalex.org/A5069866117,Fred Phillips,https://openalex.org/W3007066384,Impacts of industrial structure and technical progress on carbon emission intensity: Evidence from 281 cities in China,2020,article,382,526,24,0.7262357414448669,middle,Economics and Econometrics,"Energy, Environment, Economic Growth",5,18,13,113
https://openalex.org/A5074909631,Min‐Woong Sohn,https://openalex.org/W1972033537,Veterans’ Access to and Use of Medicare and Veterans Affairs Health Care,2007,article,312,526,10,0.5931558935361216,middle,Economics and Econometrics,Healthcare Policy and Management,9,3,3,135
https://openalex.org/A5016682735,Christine Blome,https://openalex.org/W2049676413,Measuring Change in Quality of Life: Bias in Prospective and Retrospective Evaluation,2015,review,279,525,28,0.5314285714285715,first,Economics and Econometrics,"Health Systems, Economic Evaluations, Quality of Life",2,17,8,158
https://openalex.org/A5083035521,Andrew J. Schaefer,https://openalex.org/W2036336974,Markov Decision Processes: A Tool for Sequential Decision Making under Uncertainty,2009,article,263,525,16,0.5009523809523809,middle,Economics and Econometrics,"Health Systems, Economic Evaluations, Quality of Life",4,7,7,148
https://openalex.org/A5111730133,Nancy E. Wallace,https://openalex.org/W90160891,"The Construction of Residential Housing Price Indices: A Comparison of Repeat-Sales, Hedonic-Regression, and Hybrid Approaches",1997,article,295,524,12,0.5629770992366412,first,Economics and Econometrics,Housing Market and Economics,2,4,3,190
https://openalex.org/A5066729466,Benjamin Leard,https://openalex.org/W2543298339,Are consumers willing to pay to let cars drive for them? Analyzing response to autonomous vehicles,2017,article,320,523,17,0.6118546845124283,last,Economics and Econometrics,Economic and Environmental Valuation,3,14,11,188
https://openalex.org/A5059839472,Qiang Cheng,https://openalex.org/W3124500495,Do Corporate Site Visits Impact Stock Prices?,2018,article,276,523,11,0.5277246653919694,first,Finance,Financial Markets and Investment Strategies,4,6,6,221
https://openalex.org/A5016630108,Livio Cricelli,https://openalex.org/W2299691052,An analysis of the open innovation effect on firm performance,2016,article,264,523,11,0.5047801147227533,last,Economics and Econometrics,Innovation Policy and R&D,3,9,8,146
https://openalex.org/A5111938743,Sally Wade,https://openalex.org/W2130921523,Examining the Value and Quality of Health Economic Analyses: Implications of Utilizing the QHES,2003,review,361,522,6,0.6915708812260536,middle,Economics and Econometrics,"Health Systems, Economic Evaluations, Quality of Life",7,5,4,161
https://openalex.org/A5031676261,Bjørn Volkerink,https://openalex.org/W2157781617,Fragmented Government Effects on Fiscal Policy: New Evidence,2001,article,320,522,11,0.6130268199233716,first,Economics and Econometrics,Fiscal Policies and Political Economy,2,4,4,117
https://openalex.org/A5062780250,John W. Zillman,https://openalex.org/W70730126,Implementation Plan for the Global Observing System for Climate in Support of the UNFCCC (2010 Update),2010,article,317,522,6,0.60727969348659,middle,Economics and Econometrics,Climate Change Policy and Economics,10,3,3,104
https://openalex.org/A5108214218,Victor F. S. Sit,https://openalex.org/W2156740183,"Foreign-investment-induced Exo-urbanisation in the Pearl River Delta, China",1997,article,263,522,12,0.5038314176245211,first,"General Economics, Econometrics and Finance",Economic Zones and Regional Development,2,8,7,152
https://openalex.org/A5113560718,Kenneth Holden,https://openalex.org/W2136067494,"Business Cycles: Theory, History, Indicators, and Forecasting.",1993,article,346,521,11,0.6641074856046065,first,Economics and Econometrics,Fiscal Policy and Economic Growth,2,9,9,142
https://openalex.org/A5100407256,Chen Lian,https://openalex.org/W2547186548,Forward Guidance without Common Knowledge,2018,article,303,521,33,0.581573896353167,last,"General Economics, Econometrics and Finance",Monetary Policy and Economic Impact,2,14,6,110
https://openalex.org/A5022065002,Michael Vaughan,https://openalex.org/W1571296741,Is There a Consensus among Economists in the 1990's?,1992,article,270,521,12,0.5182341650671785,last,"General Economics, Econometrics and Finance",Monetary Policy and Economic Impact,3,7,5,220
https://openalex.org/A5025827966,T W Hu,https://openalex.org/W2117296805,Reducing cigarette consumption in California: tobacco taxes vs an anti-smoking media campaign.,1995,article,268,521,9,0.5143953934740882,first,Economics and Econometrics,Economics of Agriculture and Food Markets,3,3,3,109
https://openalex.org/A5102882320,Lin Shao,https://openalex.org/W3121633977,Economic reforms and industrial policy in a panel of Chinese cities,2016,article,404,520,7,0.7769230769230769,middle,"General Economics, Econometrics and Finance",Economic Zones and Regional Development,3,4,4,115
https://openalex.org/A5048332133,Jiuchang Wei,https://openalex.org/W3211683470,Government subsidy and corporate green innovation - Does board governance play a role?,2021,article,340,520,7,0.6538461538461539,middle,Economics and Econometrics,"Energy, Environment, Economic Growth",4,3,3,159
https://openalex.org/A5074278101,Pritish Kumar Sahu,https://openalex.org/W4214906160,"Symmetric and asymmetric impact of economic growth, capital formation, renewable and non-renewable energy consumption on environment in OECD countries",2022,article,308,520,20,0.5923076923076923,last,Economics and Econometrics,"Energy, Environment, Economic Growth",4,12,12,138
https://openalex.org/A5079751621,Çağlar Keyder,https://openalex.org/W2103712971,Globalization and Social Exclusion in Istanbul,2005,article,287,520,19,0.551923076923077,first,Finance,"Housing, Finance, and Neoliberalism",1,16,8,232
https://openalex.org/A5075715513,Robyn Eckersley,https://openalex.org/W2152705765,Moving Forward in the Climate Negotiations: Multilateralism or Minilateralism?,2012,article,278,520,7,0.5346153846153846,first,Economics and Econometrics,Climate Change Policy and Economics,1,5,4,242
https://openalex.org/A5101890094,Peter Williams,https://openalex.org/W2051572710,The constitution of the home: Towards a research agenda,1988,article,312,519,9,0.6011560693641619,last,Finance,"Housing, Finance, and Neoliberalism",2,7,5,207
https://openalex.org/A5059406314,Penny Mohr,https://openalex.org/W2163878956,"Performance-Based Risk-Sharing Arrangements—Good Practices for Design, Implementation, and Evaluation: Report of the ISPOR Good Practices for Performance-Based Risk-Sharing Arrangements Task Force",2013,article,301,519,18,0.5799614643545279,middle,Economics and Econometrics,"Health Systems, Economic Evaluations, Quality of Life",9,10,9,165
https://openalex.org/A5035717383,Isaac Osei‐Akoto,https://openalex.org/W2108970446,The effect of Ghana's National Health Insurance Scheme on health care utilisation.,2012,article,270,518,15,0.5212355212355212,last,Finance,Healthcare Systems and Reforms,3,7,7,221
https://openalex.org/A5109742616,Wei Yu,https://openalex.org/W2055938263,Prevalence and Costs of Chronic Conditions in the VA Health Care System,2003,article,281,517,7,0.5435203094777563,first,Economics and Econometrics,Healthcare Policy and Management,7,3,3,164
https://openalex.org/A5074335773,Bimal Kishore Sahoo,https://openalex.org/W4290391232,The impact of climate policy uncertainty on renewable and non-renewable energy demand in the United States,2022,article,302,516,27,0.5852713178294574,last,Economics and Econometrics,"Energy, Environment, Economic Growth",5,18,12,141
https://openalex.org/A5055779517,Ezra Solomon,https://openalex.org/W2122838389,The Theory of Financial Management.,1964,article,293,516,24,0.5678294573643411,last,Finance,"Banking stability, regulation, efficiency",2,7,5,135
https://openalex.org/A5048342677,Sergey Shishkin,https://openalex.org/W2105381422,"An assessment of progress towards universal health coverage in Brazil, Russia, India, China, and South Africa (BRICS)",2014,article,333,515,11,0.6466019417475728,middle,Finance,Healthcare Systems and Reforms,7,5,5,167
https://openalex.org/A5020286596,Other,https://openalex.org/W2619355727,"Working Group II Contribution to the Intergovernmental Panel on Climate Change Fourth Assessment Report: Climate Change 2007: Climate Change Impacts, Adaptation and Vulnerability: Summary for Policymakers",2007,article,266,515,23,0.516504854368932,first,Economics and Econometrics,Climate Change Policy and Economics,1,17,11,220
https://openalex.org/A5017248740,Truls Østbye,https://openalex.org/W1934443959,The Accuracy of Medicare Claims as an Epidemiological Tool: The Case of Dementia Revisited,2009,article,341,514,20,0.6634241245136187,middle,Economics and Econometrics,"Health Systems, Economic Evaluations, Quality of Life",5,6,4,140
https://openalex.org/A5079641469,Bruce Rosen,https://openalex.org/W31463829,Israel: Health System Review.,2015,article,265,514,21,0.5155642023346303,first,Economics and Econometrics,Healthcare Policy and Management,3,15,12,214
https://openalex.org/A5084596792,Gabriel Vasconcelos,https://openalex.org/W2884164956,Forecasting Inflation in a Data-Rich Environment: The Benefits of Machine Learning Methods,2019,article,347,513,11,0.6764132553606238,middle,"General Economics, Econometrics and Finance",Monetary Policy and Economic Impact,4,7,6,160
https://openalex.org/A5057747099,John Clarke,https://openalex.org/W2115123739,The alchemy of austerity,2012,article,301,513,23,0.5867446393762183,first,Finance,"Housing, Finance, and Neoliberalism",2,16,9,178
https://openalex.org/A5085725228,Tassos Magdalinos,https://openalex.org/W2124345587,Robust Econometric Inference for Stock Return Predictability,2014,article,271,513,20,0.5282651072124757,middle,Finance,Financial Markets and Investment Strategies,3,10,9,188
https://openalex.org/A5037460630,Philip R. Perry,https://openalex.org/W2417801674,Do banks gain or lose from inflation,1992,article,265,513,10,0.5165692007797271,first,Finance,Global Financial Crisis and Policies,1,8,8,242
https://openalex.org/A5112627903,Ward S. Bowman,https://openalex.org/W298671964,Tying Arrangements and the Leverage Problem,1957,article,299,512,13,0.583984375,first,Economics and Econometrics,Diverse Scientific and Economic Studies,1,7,5,150
https://openalex.org/A5030760677,Paul Steffens,https://openalex.org/W3123986255,Growing profitable or growing from profits: Putting the horse in front of the cart,2009,article,357,511,23,0.6986301369863014,first,Economics and Econometrics,Firm Innovation and Growth,2,16,9,150
https://openalex.org/A5038092595,Hsing Fang,https://openalex.org/W2093911339,Co‐Kurtosis and Capital Asset Pricing,1997,article,300,511,12,0.5870841487279843,first,Finance,Financial Markets and Investment Strategies,2,6,5,184
https://openalex.org/A5019808962,Álvaro Pedraza,https://openalex.org/W3080055864,Banking sector performance during the COVID-19 crisis,2021,article,354,510,15,0.6941176470588235,middle,Finance,"Banking stability, regulation, efficiency",3,9,6,109
https://openalex.org/A5002713175,Mei‐Chu W. Hsiao,https://openalex.org/W3030498299,"FDI, exports, and GDP in East and Southeast Asia—Panel data versus time-series causality analyses",2006,article,306,510,13,0.6,last,"General Economics, Econometrics and Finance",Global trade and economics,2,8,6,189
https://openalex.org/A5010129912,David A. Stangeland,https://openalex.org/W2088075121,Political elections and the resolution of uncertainty: The international evidence,2000,article,303,510,6,0.5941176470588235,middle,Finance,Financial Markets and Investment Strategies,3,4,3,204
https://openalex.org/A5111505151,Kenneth E. Scott,https://openalex.org/W1514672492,"What Is Systemic Risk, and Do Bank Regulators Retard or Contribute to It?",2003,article,284,510,23,0.5568627450980392,last,Finance,"Banking stability, regulation, efficiency",2,10,8,191
https://openalex.org/A5040944937,Leonardo Bargigli,https://openalex.org/W3124616821,The multiplex structure of interbank networks,2015,article,280,510,35,0.5490196078431373,first,Economics and Econometrics,Complex Systems and Time Series Analysis,3,16,7,127
https://openalex.org/A5009846358,Alain Breton,https://openalex.org/W1574322343,Statistical Analysis of the Fractional Ornstein–Uhlenbeck Type Process,2002,article,268,509,22,0.5265225933202358,last,Finance,Stochastic processes and financial applications,2,12,9,145
https://openalex.org/A5070010675,Wesley Mellow,https://openalex.org/W2089658519,Accuracy of Response in Labor Market Surveys: Evidence and Implications,1983,article,268,508,8,0.5275590551181102,first,Economics and Econometrics,Labor market dynamics and wage inequality,2,7,7,240
https://openalex.org/A5044493272,Rebecca A. Silliman,https://openalex.org/W1984262040,A most stubborn bias: no adjustment method fully resolves confounding by indication in observational studies,2009,article,377,506,6,0.7450592885375494,middle,Economics and Econometrics,"Health Systems, Economic Evaluations, Quality of Life",10,3,3,103
https://openalex.org/A5104491150,Maxime Dougados,https://openalex.org/W2145881672,2014 Update of the EULAR standardised operating procedures for EULAR-endorsed recommendations,2014,article,290,506,23,0.5731225296442688,last,Economics and Econometrics,"Health Systems, Economic Evaluations, Quality of Life",10,8,4,200
https://openalex.org/A5108555528,Jia-Hsi Weng,https://openalex.org/W2904643362,How does energy consumption affect China's urbanization? New evidence from dynamic threshold panel models,2018,article,276,506,4,0.5454545454545454,last,Economics and Econometrics,"Energy, Environment, Economic Growth",3,3,3,230
https://openalex.org/A5063468135,Álvaro Veiga,https://openalex.org/W2884164956,Forecasting Inflation in a Data-Rich Environment: The Benefits of Machine Learning Methods,2019,article,347,505,18,0.6871287128712872,middle,"General Economics, Econometrics and Finance",Monetary Policy and Economic Impact,4,14,8,136
https://openalex.org/A5091620995,P. G. Lakshminarayan,https://openalex.org/W1595995070,Targeting Tools for the Purchase of Environmental Amenities,1997,article,283,505,8,0.5603960396039604,middle,Economics and Econometrics,Economic and Environmental Valuation,4,5,4,213
https://openalex.org/A5058432156,Stefanie Heinzle,https://openalex.org/W2084181413,"Whatever the customer wants, the customer gets? Exploring the gap between consumer preferences and default electricity products in Germany",2012,article,265,505,5,0.5247524752475248,middle,Economics and Econometrics,Economic and Environmental Valuation,3,3,3,169
https://openalex.org/A5027043357,Steven P. Wallace,https://openalex.org/W2443964634,Intersection of Living in a Rural Versus Urban Area and Race/Ethnicity in Explaining Access to Health Care in the United States,2016,article,261,505,16,0.5168316831683168,middle,Economics and Econometrics,Healthcare Policy and Management,5,11,10,207
https://openalex.org/A5109253004,Wayne Katon,https://openalex.org/W2073417639,Common comorbidity scales were similar in their ability to predict health care costs and mortality,2004,article,344,504,6,0.6825396825396826,middle,Economics and Econometrics,"Health Systems, Economic Evaluations, Quality of Life",7,3,3,112
https://openalex.org/A5010994098,Shiwei Hu,https://openalex.org/W3139459276,COVID-19 pandemic and firm performance: Cross-country evidence,2021,article,257,504,10,0.5099206349206349,first,Economics and Econometrics,COVID-19 Pandemic Impacts,2,3,3,225
https://openalex.org/A5003178700,Mario Zeján,https://openalex.org/W2084183268,Trade regimes and spillover effects of FDI: Evidence from Uruguay,2001,article,274,503,13,0.5447316103379721,middle,"General Economics, Econometrics and Finance",Global trade and economics,3,12,7,229
https://openalex.org/A5113092238,André Steffens Moraes,https://openalex.org/W2000983917,Value of recreational fishing in the Brazilian Pantanal: a travel cost analysis using count data models,2002,article,253,503,6,0.5029821073558648,last,Economics and Econometrics,Economic and Environmental Valuation,3,3,3,239
https://openalex.org/A5108421755,Lewis M. Branscomb,https://openalex.org/W1578824769,Valleys of Death and Darwinian Seas: Financing the Invention to Innovation Transition in the United States,2003,article,318,502,11,0.6334661354581673,last,Economics and Econometrics,Innovation Policy and R&D,2,7,5,150
https://openalex.org/A5103962677,Maureen Cropper,https://openalex.org/W2079215593,"Age, health, and the willingness to pay for mortality risk reductions: a contingent valuation survey of Shizuoka, Japan, residents",2007,article,279,502,10,0.5557768924302788,middle,Economics and Econometrics,Economic and Environmental Valuation,6,4,4,114
https://openalex.org/A5104243031,Steven Lewis,https://openalex.org/W2095992711,Overview of a formal scoping review on health system report cards,2010,article,287,501,35,0.5728542914171657,middle,Economics and Econometrics,Healthcare Policy and Management,5,25,17,204
https://openalex.org/A5058538441,Lucas Grafl,https://openalex.org/W2145988440,"Financialisation, income distribution and aggregate demand in the USA",2011,article,271,501,6,0.5409181636726547,last,"General Economics, Econometrics and Finance",Economic Theory and Policy,3,5,5,230
https://openalex.org/A5057592156,Eduardo Zilberman,https://openalex.org/W2884164956,Forecasting Inflation in a Data-Rich Environment: The Benefits of Machine Learning Methods,2019,article,347,500,23,0.694,last,"General Economics, Econometrics and Finance",Monetary Policy and Economic Impact,4,14,8,142
https://openalex.org/A5009615805,Tracey Pérez Koehlmoos,https://openalex.org/W2516915067,What Factors Affect Voluntary Uptake of Community-Based Health Insurance Schemes in Low- and Middle-Income Countries? A Systematic Review and Meta-Analysis,2016,review,262,500,14,0.524,middle,Finance,Healthcare Systems and Reforms,6,6,6,168
https://openalex.org/A5010216687,Jacob Rubæk Holm,https://openalex.org/W2291717633,Firm age and performance,2017,article,256,500,30,0.512,middle,Economics and Econometrics,Firm Innovation and Growth,4,20,9,195
https://openalex.org/A5006829392,David Wittenburg,https://openalex.org/W1985860118,A Reassessment of the New Economics of the Minimum Wage Literature with Monthly Data from the Current Population Survey,2000,article,251,500,16,0.502,last,Economics and Econometrics,Labor market dynamics and wage inequality,3,3,3,103
https://openalex.org/A5041641663,Nicholas Antonakis,https://openalex.org/W1997376466,The dynamics of technological innovation: the case of the pharmaceutical industry,2001,article,337,499,6,0.6753507014028056,last,Economics and Econometrics,Pharmaceutical Economics and Policy,2,4,4,129
https://openalex.org/A5073049601,Niels Wessel,https://openalex.org/W1259078,Practical considerations of permutation entropy,2013,article,331,499,5,0.6633266533066132,last,Economics and Econometrics,Complex Systems and Time Series Analysis,3,3,3,155
https://openalex.org/A5084785688,Uptal D. Patel,https://openalex.org/W2317666770,Chronic kidney disease in low- and middle-income countries,2016,article,318,499,19,0.6372745490981964,last,Finance,Healthcare Systems and Reforms,4,15,5,112
https://openalex.org/A5034916644,John W. Mamer,https://openalex.org/W1988329549,Competitive Equilibrium in an Exchange Economy with Indivisibilities,1997,article,305,498,6,0.6124497991967871,last,Economics and Econometrics,Economic theories and models,2,5,5,193
https://openalex.org/A5077952929,Keizo Takemi,https://openalex.org/W1142621754,Moving towards universal health coverage: lessons from 11 country studies,2015,article,373,497,6,0.7505030181086519,middle,Finance,Healthcare Systems and Reforms,8,4,3,121
https://openalex.org/A5000543875,Orley M. Amos,https://openalex.org/W2070664194,"Structural Slumps: The Modern Equilibrium Theory of Unemployment, Interest, and Assets",1995,article,350,497,19,0.704225352112676,first,"General Economics, Econometrics and Finance",Economic Theory and Policy,2,14,10,125
https://openalex.org/A5048561652,Susan Cunningham,https://openalex.org/W2050426197,Quality of Life and Its Importance in Orthodontics,2001,review,302,497,8,0.607645875251509,first,Economics and Econometrics,"Health Systems, Economic Evaluations, Quality of Life",2,5,4,107
https://openalex.org/A5038834529,Benjamin Feigenberg,https://openalex.org/W2103575548,The Economic Returns to Social Interaction: Experimental Evidence from Microfinance,2013,article,283,497,5,0.5694164989939637,first,Economics and Econometrics,Microfinance and Financial Inclusion,3,3,3,165
https://openalex.org/A5049534188,Searat Ali,https://openalex.org/W3172735755,"Environmental, social and governance disclosure and default risk",2021,article,269,497,16,0.5412474849094567,last,Finance,Credit Risk and Financial Regulations,2,7,6,198
https://openalex.org/A5114148025,Daniel J. Fenn,https://openalex.org/W3121195520,Limit order books,2013,article,294,496,14,0.592741935483871,middle,Economics and Econometrics,Complex Systems and Time Series Analysis,6,12,9,202
https://openalex.org/A5044818025,Christophe Deissenberg,https://openalex.org/W2166990636,EURACE: A massively parallel agent-based model of the European economy,2008,article,287,496,40,0.5786290322580645,first,Economics and Econometrics,Complex Systems and Time Series Analysis,3,30,17,126
https://openalex.org/A5080773788,Alice Hanson Jones,https://openalex.org/W2124755500,American Inequality: A Macroeconomic History,1982,article,321,495,10,0.6484848484848484,first,"General Economics, Econometrics and Finance",Economic Theory and Policy,3,6,4,143
https://openalex.org/A5054004884,Jay Dixon,https://openalex.org/W3144307509,The Robot Revolution: Managerial and Employment Consequences for Firms,2021,article,356,494,10,0.7206477732793523,first,Economics and Econometrics,Firm Innovation and Growth,3,9,7,138
https://openalex.org/A5065191010,Ralph Hippe,https://openalex.org/W2468747762,The long-run impact of human capital on innovation and economic development in the regions of Europe,2018,article,313,494,9,0.6336032388663968,last,Economics and Econometrics,Economic Growth and Productivity,2,7,6,171
https://openalex.org/A5016612088,Xinyi Zhang,https://openalex.org/W3009020762,Railway and road infrastructure in the Belt and Road Initiative countries: Estimating the impact of transport infrastructure on economic growth,2020,article,292,494,6,0.5910931174089069,middle,Economics and Econometrics,Fiscal Policy and Economic Growth,5,4,3,187
https://openalex.org/A5108269612,Thomas Cooley,https://openalex.org/W2890941461,Aggregate Consequences of Limited Contract Enforceability,2004,article,279,493,28,0.565922920892495,first,Economics and Econometrics,Economic theories and models,3,12,7,101
https://openalex.org/A5004798112,Harry DeAngelo,https://openalex.org/W3121893308,"Liquid-claim production, risk management, and bank capital structure: Why high leverage is optimal for banks",2014,article,300,492,10,0.6097560975609756,first,Finance,"Banking stability, regulation, efficiency",2,6,5,188
https://openalex.org/A5015169883,Ashley B. Coffield,https://openalex.org/W2106941839,Greater Use Of Preventive Services In U.S. Health Care Could Save Lives At Little Or No Cost,2010,article,285,491,6,0.5804480651731161,middle,Economics and Econometrics,Healthcare Policy and Management,5,4,3,206
https://openalex.org/A5026155241,Charlene Rohr,https://openalex.org/W2144522533,Using ordered attitudinal indicators in a latent variable choice model: a study of the impact of security on rail travel behaviour,2011,article,275,491,23,0.560081466395112,last,Economics and Econometrics,Economic and Environmental Valuation,5,9,8,129
https://openalex.org/A5058812672,A. James Heins,https://openalex.org/W1986551140,Risk and the Rate of Return on Financial Assets: Some Old Wine in New Bottles,1975,article,271,491,11,0.5519348268839104,last,Finance,Financial Markets and Investment Strategies,2,7,6,164
https://openalex.org/A5080655763,Robert G. Ethier,https://openalex.org/W2038285638,Alternative Non-market Value-Elicitation Methods: Are the Underlying Preferences the Same?,2002,article,260,491,7,0.5295315682281059,middle,Economics and Econometrics,Economic and Environmental Valuation,4,3,3,103
https://openalex.org/A5062617931,F. A. von Hayek,https://openalex.org/W2590149668,An Enquiry into the Nature and Effects of the Paper Credit of Great Britain (1802).,1941,article,319,490,7,0.6510204081632653,last,"General Economics, Econometrics and Finance",Economic Theory and Policy,3,5,4,171
https://openalex.org/A5043212930,Shreekant Gupta,https://openalex.org/W3121858138,Do stock markets penalize environment-unfriendly behaviour? Evidence from India,2004,article,282,490,18,0.5755102040816327,first,Economics and Econometrics,"Energy, Environment, Economic Growth",2,10,7,179
https://openalex.org/A5086320313,Karl-Johan Lundquist,https://openalex.org/W2147334158,The Dynamics of Agglomeration Externalities along the Life Cycle of Industries,2010,article,267,490,17,0.5448979591836735,middle,Economics and Econometrics,Regional Economics and Spatial Analysis,5,10,7,100
https://openalex.org/A5101998573,Jin Xu,https://openalex.org/W3124551975,How Smart Are the Smart Guys? A Unique View from Hedge Fund Stock Holdings,2009,article,326,489,9,0.6666666666666666,last,Finance,Financial Markets and Investment Strategies,2,4,3,156
https://openalex.org/A5049158447,Maria May Seitanidi,https://openalex.org/W2190133787,Enhancing the Impact of Cross-Sector Partnerships,2015,article,295,489,24,0.6032719836400818,middle,Finance,Community Development and Social Impact,4,20,6,194
https://openalex.org/A5110813926,Francesco Audrino,https://openalex.org/W2853380097,The impact of sentiment and attention measures on stock market volatility,2019,article,289,489,14,0.591002044989775,first,Economics and Econometrics,Market Dynamics and Volatility,3,9,8,103
https://openalex.org/A5011313759,Arthur Petit-Romec,https://openalex.org/W3156650419,Investor rewards to environmental responsibility: Evidence from the COVID-19 crisis,2021,article,284,489,18,0.5807770961145194,last,Economics and Econometrics,COVID-19 Pandemic Impacts,2,10,6,102
https://openalex.org/A5014530672,Thomas Busch,https://openalex.org/W3124028486,"The role of implied volatility in forecasting future realized volatility and jumps in foreign exchange, stock, and bond markets",2010,article,314,488,10,0.6434426229508197,first,Finance,Financial Risk and Volatility Modeling,3,7,7,164
https://openalex.org/A5005533367,Ronny Lesthaeghe,https://openalex.org/W245034627,"From the First to the Second Demographic Transition: An Interpretation of the Spatial Continuity of Demographic Innovation in France, Belgium and Switzerland",2002,article,285,487,14,0.5852156057494866,first,Economics and Econometrics,Regional Economics and Spatial Analysis,2,12,5,200
https://openalex.org/A5065998818,Anne Toppinen,https://openalex.org/W2089856083,Price determination in the EU ETS market: Theory and econometric analysis with market fundamentals,2012,article,283,487,13,0.5811088295687885,last,Economics and Econometrics,Climate Change Policy and Economics,3,10,9,138
https://openalex.org/A5056943263,Ruth Rechis,https://openalex.org/W2230964556,"For Working-Age Cancer Survivors, Medical Debt And Bankruptcy Create Financial Hardships",2016,article,264,487,6,0.5420944558521561,middle,Economics and Econometrics,Economic and Financial Impacts of Cancer,10,4,3,223
https://openalex.org/A5035766702,R. Jean Haurin,https://openalex.org/W2126652481,Does Homeownership Affect Child Outcomes?,2002,article,380,486,6,0.7818930041152263,last,Economics and Econometrics,Housing Market and Economics,3,5,4,106
https://openalex.org/A5056047913,Shih‐Lung Shaw,https://openalex.org/W1984963268,Impacts of high speed rail on railroad network accessibility in China,2014,article,291,486,5,0.5987654320987654,first,"General Economics, Econometrics and Finance",Aviation Industry Analysis and Trends,4,3,3,190
https://openalex.org/A5087299999,Ajay Agrawal,https://openalex.org/W2804691590,Exploring the impact of artificial Intelligence: Prediction versus judgment,2019,article,270,486,11,0.5555555555555556,first,Economics and Econometrics,Market Dynamics and Volatility,3,6,5,143
https://openalex.org/A5012001364,Arvind Rangaswamy,https://openalex.org/W2154752153,"First in, First out? The Effects of Network Externalities on Pioneer Survival",2003,article,250,486,6,0.51440329218107,last,Economics and Econometrics,Firm Innovation and Growth,3,4,3,170
https://openalex.org/A5043014422,Syukriy Abdullah,https://openalex.org/W2588488208,Akuntansi Sektor Publik Akuntansi Keuangan Daerah,2017,article,244,486,55,0.5020576131687243,first,Economics and Econometrics,Economic Growth and Fiscal Policies,1,18,17,153
https://openalex.org/A5070259011,Lauri Vuorenkoski,https://openalex.org/W119116990,Finland: Health System Review.,2019,article,306,485,7,0.6309278350515464,middle,Economics and Econometrics,Healthcare Policy and Management,8,6,4,179
https://openalex.org/A5038253682,Beenish Nafees,https://openalex.org/W2296800272,Health state utilities in non–small cell lung cancer: An international study,2016,article,290,485,10,0.5979381443298969,first,Economics and Econometrics,"Health Systems, Economic Evaluations, Quality of Life",5,5,4,169
https://openalex.org/A5074770836,Luigi Infante,https://openalex.org/W3124616821,The multiplex structure of interbank networks,2015,article,280,485,35,0.5773195876288659,middle,Economics and Econometrics,Complex Systems and Time Series Analysis,3,13,10,170
https://openalex.org/A5006952277,Thomas Baumert,https://openalex.org/W2087528072,The determinants of regional innovation in Europe: A combined factorial and regression knowledge production function approach,2010,article,247,485,14,0.5092783505154639,last,Economics and Econometrics,Economic Growth and Productivity,3,5,5,222
https://openalex.org/A5010157189,Julia Bingler,https://openalex.org/W4220918998,Cheap talk and cherry-picking: What ClimateBert has to say on corporate climate risk disclosures,2022,article,245,485,13,0.5051546391752577,first,Finance,Sustainable Finance and Green Bonds,4,6,5,133
https://openalex.org/A5017342774,Mikel Buesa,https://openalex.org/W2087528072,The determinants of regional innovation in Europe: A combined factorial and regression knowledge production function approach,2010,article,247,484,6,0.5103305785123967,first,Economics and Econometrics,Economic Growth and Productivity,3,5,4,237
https://openalex.org/A5060214772,Karine S. Moe,https://openalex.org/W2017912602,Lurking in the shadows: the informal sector and government policy,2003,article,374,483,6,0.7743271221532091,last,Economics and Econometrics,Taxation and Compliance Studies,2,5,5,109
https://openalex.org/A5021099238,Paulo Springer de Freitas,https://openalex.org/W1996470779,Inflation targeting in Brazil: constructing credibility under exchange rate volatility,2003,article,310,483,9,0.6418219461697723,middle,"General Economics, Econometrics and Finance",Monetary Policy and Economic Impact,4,4,4,107
https://openalex.org/A5014105271,Kristofer Dittmer,https://openalex.org/W3010500158,Feasible alternatives to green growth,2020,article,309,483,5,0.639751552795031,last,Economics and Econometrics,Climate Change Policy and Economics,4,4,4,174
https://openalex.org/A5102429654,Kashi Nath Tiwari,https://openalex.org/W1968130023,Economic Growth and the Balance-of-Payments Constraint,1995,article,281,483,18,0.5817805383022774,first,"General Economics, Econometrics and Finance",Economic Theory and Policy,3,12,8,136
https://openalex.org/A5027903192,Jonathan Woetzel,https://openalex.org/W2898707686,"Jobs lost, jobs gained: What the future of work will mean for jobs, skills, and wages",2017,article,347,482,6,0.7199170124481328,middle,Economics and Econometrics,Labor market dynamics and wage inequality,8,5,5,135
https://openalex.org/A5038199503,Michael A. Cusumano,https://openalex.org/W2029694086,Services and the Business Models of Product Firms: An Empirical Analysis of the Software Industry,2012,article,318,482,10,0.6597510373443983,middle,Economics and Econometrics,Firm Innovation and Growth,3,6,3,158
https://openalex.org/A5072649044,Howard A. Stafford,https://openalex.org/W1984342216,"Economics of Agglomeration: Cities, Industrial Location, and Regional Growth",2003,article,277,482,16,0.5746887966804979,first,Economics and Econometrics,Regional Economics and Spatial Analysis,1,13,10,197
https://openalex.org/A5046369072,Pavol Povala,https://openalex.org/W3125013807,Expected Returns in Treasury Bonds,2015,article,270,482,13,0.5601659751037344,last,"General Economics, Econometrics and Finance",Monetary Policy and Economic Impact,2,6,4,110
https://openalex.org/A5020776662,Maureen F. Carney,https://openalex.org/W2099282815,Cost-effectiveness of Practice-Initiated Quality Improvement for Depression,2001,article,340,481,6,0.7068607068607069,middle,Economics and Econometrics,"Health Systems, Economic Evaluations, Quality of Life",9,4,4,136
https://openalex.org/A5013458664,Fahim Al‐Marhubi,https://openalex.org/W2005586443,Export diversification and growth: an empirical investigation,2000,article,293,481,7,0.6091476091476091,first,"General Economics, Econometrics and Finance",Global trade and economics,1,4,4,144
https://openalex.org/A5081458190,A. V. Khomenko,https://openalex.org/W1990932995,Statistical theory of the boundary friction of atomically flat solid surfaces in the presence of a lubricant layer,2012,article,351,480,5,0.73125,first,Economics and Econometrics,Complex Systems and Time Series Analysis,2,3,3,129
https://openalex.org/A5112729388,Cathy Sherbourne,https://openalex.org/W2099282815,Cost-effectiveness of Practice-Initiated Quality Improvement for Depression,2001,article,340,480,5,0.7083333333333334,middle,Economics and Econometrics,"Health Systems, Economic Evaluations, Quality of Life",9,4,4,140
https://openalex.org/A5050121207,Chengyou Li,https://openalex.org/W4320018725,"Digital transformation, risk-taking, and innovation: Evidence from data on listed enterprises in China",2023,article,277,480,13,0.5770833333333333,middle,Economics and Econometrics,Firm Innovation and Growth,4,5,4,105
https://openalex.org/A5100745447,Taewon Kim,https://openalex.org/W1979324838,Default Probabilities for Mortgages,1994,article,246,480,16,0.5125,last,Economics and Econometrics,Housing Market and Economics,3,4,4,123
https://openalex.org/A5011389747,Grégory Jackson,https://openalex.org/W2400782611,Varieties of Capitalism and institutional comparative advantage: A test and reinterpretation,2016,article,243,480,15,0.50625,last,"General Economics, Econometrics and Finance",Global trade and economics,2,7,6,199
https://openalex.org/A5109417022,Michelle Casey,https://openalex.org/W2753282823,"Access To Obstetric Services In Rural Counties Still Declining, With 9 Percent Losing Services, 2004–14",2017,article,323,479,39,0.6743215031315241,middle,Economics and Econometrics,Healthcare Policy and Management,4,36,11,127
https://openalex.org/A5090278036,Veronica Grembi,https://openalex.org/W3122782960,Do Fiscal Rules Matter?,2016,article,295,479,33,0.615866388308977,first,Economics and Econometrics,Fiscal Policies and Political Economy,3,19,13,126
https://openalex.org/A5020726231,Linda Datcher Loury,https://openalex.org/W2056316652,"Some Contacts Are More Equal than Others: Informal Networks, Job Tenure, and Wages",2006,article,284,479,8,0.592901878914405,first,Economics and Econometrics,Labor market dynamics and wage inequality,1,6,5,190
https://openalex.org/A5038044357,Graham Nichol,https://openalex.org/W1562415841,Using and interpreting cost-effectiveness acceptability curves: an example using data from a trial of management strategies for atrial fibrillation,2006,article,278,479,8,0.5803757828810021,last,Economics and Econometrics,"Health Systems, Economic Evaluations, Quality of Life",4,5,3,201
https://openalex.org/A5020924560,Lesley Doyal,https://openalex.org/W2098267128,The causes and effects of socio-demographic exclusions from clinical trials,2005,review,250,479,15,0.5219206680584552,middle,Economics and Econometrics,"Health Systems, Economic Evaluations, Quality of Life",7,10,9,224
https://openalex.org/A5063349276,Ming‐Lang Tseng,https://openalex.org/W3022766640,"Effects of agriculture, renewable energy, and economic growth on carbon dioxide emissions: Evidence of the environmental Kuznets curve",2020,article,305,478,11,0.6380753138075314,last,Economics and Econometrics,"Energy, Environment, Economic Growth",5,4,3,109
https://openalex.org/A5035585648,David Kanter,https://openalex.org/W3040676257,Gaps and opportunities in nitrogen pollution policies around the world,2020,article,246,478,10,0.5146443514644351,first,Economics and Econometrics,Climate Change Policy and Economics,5,6,3,101
https://openalex.org/A5021056215,Martijn Brons,https://openalex.org/W2047295520,Price elasticities of demand for passenger air travel: a meta-analysis,2002,article,357,477,12,0.7484276729559748,first,"General Economics, Econometrics and Finance",Aviation Industry Analysis and Trends,4,9,6,119
https://openalex.org/A5077085997,Syngjoo Choi,https://openalex.org/W3034911428,Socio-demographic factors associated with self-protecting behavior during the Covid-19 pandemic,2021,article,350,477,13,0.7337526205450734,middle,Economics and Econometrics,COVID-19 Pandemic Impacts,7,10,7,127
https://openalex.org/A5066954011,Jim Brumby,https://openalex.org/W1977404191,Investing in public investment: an index of public investment efficiency,2012,article,333,477,8,0.6981132075471698,middle,Economics and Econometrics,Fiscal Policy and Economic Growth,5,7,6,144
https://openalex.org/A5002687453,William A. Fischer,https://openalex.org/W2133067791,Firm size and dynamic technological innovation,2002,article,318,477,17,0.6666666666666666,last,Economics and Econometrics,Firm Innovation and Growth,3,8,6,115
https://openalex.org/A5086908958,Falko Paetzold,https://openalex.org/W4295419360,Do Investors Care about Impact?,2022,article,279,476,11,0.5861344537815126,middle,Economics and Econometrics,Economic and Environmental Valuation,4,7,5,158
https://openalex.org/A5022769644,Stefano Brusoni,https://openalex.org/W2035496725,In defence of the linear model: An essay,2009,article,355,475,9,0.7473684210526316,middle,Economics and Econometrics,Innovation Policy and R&D,3,7,6,120
https://openalex.org/A5112603679,Roque B. Fernández,https://openalex.org/W2071896250,Returns to Regionalism: An Analysis of Nontraditional Gains from Regional Trade Agreements,1998,article,311,475,37,0.6547368421052632,first,"General Economics, Econometrics and Finance",Global trade and economics,2,22,11,136
https://openalex.org/A5029607402,Achim Schmillen,https://openalex.org/W44284924,The scars of youth: Effects of early‐career unemployment on future unemployment experience,2017,article,307,475,30,0.6463157894736842,first,Economics and Econometrics,Labor market dynamics and wage inequality,2,15,13,120
https://openalex.org/A5064273736,Tim Adam,https://openalex.org/W3121880194,THE INVESTMENT OPPORTUNITY SET AND ITS PROXY VARIABLES,2008,article,303,475,16,0.6378947368421053,first,Finance,Capital Investment and Risk Analysis,2,3,3,105
https://openalex.org/A5109005344,Howard R. Smith,https://openalex.org/W2036562478,Banks and Politics in America from the Revolution to the Civil War,1958,article,290,475,11,0.6105263157894737,first,"General Economics, Econometrics and Finance",Economic Theory and Policy,2,8,4,108
https://openalex.org/A5027413655,George R. Feiwel,https://openalex.org/W2531100906,RIVISTA INTERNAZIONALE DI SCIENZE ECONOMICHE E COMMERCIALI,2016,article,299,474,33,0.630801687763713,first,Economics and Econometrics,Italy: Economic History and Contemporary Issues,4,32,17,175
https://openalex.org/A5016356761,Joon‐Ho Hahm,https://openalex.org/W2247286445,Noncore Bank Liabilities and Financial Vulnerability,2013,article,274,474,20,0.5780590717299579,first,Finance,"Banking stability, regulation, efficiency",3,16,13,199
https://openalex.org/A5034962106,Melissa B. Frye,https://openalex.org/W2093458066,Do Female Mutual Fund Managers Manage Differently?,2003,article,346,473,10,0.7315010570824524,last,Finance,Financial Markets and Investment Strategies,3,4,4,114
https://openalex.org/A5062445386,Pablo Federico,https://openalex.org/W3124820269,Bank funding structures and risk: Evidence from the global financial crisis,2015,article,298,473,11,0.6300211416490487,last,Finance,"Banking stability, regulation, efficiency",2,10,6,175
https://openalex.org/A5008017533,Spencer Phillips Hey,https://openalex.org/W2947583588,Assessment of the Clinical Benefit of Cancer Drugs Receiving Accelerated Approval,2019,review,279,473,10,0.5898520084566596,middle,Economics and Econometrics,"Health Systems, Economic Evaluations, Quality of Life",3,4,4,164
https://openalex.org/A5051078665,Jianfeng Wu,https://openalex.org/W2615849458,The birth of edge cities in China: Measuring the effects of industrial parks policy,2017,article,251,473,11,0.5306553911205074,middle,Economics and Econometrics,Regional Economics and Spatial Analysis,4,5,4,138
https://openalex.org/A5082906381,M. Babu,https://openalex.org/W2549149772,Does financial development intensify energy consumption in Saudi Arabia?,2016,article,242,473,52,0.5116279069767442,middle,Economics and Econometrics,"Energy, Environment, Economic Growth",4,16,11,129
https://openalex.org/A5078304613,Jason R. Fitzsimmons,https://openalex.org/W3123986255,Growing profitable or growing from profits: Putting the horse in front of the cart,2009,article,357,472,9,0.7563559322033898,last,Economics and Econometrics,Firm Innovation and Growth,2,7,7,115
https://openalex.org/A5004359821,Albert Mentink,https://openalex.org/W3121869186,Comparing possible proxies of corporate bond liquidity,2004,article,320,472,5,0.6779661016949152,middle,Finance,Credit Risk and Financial Regulations,3,4,3,152
https://openalex.org/A5070084480,Delores A. Conway,https://openalex.org/W2043240804,A Spatial Autocorrelation Approach for Examining the Effects of Urban Greenspace on Residential Property Values,2008,article,279,472,6,0.5911016949152542,first,Economics and Econometrics,Housing Market and Economics,5,5,5,193
https://openalex.org/A5015014969,Raymond E. Owens,https://openalex.org/W4240122295,Housing Externalities,2010,article,239,471,32,0.5074309978768577,last,Economics and Econometrics,Housing Market and Economics,3,26,15,212
https://openalex.org/A5109944534,Lionel H. Opie,https://openalex.org/W2159469510,Cardiovascular disease prevention with a multidrug regimen in the developing world: a cost-effectiveness analysis,2006,review,272,470,7,0.5787234042553191,middle,Economics and Econometrics,"Health Systems, Economic Evaluations, Quality of Life",3,5,3,192
https://openalex.org/A5039164211,Betty Chaar,https://openalex.org/W2943597722,The impacts of medication shortages on patient outcomes: A scoping review,2019,review,236,470,13,0.502127659574468,middle,Economics and Econometrics,Pharmaceutical Economics and Policy,5,11,9,213
https://openalex.org/A5111574662,Douglas P. Wagner,https://openalex.org/W2176123686,An evaluation of outcome from intensive care in major medical centers,1988,article,312,469,15,0.6652452025586354,middle,Economics and Econometrics,"Health Systems, Economic Evaluations, Quality of Life",4,5,4,114
https://openalex.org/A5005750097,Andrew Kirby,https://openalex.org/W4321377775,Exploratory Bibliometrics: Using VOSviewer as a Preliminary Research Tool,2023,article,306,469,16,0.652452025586354,first,Economics and Econometrics,Economic and Technological Innovation,1,15,12,163
https://openalex.org/A5091315943,Georges Tsafack,https://openalex.org/W2728863691,Dependence structure and extreme comovements in international equity and bond markets,2011,article,266,469,17,0.5671641791044776,last,Finance,Financial Risk and Volatility Modeling,2,7,6,134
https://openalex.org/A5086363222,Elmar Brähler,https://openalex.org/W1975923077,The quality of life questionnaire EQ-5D-5L: psychometric properties and normative values for the general German population,2013,article,249,469,10,0.5309168443496801,last,Economics and Econometrics,"Health Systems, Economic Evaluations, Quality of Life",5,8,3,206
https://openalex.org/A5065836769,Robert B. Thompson,https://openalex.org/W3124301289,Excess Returns to R&amp;D-Intensive Firms,2002,article,248,469,17,0.5287846481876333,last,Finance,Financial Markets and Investment Strategies,3,5,4,159
https://openalex.org/A5109978351,Julia Campos,https://openalex.org/W2034287017,Cointegration tests in the presence of structural breaks,1996,article,254,468,11,0.5427350427350427,first,"General Economics, Econometrics and Finance",Monetary Policy and Economic Impact,3,8,7,150
https://openalex.org/A5074509581,Santosh Anagol,https://openalex.org/W3122652718,Understanding the Advice of Commissions-Motivated Agents: Evidence from the Indian Life Insurance Market,2016,article,252,468,17,0.5384615384615384,first,Economics and Econometrics,Insurance and Financial Risk Management,3,7,7,183
https://openalex.org/A5006034181,Pierre Jinghong Liang,https://openalex.org/W1930256002,"Informational Feedback, Adverse Selection, and Optimal Disclosure Policy",2013,article,242,468,10,0.5170940170940171,last,Finance,Financial Markets and Investment Strategies,2,6,4,178
https://openalex.org/A5023012490,Ted Robert Gurr,https://openalex.org/W1570837340,State Failure Task Force Report: Phase II Findings,1999,article,329,467,17,0.7044967880085653,middle,"General Economics, Econometrics and Finance","Economic, financial, and policy analysis",8,13,4,138
https://openalex.org/A5029498532,Øystein Gjerde,https://openalex.org/W1969955087,"Causal relations among stock returns and macroeconomic variables in a small, open economy",1999,article,289,467,11,0.6188436830835118,first,Economics and Econometrics,Market Dynamics and Volatility,2,7,6,143
https://openalex.org/A5043154719,Rob van den Goorbergh,https://openalex.org/W3122512457,An Anatomy of Commodity Futures Risk Premia,2013,article,335,466,11,0.7188841201716738,last,Economics and Econometrics,Market Dynamics and Volatility,4,9,7,131
https://openalex.org/A5062354811,Mary Zephirin,https://openalex.org/W3123435625,"Bank Consolidation, Internationalization, and Conglomeration: Trends and Implications for Financial Risk",2004,article,296,466,6,0.6351931330472103,last,Finance,"Banking stability, regulation, efficiency",4,5,5,170
https://openalex.org/A5091866202,Yang Fu,https://openalex.org/W3114233075,Does the low-carbon city policy make a difference? Empirical evidence of the pilot scheme in China with DEA and PSM-DID,2020,article,234,465,15,0.5032258064516129,first,Economics and Econometrics,"Energy, Environment, Economic Growth",3,9,5,136
https://openalex.org/A5018963320,Sunil V. Rao,https://openalex.org/W2056697517,Registry-based randomized clinical trials—a new clinical trial paradigm,2015,review,333,464,14,0.7176724137931034,middle,Economics and Econometrics,"Health Systems, Economic Evaluations, Quality of Life",3,7,5,115
https://openalex.org/A5083816244,D. Roderick Kiewiet,https://openalex.org/W1892437193,Constitutional Limitations on Borrowing: An Analysis of State Bonded Indebtedness,1996,article,295,464,16,0.6357758620689655,first,Economics and Econometrics,Fiscal Policies and Political Economy,2,6,3,103
https://openalex.org/A5039303599,Barbara F. Reskin,https://openalex.org/W1993337037,A Sociological Perspective on Gender and Career Outcomes,2005,article,274,464,4,0.5905172413793104,first,Economics and Econometrics,Labor market dynamics and wage inequality,2,3,3,190
https://openalex.org/A5113598039,C. Shane Reese,https://openalex.org/W2021663820,A Bayesian operationalization of the resource‐based view,2004,article,273,464,9,0.5883620689655172,last,Economics and Econometrics,Economic Theory and Institutions,3,5,5,142
https://openalex.org/A5067293618,Rachel Nuzum,https://openalex.org/W768904711,The Affordable Care Act at 5 Years,2015,article,261,464,15,0.5625,last,Economics and Econometrics,Healthcare Policy and Management,3,13,9,150
https://openalex.org/A5109175559,Vijaya B. Marisetty,https://openalex.org/W2981232216,Financial inclusion and poverty: a tale of forty-five thousand households,2019,article,236,464,34,0.5086206896551724,last,Economics and Econometrics,Microfinance and Financial Inclusion,2,26,15,217
https://openalex.org/A5027744467,Edward Driffill,https://openalex.org/W2031583240,Social Corporatism: A Superior Economic System?,1994,article,268,463,34,0.5788336933045356,first,Economics and Econometrics,Economic Theory and Institutions,4,16,11,146
https://openalex.org/A5049809891,Thomas M. Porcano,https://openalex.org/W1974945896,The relation between national cultural dimensions and tax evasion,2007,article,258,463,5,0.5572354211663066,last,Economics and Econometrics,Taxation and Compliance Studies,3,4,3,205
https://openalex.org/A5076146017,Farid Gasmi,https://openalex.org/W2088108260,E<scp>conometric</scp>A<scp>nalysis</scp><scp>of</scp>C<scp>ollusive</scp>B<scp>ehavior</scp><scp>in a</scp>S<scp>oft</scp>‐D<scp>rink</scp>M<scp>arket</scp>,1992,article,257,463,24,0.5550755939524838,first,Economics and Econometrics,Merger and Competition Analysis,3,4,4,110
https://openalex.org/A5029336188,Tatyana Koreshkova,https://openalex.org/W2150522245,How Important Is Human Capital? A Quantitative Theory Assessment of World Income Inequality,2010,article,239,463,7,0.5161987041036717,middle,Economics and Econometrics,Economic Growth and Productivity,3,6,5,224
https://openalex.org/A5012395891,Seraphim Alvanides,https://openalex.org/W2097749724,Determinants of urban sprawl in European cities,2015,article,289,462,9,0.6255411255411255,middle,Economics and Econometrics,Spatial and Panel Data Analysis,3,6,5,165
https://openalex.org/A5069253160,Diane Pierret,https://openalex.org/W3121310470,Testing macroprudential stress tests: The risk of regulatory risk weights,2014,article,265,462,17,0.5735930735930735,last,Finance,"Banking stability, regulation, efficiency",3,7,6,152
https://openalex.org/A5085116041,Kiyoshi Kuga,https://openalex.org/W2072060617,Additivity and the entropy concept: An axiomatic approach to inequality measurement,1981,article,243,462,22,0.525974025974026,last,Economics and Econometrics,Complex Systems and Time Series Analysis,2,12,11,211
https://openalex.org/A5001203491,Shona Fielding,https://openalex.org/W2954593888,Methodology and reporting characteristics of studies using interrupted time series design in healthcare,2019,article,233,461,7,0.5054229934924078,middle,Economics and Econometrics,"Health Systems, Economic Evaluations, Quality of Life",3,6,4,228
https://openalex.org/A5036652503,Benjamin N. Roin,https://openalex.org/W2107077262,Do Firms Underinvest in Long-Term Research? Evidence from Cancer Clinical Trials,2015,article,292,460,9,0.6347826086956522,middle,Economics and Econometrics,Innovation Policy and R&D,3,6,5,167
https://openalex.org/A5022866002,Chris Sutton,https://openalex.org/W3109269546,Determining sample size for progression criteria for pragmatic pilot RCTs: the hypothesis test strikes back!,2021,article,305,459,14,0.664488017429194,middle,Economics and Econometrics,"Health Systems, Economic Evaluations, Quality of Life",6,12,3,154
https://openalex.org/A5090751233,Nancy Olewiler,https://openalex.org/W2007513688,Environmental Policy when Market Structure and Plant Locations Are Endogenous,1993,article,302,459,20,0.6579520697167756,last,"General Economics, Econometrics and Finance",Global trade and economics,3,10,6,122
https://openalex.org/A5020247420,Fabio Saracco,https://openalex.org/W3134795567,The physics of financial networks,2021,review,252,459,13,0.5490196078431373,middle,Economics and Econometrics,Complex Systems and Time Series Analysis,9,7,4,189
https://openalex.org/A5006629975,Rastin Matin,https://openalex.org/W4383645781,Dissecting climate risks: Are they reflected in stock prices?,2023,article,310,458,4,0.6768558951965066,middle,Economics and Econometrics,Market Dynamics and Volatility,3,3,3,148
https://openalex.org/A5002076658,Yajie Liu,https://openalex.org/W3139534736,How technological innovation impacts urban green economy efficiency in emerging economies: A case study of 278 Chinese cities,2021,article,287,457,11,0.6280087527352297,first,Economics and Econometrics,"Energy, Environment, Economic Growth",2,7,5,136
https://openalex.org/A5048371024,Richard S. Katz,https://openalex.org/W2027408464,From Catch-all Politics to Cartelisation: The Political Economy of the Cartel Party,2004,article,268,457,19,0.5864332603938731,last,Economics and Econometrics,Economic Theory and Institutions,2,10,8,162
https://openalex.org/A5059787782,William R. Parke,https://openalex.org/W2068493768,What is Fractional Integration?,1999,article,229,456,15,0.5021929824561403,first,"General Economics, Econometrics and Finance",Monetary Policy and Economic Impact,1,10,9,188
https://openalex.org/A5015962652,Amna Saeed,https://openalex.org/W3178673937,"Drug Shortage: Causes, Impact, and Mitigation Strategies",2021,review,281,454,15,0.6189427312775331,middle,Economics and Econometrics,Pharmaceutical Economics and Policy,10,8,6,126
https://openalex.org/A5102325011,Jiaquan Yao,https://openalex.org/W3212557691,Investor Attention and Stock Returns,2021,article,271,454,12,0.5969162995594713,middle,Finance,Financial Markets and Investment Strategies,4,7,5,101
https://openalex.org/A5065362435,Saira Naseer,https://openalex.org/W4318472692,COVID-19 outbreak: Impact on global economy,2023,review,344,453,6,0.7593818984547461,first,Economics and Econometrics,COVID-19 Pandemic Impacts,6,4,3,109
https://openalex.org/A5040394450,Michael Walker,https://openalex.org/W2107680812,Repo Runs: Evidence from the Tri‐Party Repo Market,2014,article,323,453,9,0.7130242825607064,last,Finance,"Banking stability, regulation, efficiency",3,6,5,129
https://openalex.org/A5101872031,Jihong Zhang,https://openalex.org/W3002552644,Emissions trading system (ETS) implementation and its collaborative governance effects on air pollution: The China story,2020,article,250,453,13,0.5518763796909493,middle,Economics and Econometrics,Climate Change Policy and Economics,4,4,4,127
https://openalex.org/A5112485862,Abraham Hollander,https://openalex.org/W1982669751,Duopoly and quality standards,1995,article,308,451,33,0.6829268292682927,last,Economics and Econometrics,Merger and Competition Analysis,2,21,10,106
https://openalex.org/A5074535977,Aamir Rafique Hashmi,https://openalex.org/W3121880742,Competition and Innovation: The Inverted-U Relationship Revisited,2013,article,304,451,16,0.6740576496674058,first,"General Economics, Econometrics and Finance",Global trade and economics,1,12,7,138
https://openalex.org/A5111410100,Susan Brien,https://openalex.org/W2095992711,Overview of a formal scoping review on health system report cards,2010,article,287,451,8,0.6363636363636364,first,Economics and Econometrics,Healthcare Policy and Management,5,5,5,154
https://openalex.org/A5048044863,Hans Bressers,https://openalex.org/W2030975834,Productivity growth and environmental regulations - accounting for undesirable outputs: Analysis of China's thirty provincial regions using the Malmquist–Luenberger index,2011,article,263,451,11,0.5831485587583148,middle,Economics and Econometrics,"Energy, Environment, Economic Growth",4,3,3,141
https://openalex.org/A5086379302,Murali Patibandla,https://openalex.org/W2108477821,Role of Transnational Corporations in the Evolution of a High-Tech Industry: The Case of India's Software Industry,2002,article,238,450,51,0.5288888888888889,first,Economics and Econometrics,Firm Innovation and Growth,2,26,11,140
https://openalex.org/A5052391736,Geng Huang,https://openalex.org/W4206150715,Robot adoption and energy performance: Evidence from Chinese industrial firms,2022,article,226,450,24,0.5022222222222222,first,Economics and Econometrics,"Energy, Environment, Economic Growth",3,4,4,146
https://openalex.org/A5028097998,Henrick J. Harwood,https://openalex.org/W3216472800,"Updating estimates of the economic costs of alcohol abuse in the United States : estimates, update methods, and data",2000,article,298,449,11,0.6636971046770601,first,Economics and Econometrics,Healthcare Policy and Management,1,5,3,107
https://openalex.org/A5103133865,Michael Pine,https://openalex.org/W2102906857,Enhancement of Claims Data to Improve Risk Adjustment of Hospital Mortality,2007,article,280,449,18,0.623608017817372,first,Economics and Econometrics,Healthcare Policy and Management,9,12,9,124
https://openalex.org/A5028459927,Simon H. Babbs,https://openalex.org/W2044140988,Kalman Filtering of Generalized Vasicek Term Structure Models,1999,article,266,449,14,0.5924276169265034,first,Finance,Stochastic processes and financial applications,2,7,7,112
https://openalex.org/A5022505218,Donald John Roberts,https://openalex.org/W2048923988,The Incentives for Price-Taking Behavior in Large Exchange Economies,1976,article,299,448,7,0.6674107142857143,first,Finance,Financial Markets and Investment Strategies,2,5,4,125
https://openalex.org/A5043893464,Zhigang Chen,https://openalex.org/W3209163909,Can Green Finance Development Reduce Carbon Emissions? Empirical Evidence from 30 Chinese Provinces,2021,article,256,448,13,0.5714285714285714,last,Economics and Econometrics,"Energy, Environment, Economic Growth",2,7,5,134
https://openalex.org/A5086941436,Glenn Yago,https://openalex.org/W3124713177,A Cross‐Country Analysis of the Bank Supervisory Framework and Bank Performance,2003,article,231,447,19,0.5167785234899329,last,Finance,"Banking stability, regulation, efficiency",4,11,8,159
https://openalex.org/A5082550825,Xiang Yu,https://openalex.org/W3005012474,How urban agglomeration improve the emission efficiency？A spatial econometric analysis of the Yangtze River Delta urban agglomeration in China,2020,article,263,446,9,0.5896860986547086,first,Economics and Econometrics,"Energy, Environment, Economic Growth",5,4,4,130
https://openalex.org/A5068436796,Luis Alfonso Dau,https://openalex.org/W1965618612,To formalize or not to formalize: Entrepreneurship and pro-market institutions,2014,article,324,445,14,0.7280898876404495,first,Economics and Econometrics,Taxation and Compliance Studies,2,6,5,115
https://openalex.org/A5086534044,Sudarshan Jayaraman,https://openalex.org/W3124870800,The source of information in prices and investment-price sensitivity,2017,article,282,445,13,0.6337078651685393,middle,Finance,Financial Markets and Investment Strategies,3,9,8,148
https://openalex.org/A5061577302,Malay Bhattacharyya,https://openalex.org/W2911167825,"Do the emerging stock markets react to international economic policy uncertainty, geopolitical risk and financial stress alike?",2019,article,248,445,16,0.5573033707865168,last,Economics and Econometrics,Market Dynamics and Volatility,3,10,8,170
https://openalex.org/A5000786758,Ian Appel,https://openalex.org/W3125715597,The Limits of Limited Liability: Evidence from Industrial Pollution,2020,article,230,445,7,0.5168539325842697,last,Economics and Econometrics,"Law, Economics, and Judicial Systems",2,5,5,195
https://openalex.org/A5054220825,Hilde De Graeve,https://openalex.org/W3102641549,"Size, composition and distribution of health workforce in India: why, and where to invest?",2021,article,225,445,6,0.5056179775280899,middle,Finance,Healthcare Systems and Reforms,8,3,3,177
https://openalex.org/A5009550607,Dominic King,https://openalex.org/W2966463951,Changing health behaviors using financial incentives: a review from behavioral economics,2019,review,324,444,5,0.7297297297297297,middle,Economics and Econometrics,Healthcare Policy and Management,4,4,4,120
https://openalex.org/A5103001340,Yao Pan,https://openalex.org/W3016416992,Does China's carbon emission trading policy have an employment double dividend and a Porter effect?,2020,article,287,444,7,0.6463963963963963,last,Economics and Econometrics,"Energy, Environment, Economic Growth",3,4,3,154
https://openalex.org/A5103962305,Sarah Wolf,https://openalex.org/W3143390523,The European Green Deal — More Than Climate Neutrality,2021,article,273,444,11,0.6148648648648649,first,Economics and Econometrics,Climate Change Policy and Economics,5,8,7,171
https://openalex.org/A5001266084,João Ejarque,https://openalex.org/W1994191026,Financial frictions and investment: requiem in Q,2003,article,267,444,30,0.6013513513513513,last,Economics and Econometrics,Economic theories and models,2,13,11,122
https://openalex.org/A5025139356,Berber Kramer,https://openalex.org/W3081303872,Impacts of a national lockdown on smallholder farmers’ income and food security: Empirical evidence from two states in India,2020,article,261,444,17,0.5878378378378378,last,Economics and Econometrics,COVID-19 Pandemic Impacts,3,9,8,101
https://openalex.org/A5016560406,Frank van Lerven,https://openalex.org/W3134177855,"Finance, climate-change and radical uncertainty: Towards a precautionary approach to financial policy",2021,article,259,444,9,0.5833333333333334,last,Finance,Sustainable Finance and Green Bonds,3,6,6,115
https://openalex.org/A5036157943,Shelby Stewman,https://openalex.org/W2058334882,Careers and Organizational Labor Markets: Demographic Models of Organizational Behavior,1983,article,253,444,6,0.5698198198198198,first,Economics and Econometrics,Labor market dynamics and wage inequality,2,4,4,113
https://openalex.org/A5004127248,Juan Ospina,https://openalex.org/W3121132650,Exposure to Grocery Prices and Inflation Expectations,2020,article,328,443,9,0.7404063205417607,middle,Economics and Econometrics,Housing Market and Economics,4,8,4,115
https://openalex.org/A5055677134,Govind S. Iyer,https://openalex.org/W2519907204,"Tax compliance in a social setting: The influence of social norms, trust in government, and perceived fairness on taxpayer compliance",2016,article,223,443,17,0.5033860045146726,last,Economics and Econometrics,Taxation and Compliance Studies,2,11,11,183
https://openalex.org/A5032291249,Martí Mestieri,https://openalex.org/W3119144077,Structural Change With Long‐Run Income and Price Effects,2021,article,274,442,45,0.6199095022624435,last,Economics and Econometrics,Economic theories and models,3,29,19,142
https://openalex.org/A5085313006,Sean Pecknold,https://openalex.org/W2074690839,"Multifractal analysis and modeling of rainfall and river flows and scaling, causal transfer functions",1996,article,340,441,5,0.7709750566893424,last,Economics and Econometrics,Complex Systems and Time Series Analysis,5,3,3,100
https://openalex.org/A5049436980,Ömer Açıkgöz,https://openalex.org/W3015367197,The early impact of the Covid-19 pandemic on the global and Turkish economy,2020,review,313,441,13,0.7097505668934241,first,Economics and Econometrics,COVID-19 Pandemic Impacts,2,11,6,116
https://openalex.org/A5008125794,Getaw Tadesse,https://openalex.org/W2023936764,Drivers and triggers of international food price spikes and volatility,2013,article,287,441,6,0.6507936507936508,first,Economics and Econometrics,Market Dynamics and Volatility,4,3,3,137
https://openalex.org/A5051656690,Jordan M. VanLare,https://openalex.org/W2047517388,Value-Based Purchasing — National Programs to Move from Volume to Value,2012,article,270,441,6,0.6122448979591837,first,Economics and Econometrics,Healthcare Policy and Management,2,4,4,116
https://openalex.org/A5008938332,William E. Scheckler,https://openalex.org/W2049734442,Understanding physicians' intentions to withdraw from practice,2010,article,316,440,14,0.7181818181818181,middle,Economics and Econometrics,Healthcare Policy and Management,8,13,5,124
https://openalex.org/A5056063783,Ethan Bueno de Mesquita,https://openalex.org/W2170793548,Disentangling Accountability and Competence in Elections: Evidence from U.S. Term Limits,2011,article,288,440,6,0.6545454545454545,middle,Economics and Econometrics,Fiscal Policies and Political Economy,3,4,4,136
https://openalex.org/A5052055564,Juan Zalduendo,https://openalex.org/W4241301991,Surges,2013,article,276,440,38,0.6272727272727273,last,Finance,Global Financial Crisis and Policies,4,35,14,156
https://openalex.org/A5080274872,Alan Peters,https://openalex.org/W1967917512,The Failures of Economic Development Incentives,2004,article,276,440,11,0.6272727272727273,first,Economics and Econometrics,Fiscal Policy and Economic Growth,2,9,7,141
https://openalex.org/A5027444336,William R. Dillon,https://openalex.org/W2044001430,Extending Discrete Choice Models to Incorporate Attitudinal and Other Latent Variables,2002,article,269,440,9,0.6113636363636363,middle,Economics and Econometrics,Economic and Environmental Valuation,3,6,5,166
https://openalex.org/A5009841008,Andrei Yakovlev,https://openalex.org/W2038364265,The evolution of business – state interaction in Russia: From state capture to business capture?,2006,article,221,440,36,0.5022727272727273,first,Economics and Econometrics,Taxation and Compliance Studies,1,10,7,131
https://openalex.org/A5111884278,Gerard Whelan,https://openalex.org/W2091814890,Twenty Years of Rail Crowding Valuation Studies: Evidence and Lessons from British Experience,2010,article,285,439,6,0.6492027334851936,last,Economics and Econometrics,Economic and Environmental Valuation,2,5,5,154
https://openalex.org/A5061541124,Arthur G. Korteweg,https://openalex.org/W2329976112,"Sequential Learning, Predictability, and Optimal Portfolio Returns",2013,article,224,439,15,0.510250569476082,middle,Finance,Financial Markets and Investment Strategies,3,10,8,166
https://openalex.org/A5086840307,Candice Chen,https://openalex.org/W1976931489,Spending Patterns in Region of Residency Training and Subsequent Expenditures for Care Provided by Practicing Physicians for Medicare Beneficiaries,2014,article,224,439,11,0.510250569476082,first,Economics and Econometrics,Healthcare Policy and Management,5,3,3,155
https://openalex.org/A5015582588,Géomina Turlea,https://openalex.org/W1968536645,The drivers and impediments for cross-border e-commerce in the EU,2014,article,318,438,14,0.726027397260274,last,"General Economics, Econometrics and Finance",Global trade and economics,3,13,11,120
https://openalex.org/A5067309255,Jahanara Zaman,https://openalex.org/W3123435625,"Bank Consolidation, Internationalization, and Conglomeration: Trends and Implications for Financial Risk",2004,article,296,438,9,0.6757990867579908,middle,Finance,"Banking stability, regulation, efficiency",4,8,4,142
https://openalex.org/A5034020293,Martin Heidenreich,https://openalex.org/W1977193347,Innovation patterns and location of European low- and medium-technology industries,2008,article,280,438,12,0.639269406392694,first,Economics and Econometrics,Innovation Policy and R&D,1,7,3,150
https://openalex.org/A5031328415,Zsuzsanna Csereklyei,https://openalex.org/W195794512,Energy and Economic Growth: The Stylized Facts,2016,article,226,438,20,0.5159817351598174,first,Economics and Econometrics,"Energy, Environment, Economic Growth",3,9,6,188
https://openalex.org/A5017400349,Maria Gerhardt,https://openalex.org/W3121930042,Bank/sovereign risk spillovers in the European debt crisis,2013,article,285,437,9,0.6521739130434783,middle,Finance,Credit Risk and Financial Regulations,4,5,5,115
https://openalex.org/A5002564109,Winford H. Masanjala,https://openalex.org/W2069111122,Rough and lonely road to prosperity: a reexamination of the sources of growth in Africa using Bayesian model averaging,2008,article,255,437,7,0.5835240274599542,first,Economics and Econometrics,Economic Growth and Productivity,2,5,5,182
https://openalex.org/A5046705740,Mette Lykke Nielsen,https://openalex.org/W59657012,The Impact of Capital Requirements on Bank Lending,2014,article,235,437,7,0.5377574370709383,middle,Finance,"Banking stability, regulation, efficiency",6,5,5,172
https://openalex.org/A5068848192,Douglason G. Omotor,https://openalex.org/W1987828321,Environmental quality and economic growth: Searching for environmental Kuznets curves for air and water pollutants in Africa,2011,article,224,437,16,0.5125858123569794,last,Economics and Econometrics,"Energy, Environment, Economic Growth",2,11,11,164
https://openalex.org/A5035532751,Dean Lacy,https://openalex.org/W2165827202,"A Theory of Economic Sanctions and Issue Linkage: The Roles of Preferences, Information, and Threats",2004,article,221,437,7,0.505720823798627,first,Economics and Econometrics,Economic Sanctions and International Relations,2,6,6,216
https://openalex.org/A5081753565,Roger Spear,https://openalex.org/W2119961455,THE GOVERNANCE CHALLENGES OF SOCIAL ENTERPRISES: EVIDENCE FROM A UK EMPIRICAL STUDY,2009,article,269,436,14,0.6169724770642202,first,Finance,Community Development and Social Impact,3,4,4,108
https://openalex.org/A5067775379,Ariel Ortiz‐Bobea,https://openalex.org/W4385574626,Temperature shocks and industry earnings news,2023,article,252,435,10,0.5793103448275863,last,Economics and Econometrics,Market Dynamics and Volatility,3,7,6,177
https://openalex.org/A5059283902,Markus S. Schwaiger,https://openalex.org/W2028594183,"How loan portfolio diversification affects risk, efficiency and capitalization: A managerial behavior model for Austrian banks",2009,article,227,435,20,0.5218390804597701,middle,Finance,"Banking stability, regulation, efficiency",3,15,7,185
https://openalex.org/A5080671249,R Pokras,https://openalex.org/W2417807721,Design and operation of the National Hospital Discharge Survey: 1988 redesign.,2000,article,220,435,10,0.5057471264367817,last,Economics and Econometrics,Healthcare Policy and Management,2,9,8,215
https://openalex.org/A5100695762,Qinghai Li,https://openalex.org/W4320018725,"Digital transformation, risk-taking, and innovation: Evidence from data on listed enterprises in China",2023,article,277,434,11,0.6382488479262672,last,Economics and Econometrics,Firm Innovation and Growth,4,4,4,124
https://openalex.org/A5010902700,Frank Lorimer,https://openalex.org/W2802583662,The Demography of Tropical Africa,1968,article,262,434,8,0.6036866359447005,middle,Economics and Econometrics,HIV/AIDS Impact and Responses,8,7,4,172
https://openalex.org/A5040058876,Boaz Moselle,https://openalex.org/W2032493405,Coalition and Party Formation in a Legislative Voting Game,2002,article,239,434,7,0.5506912442396313,last,Economics and Econometrics,Game Theory and Voting Systems,2,6,6,195
https://openalex.org/A5047523436,C.K. Chau,https://openalex.org/W2142069188,A choice experiment to estimate the effect of green experience on preferences and willingness-to-pay for green building attributes,2010,article,226,434,6,0.5207373271889401,first,Economics and Econometrics,Economic and Environmental Valuation,3,5,4,208
https://openalex.org/A5077123885,Greg R. Alexander,https://openalex.org/W4300998997,Quantifying the adequacy of prenatal care: a comparison of indices.,2020,article,312,433,5,0.7205542725173211,first,Economics and Econometrics,Healthcare Policy and Management,1,4,4,121
https://openalex.org/A5086046634,Wilhelm Althammer,https://openalex.org/W3000930012,Environmental regulation and innovation in renewable energy technologies: Does the policy instrument matter?,2020,article,284,433,15,0.6558891454965358,middle,Economics and Econometrics,"Energy, Environment, Economic Growth",3,13,9,147
https://openalex.org/A5074049651,Sónia Almeida Neves,https://openalex.org/W3087604129,Determinants of CO2 emissions in European Union countries: Does environmental regulation reduce environmental pollution?,2020,article,323,432,4,0.7476851851851852,first,Economics and Econometrics,"Energy, Environment, Economic Growth",3,3,3,109
https://openalex.org/A5001467788,Giorgio Trebeschi,https://openalex.org/W1531274234,Emerging Markets Spreads and Global Financial Conditions,2007,article,292,431,11,0.6774941995359629,last,Finance,Global Financial Crisis and Policies,3,5,5,122
https://openalex.org/A5072579717,Peter Griffiths,https://openalex.org/W2331934796,Nurse staffing and patient outcomes: Strengths and limitations of the evidence to inform policy and practice. A review and discussion paper based on evidence reviewed for the National Institute for Health and Care Excellence Safe Staffing guideline development,2016,review,281,431,12,0.6519721577726219,first,Economics and Econometrics,Healthcare Policy and Management,9,8,4,148
https://openalex.org/A5002907180,David Gilchrist,https://openalex.org/W3119677748,The Limits of Green Finance: A Survey of Literature in the Context of Green Bonds and Green Loans,2021,article,261,431,39,0.605568445475638,first,Finance,Sustainable Finance and Green Bonds,3,25,10,102
https://openalex.org/A5077429717,F.J.A. Bouman,https://openalex.org/W2003590369,Rotating and accumulating savings and credit associations: A development perspective,1995,article,306,430,14,0.7116279069767442,first,Economics and Econometrics,Microfinance and Financial Inclusion,1,11,7,118
https://openalex.org/A5012118985,Diego Ubfal,https://openalex.org/W3125594344,Banking the Unbanked? Evidence from Three Countries,2018,article,296,429,11,0.6899766899766899,last,Economics and Econometrics,Microfinance and Financial Inclusion,4,4,3,101
https://openalex.org/A5028075529,C. Harvey Rorke,https://openalex.org/W1567560599,Risk measurement when shares are subject to infrequent trading,1983,article,244,429,12,0.5687645687645687,last,Finance,Financial Markets and Investment Strategies,2,9,5,154
https://openalex.org/A5069651528,Xavier Irz,https://openalex.org/W2149252338,Is agriculture the engine of growth?,2006,article,235,429,24,0.5477855477855478,last,Economics and Econometrics,Economic Growth and Productivity,2,10,6,100
https://openalex.org/A5015855858,Amit Dar,https://openalex.org/W2145263991,Impacts of active labor market programs : new evidence from evaluations with particular attention to developing and transition countries,2004,preprint,307,428,7,0.7172897196261683,first,Economics and Econometrics,Labor market dynamics and wage inequality,3,5,5,120
https://openalex.org/A5016763209,James P. Marcin,https://openalex.org/W2592331740,"Impact of a University-Based Outpatient Telemedicine Program on Time Savings, Travel Costs, and Environmental Pollutants",2017,article,233,428,6,0.544392523364486,last,Economics and Econometrics,Healthcare Policy and Management,8,4,4,159
https://openalex.org/A5031918163,Ip-wing Yu,https://openalex.org/W3121886604,Assessing financial market integration in Asia – Equity markets,2010,article,231,428,29,0.5397196261682243,first,Finance,Global Financial Crisis and Policies,3,24,18,189
https://openalex.org/A5100810407,Jean Gadrey,https://openalex.org/W2023424179,THE CHARACTERIZATION OF GOODS AND SERVICES: AN ALTERNATIVE APPROACH,2000,article,219,428,19,0.5116822429906542,first,Economics and Econometrics,Economic Theory and Institutions,1,8,6,177
https://openalex.org/A5063018337,Charles W. Swenson,https://openalex.org/W2103323305,"Government programs can improve local labor markets: Evidence from State Enterprise Zones, Federal Empowerment Zones and Federal Enterprise Community",2010,article,231,427,21,0.5409836065573771,middle,Economics and Econometrics,Regional Economics and Spatial Analysis,4,12,9,151
https://openalex.org/A5030805324,Benjamin Drakeford,https://openalex.org/W3126822617,Do the Green Credit Guidelines Affect Corporate Green Technology Innovation? Empirical Research from China,2021,article,223,427,11,0.522248243559719,last,Economics and Econometrics,"Energy, Environment, Economic Growth",3,9,9,204
https://openalex.org/A5038316025,Penelope S. Pekow,https://openalex.org/W2469354116,Epidemiology of pediatric hospitalizations at general hospitals and freestanding children's hospitals in the United States,2016,article,222,427,7,0.5199063231850117,middle,Economics and Econometrics,Healthcare Policy and Management,6,3,3,188
https://openalex.org/A5081546071,Kleopatra Nikolaou,https://openalex.org/W3124053082,Funding liquidity risk: Definition and measurement,2012,article,255,426,22,0.5985915492957746,last,Finance,"Banking stability, regulation, efficiency",2,12,9,132
https://openalex.org/A5033116312,David A. Stainforth,https://openalex.org/W4307843299,The missing risks of climate change,2022,review,248,426,20,0.5821596244131455,last,Economics and Econometrics,Climate Change Policy and Economics,4,16,7,171
https://openalex.org/A5091427749,Peter Somerville,https://openalex.org/W2090241665,Situating community enterprise: A theoretical exploration,2011,article,234,426,17,0.5492957746478874,first,Finance,Community Development and Social Impact,2,8,7,174
https://openalex.org/A5028260148,Lan Qing-xin,https://openalex.org/W3008486057,Impacts of industrial agglomeration on pollution and ecological efficiency-A spatial econometric analysis based on a big panel dataset of China’s 259 cities,2020,article,218,426,15,0.5117370892018779,middle,Economics and Econometrics,"Energy, Environment, Economic Growth",4,7,4,177
https://openalex.org/A5046229100,Hiroyuki Ozaki,https://openalex.org/W2042308916,Irreversible investment and Knightian uncertainty,2007,article,216,426,17,0.5070422535211268,last,Finance,Capital Investment and Risk Analysis,2,9,5,198
https://openalex.org/A5052346184,Stephen E. G. Lea,https://openalex.org/W1970359291,The economic psychology of consumer debt,1993,article,238,425,12,0.56,first,Economics and Econometrics,Housing Market and Economics,3,7,6,124
https://openalex.org/A5063773647,Clare Bradley,https://openalex.org/W2013892254,Importance of differentiating health status from quality of life,2001,article,238,425,16,0.56,first,Economics and Econometrics,"Health Systems, Economic Evaluations, Quality of Life",1,6,4,143
https://openalex.org/A5109835539,Tuong Nhu,https://openalex.org/W2884050249,The Effects of Climate Change on GDP by Country and the Global Economic Gains From Complying With the Paris Climate Accord,2018,article,312,424,8,0.7358490566037735,last,Economics and Econometrics,Climate Change Policy and Economics,3,7,6,112
https://openalex.org/A5055586998,Lorna A. Greening,https://openalex.org/W1984349989,Design of coordinated energy and environmental policies: use of multi-criteria decision-making,2003,article,292,424,4,0.6886792452830188,first,Economics and Econometrics,Climate Change Policy and Economics,2,3,3,132
https://openalex.org/A5078986821,Birgitte Sloth,https://openalex.org/W2154904079,The Financial Crisis and the Systemic Failure of Academic Economics,2009,article,272,424,17,0.6415094339622641,last,Economics and Econometrics,Economic Theory and Institutions,8,14,8,132
https://openalex.org/A5001013482,Edward J. Schumacher,https://openalex.org/W3122449408,Match Bias in Wage Gap Estimates Due to Earnings Imputation,2004,article,270,424,9,0.6367924528301887,last,Economics and Econometrics,Labor market dynamics and wage inequality,2,6,5,150
https://openalex.org/A5080217809,Berna Aydoğan,https://openalex.org/W2987722012,"Evaluating the role of renewable energy, economic growth and agriculture on CO<sub>2</sub>emission in E7 countries",2019,article,257,424,15,0.6061320754716981,first,Economics and Econometrics,"Energy, Environment, Economic Growth",2,9,8,114
https://openalex.org/A5040045613,Samir Sayadi,https://openalex.org/W2063529155,Public preferences for landscape features: The case of agricultural landscape in mountainous Mediterranean areas,2008,article,216,423,17,0.5106382978723404,first,Economics and Econometrics,Economic and Environmental Valuation,3,6,3,129
https://openalex.org/A5086846741,David F. Heathfield,https://openalex.org/W2503226469,The Death of Economics.,1995,article,286,422,18,0.6777251184834123,first,"General Economics, Econometrics and Finance",Economic Theory and Policy,2,15,11,136
https://openalex.org/A5041534616,Philipp Krüger,https://openalex.org/W3122006067,Sticky Expectations and the Profitability Anomaly,2018,article,267,422,5,0.6327014218009479,middle,Finance,Financial Markets and Investment Strategies,4,3,3,154
https://openalex.org/A5039615086,Enoch Kikulwe,https://openalex.org/W2023007565,"Mobile Money, Smallholder Farmers, and Household Welfare in Kenya",2014,article,252,421,7,0.5985748218527316,first,Economics and Econometrics,Microfinance and Financial Inclusion,3,4,4,145
https://openalex.org/A5044746363,Yixiao Zhou,https://openalex.org/W3040658373,The COVID‐19 Pandemic and Its Impact on the Global Economy: What Does It Take to Turn Crisis into Opportunity?,2020,article,220,420,43,0.5238095238095238,last,Economics and Econometrics,COVID-19 Pandemic Impacts,2,19,11,114
https://openalex.org/A5040375419,Yilin Wu,https://openalex.org/W4283721663,The effects of digital finance and financial constraint on financial performance: Firm-level evidence from China's new energy enterprises,2022,article,284,419,12,0.6778042959427207,first,Economics and Econometrics,"Energy, Environment, Economic Growth",2,8,6,116
https://openalex.org/A5110300498,Sarah Tanner,https://openalex.org/W2155666388,Asset Holding and Consumption Volatility,2002,article,271,419,6,0.6467780429594272,last,Economics and Econometrics,Housing Market and Economics,3,5,5,148
https://openalex.org/A5087050080,Mauro Giorgio Marrano,https://openalex.org/W2038076056,"WHAT HAPPENED TO THE KNOWLEDGE ECONOMY? ICT, INTANGIBLE INVESTMENT, AND BRITAIN'S PRODUCTIVITY RECORD REVISITED",2009,article,270,419,4,0.6443914081145584,first,Economics and Econometrics,Economic Growth and Productivity,3,3,3,149
https://openalex.org/A5064862025,Zvi Adar,https://openalex.org/W2044948600,Uncertainty and the choice of pollution control instruments,1976,article,226,419,8,0.5393794749403341,first,Economics and Econometrics,Economic and Environmental Valuation,2,3,3,113
https://openalex.org/A5015511003,Xavier Martín,https://openalex.org/W2159628517,What makes and what does not make a real option? A study of equity shares in international joint ventures,2009,article,219,419,9,0.522673031026253,last,Finance,Capital Investment and Risk Analysis,2,6,3,200
https://openalex.org/A5016547076,Hosein Maleki,https://openalex.org/W3124746512,Policy uncertainty and corporate credit spreads,2020,article,313,418,5,0.7488038277511961,middle,Finance,Credit Risk and Financial Regulations,4,3,3,101
https://openalex.org/A5017214372,Mahsa Kaviani,https://openalex.org/W3124746512,Policy uncertainty and corporate credit spreads,2020,article,313,418,5,0.7488038277511961,first,Finance,Credit Risk and Financial Regulations,4,3,3,101
https://openalex.org/A5100324262,Liu Liu,https://openalex.org/W3008922619,Impact of institutional quality on environment and energy consumption: evidence from developing world,2020,article,285,418,15,0.6818181818181818,middle,Economics and Econometrics,"Energy, Environment, Economic Growth",3,7,5,120
https://openalex.org/A5027107941,John T.Woolley,https://openalex.org/W2012116515,Democracy and National Economic Performance: The Preference for Stability,2001,article,242,418,15,0.5789473684210527,last,Economics and Econometrics,Fiscal Policies and Political Economy,2,8,7,113
https://openalex.org/A5056464989,Eduardo Henrique Diniz,https://openalex.org/W2036127110,Triggers and barriers to financial inclusion: The use of ICT-based branchless banking in an Amazon county,2011,article,234,418,21,0.5598086124401914,first,Economics and Econometrics,Microfinance and Financial Inclusion,3,10,7,106
https://openalex.org/A5033578521,Yiannis P. Venieris,https://openalex.org/W2014528951,Income Distribution and Sociopolitical Instability as Determinants of Savings: A Cross-Sectional Model,1986,article,230,418,9,0.5502392344497608,first,Economics and Econometrics,Housing Market and Economics,2,8,8,188
https://openalex.org/A5102948822,Michael Barrow,https://openalex.org/W2147172393,Seasonality and Cointegration of Regional House Prices in the UK,1994,article,230,418,10,0.5502392344497608,last,Economics and Econometrics,Housing Market and Economics,2,7,7,175
https://openalex.org/A5049200132,Alfredo Palacios,https://openalex.org/W4377086619,Determining the efficiency path to universal health coverage: cost-effectiveness thresholds for 174 countries based on growth in life expectancy and health expenditures,2023,article,223,418,23,0.5334928229665071,middle,Economics and Econometrics,"Health Systems, Economic Evaluations, Quality of Life",5,19,10,187
https://openalex.org/A5065279279,Ping‐Yu Chen,https://openalex.org/W2481897016,"Modeling the global relationships among economic growth, energy consumption and CO 2 emissions",2016,article,261,417,7,0.6258992805755396,first,Economics and Econometrics,"Energy, Environment, Economic Growth",4,6,5,156
https://openalex.org/A5071042104,Raúl Toral,https://openalex.org/W1999703755,Description of stochastic and chaotic series using visibility graphs,2010,article,250,417,10,0.5995203836930456,last,Economics and Econometrics,Complex Systems and Time Series Analysis,2,6,6,108
https://openalex.org/A5051579825,Jamele Rigolini,https://openalex.org/W1979262253,Informal Employment: Safety Net or Growth Engine?,2011,article,244,417,12,0.5851318944844125,last,Economics and Econometrics,Taxation and Compliance Studies,2,8,8,156
https://openalex.org/A5064615951,John Byrne,https://openalex.org/W2099204699,"American policy conflict in the greenhouse: Divergent trends in federal, regional, state, and local green energy and climate change policy",2007,article,225,417,13,0.539568345323741,first,Economics and Econometrics,Climate Change Policy and Economics,4,6,5,111
https://openalex.org/A5059674609,Paolo Cintia,https://openalex.org/W2981841290,A public data set of spatio-temporal match events in soccer competitions,2019,article,225,416,12,0.5408653846153846,middle,Economics and Econometrics,Sports Analytics and Performance,7,5,5,128
https://openalex.org/A5068819495,Luca Pappalardo,https://openalex.org/W2981841290,A public data set of spatio-temporal match events in soccer competitions,2019,article,225,416,12,0.5408653846153846,first,Economics and Econometrics,Sports Analytics and Performance,7,5,5,128
https://openalex.org/A5111101747,Lucio Castro,https://openalex.org/W3121812146,Tax compliance and enforcement in the pampas evidence from a field experiment,2015,article,280,415,16,0.6746987951807228,first,Economics and Econometrics,Taxation and Compliance Studies,2,12,9,134
https://openalex.org/A5002991974,Lurion De Mello,https://openalex.org/W2069596373,Oil price volatility and stock price fluctuations in an emerging market: Evidence from South Korea,2011,article,234,414,20,0.5652173913043478,last,Economics and Econometrics,Market Dynamics and Volatility,3,7,4,105
https://openalex.org/A5027902867,Michael Bailey,https://openalex.org/W1891801859,Estimating Dynamic State Preferences from United Nations Voting Data,2013,article,224,414,8,0.5410628019323671,first,"General Economics, Econometrics and Finance",Global trade and economics,3,4,3,163
https://openalex.org/A5011850687,Vanesa Llorens,https://openalex.org/W3123564559,Ceilings or floors? Gender wage gaps by education in Spain,2007,article,277,413,7,0.6707021791767555,last,Economics and Econometrics,Labor market dynamics and wage inequality,3,5,4,100
https://openalex.org/A5037573009,Sitian Liu,https://openalex.org/W3046777476,The impact of the COVID-19 pandemic on the demand for density: Evidence from the U.S. housing market,2021,article,276,413,8,0.6682808716707022,first,Economics and Econometrics,Housing Market and Economics,2,4,4,111
https://openalex.org/A5101802752,Jian Chen,https://openalex.org/W3125469901,Economic policy uncertainty in China and stock market expected returns,2017,article,232,413,35,0.5617433414043583,first,Economics and Econometrics,Market Dynamics and Volatility,3,20,6,114
https://openalex.org/A5017378898,Binam Ghimire,https://openalex.org/W3182685666,When ESG meets AAA: The effect of ESG rating changes on stock returns,2021,article,218,413,18,0.5278450363196125,last,Finance,Financial Markets and Investment Strategies,2,13,11,174
https://openalex.org/A5112071655,J. C. Jager,https://openalex.org/W2097798209,International Comparison of Stroke Cost Studies,2004,review,265,412,17,0.6432038834951457,middle,Economics and Econometrics,"Health Systems, Economic Evaluations, Quality of Life",6,12,10,145
https://openalex.org/A5018836358,Nick C. Fox,https://openalex.org/W2234695709,Why has therapy development for dementia failed in the last two decades?,2015,article,244,412,23,0.5922330097087378,middle,Economics and Econometrics,"Health Systems, Economic Evaluations, Quality of Life",7,17,3,150
https://openalex.org/A5074058511,Meher Manzur,https://openalex.org/W1987994492,How rewarding is technical analysis? Evidence from Singapore stock market,2003,article,232,412,37,0.5631067961165048,middle,Finance,Financial Markets and Investment Strategies,3,17,13,104
https://openalex.org/A5111592529,T. G. McGee,https://openalex.org/W2052951571,The Mega-urban Regions of Southeast Asia.,1996,article,223,412,8,0.5412621359223301,middle,Economics and Econometrics,Economic Growth and Fiscal Policies,3,7,5,189
https://openalex.org/A5112694290,Aydin A. Cecen,https://openalex.org/W3208831396,International Journal of Finance and Economics,2018,article,261,410,14,0.6365853658536585,first,Finance,Financial Risk and Volatility Modeling,2,12,7,146
https://openalex.org/A5042973365,Harold A. Linstone,https://openalex.org/W2077875367,The future of capitalism: How today's economic forces shape tomorrow's world,1997,article,224,410,16,0.5463414634146342,first,"General Economics, Econometrics and Finance",Economic Development and Digital Transformation,1,9,3,167
https://openalex.org/A5071123990,Eva de Francisco,https://openalex.org/W2137329184,"Financial Globalization, Inequality, and the Rising Public Debt",2014,article,218,410,20,0.5317073170731708,middle,Economics and Econometrics,Fiscal Policies and Political Economy,3,16,11,188
https://openalex.org/A5074258265,Nicholas Burger,https://openalex.org/W1221739749,Rethinking Indonesia’s Informal Sector,2016,article,230,409,13,0.5623471882640587,middle,Economics and Econometrics,Taxation and Compliance Studies,8,10,9,140
https://openalex.org/A5000695782,James R. Wilson,https://openalex.org/W2138867807,Complex innovation policy systems: Towards an evaluation mix,2013,article,228,409,28,0.5574572127139364,last,Economics and Econometrics,Innovation Policy and R&D,2,19,13,146
https://openalex.org/A5024990189,Katja Hanewald,https://openalex.org/W3189854655,Intrinsic Capacity: Validation of a New WHO Concept for Healthy Aging in a Longitudinal Chinese Study,2021,article,226,409,17,0.5525672371638142,last,Economics and Econometrics,"Health Systems, Economic Evaluations, Quality of Life",5,14,12,159
https://openalex.org/A5043917915,Ilaria Henke,https://openalex.org/W3048291083,"Economic growth, transport accessibility and regional equity impacts of high-speed railways in Italy: ten years ex post evaluation and future perspectives",2020,article,220,409,13,0.5378973105134475,middle,"General Economics, Econometrics and Finance",Aviation Industry Analysis and Trends,4,6,4,121
https://openalex.org/A5028181531,Richard Toye,https://openalex.org/W2026358147,"Free Trade Nation: Commerce, Consumption and Civil Society in Modern Britain",2009,article,205,409,12,0.5012224938875306,first,Economics and Econometrics,Historical Economic and Social Studies,1,5,5,194
https://openalex.org/A5050855063,Roy Green,https://openalex.org/W4224321628,Mission Economy: A Moonshot Guide to Changing Capitalism,2022,article,281,408,28,0.6887254901960784,first,"General Economics, Econometrics and Finance",Economic Issues in Ukraine,1,25,13,126
https://openalex.org/A5046042450,Jonas Månsson,https://openalex.org/W2896706538,Do environmentally sustainable practices make hotels more efficient? A study of major hotels in Sri Lanka,2018,article,223,408,21,0.5465686274509803,middle,Economics and Econometrics,Economic and Environmental Valuation,5,18,10,161
https://openalex.org/A5084054350,Ghebreegziabiher Debrezion,https://openalex.org/W3125803906,The Impact of Rail Transport on Real Estate Prices,2010,article,218,408,13,0.5343137254901961,first,Economics and Econometrics,Housing Market and Economics,3,12,8,190
https://openalex.org/A5009209097,Seth D. Bonime,https://openalex.org/W2165511241,"Why are bank profits so persistent? The roles of product market competition, informational opacity, and regional/macroeconomic shocks",2000,article,298,407,6,0.7321867321867321,middle,Finance,Financial Markets and Investment Strategies,4,5,5,109
https://openalex.org/A5041795182,James Marrone,https://openalex.org/W3123979895,Stock Return Predictability and Variance Risk Premia: Statistical Inference and International Evidence,2014,article,281,407,9,0.6904176904176904,middle,Finance,Financial Markets and Investment Strategies,4,7,5,126
https://openalex.org/A5052771772,Carola Frydman,https://openalex.org/W2591916940,Financial frictions and employment during the Great Depression,2019,article,225,407,18,0.5528255528255528,middle,Finance,"Banking stability, regulation, efficiency",3,12,7,175
https://openalex.org/A5068238110,Rubén Tansini,https://openalex.org/W2084183268,Trade regimes and spillover effects of FDI: Evidence from Uruguay,2001,article,274,406,18,0.6748768472906403,last,"General Economics, Econometrics and Finance",Global trade and economics,3,13,10,125
https://openalex.org/A5086724674,Frode Sættem,https://openalex.org/W1969955087,"Causal relations among stock returns and macroeconomic variables in a small, open economy",1999,article,289,405,11,0.7135802469135802,last,Economics and Econometrics,Market Dynamics and Volatility,2,5,5,102
https://openalex.org/A5048587737,Grant H. Skrepnek,https://openalex.org/W2807821904,Death or Debt? National Estimates of Financial Toxicity in Persons with Newly-Diagnosed Cancer,2018,article,228,405,26,0.562962962962963,last,Economics and Econometrics,Economic and Financial Impacts of Cancer,4,25,17,177
https://openalex.org/A5014141931,Gregory Upton,https://openalex.org/W3123304964,Funding renewable energy: An analysis of renewable portfolio standards,2017,article,216,405,19,0.5333333333333333,first,Economics and Econometrics,Climate Change Policy and Economics,2,7,5,101
https://openalex.org/A5110255441,D. Wayne Taylor,https://openalex.org/W42439442,Measurement of quality of life in end-stage renal disease: the time trade-off approach.,1987,article,273,404,10,0.6757425742574258,middle,Economics and Econometrics,"Health Systems, Economic Evaluations, Quality of Life",7,3,3,118
https://openalex.org/A5024728671,Yuliya Plyakha,https://openalex.org/W3121761197,Improving Portfolio Selection Using Option-Implied Volatility and Skewness,2013,article,240,404,6,0.594059405940594,middle,Finance,Financial Markets and Investment Strategies,4,3,3,102
https://openalex.org/A5054064784,Roemer Mi,https://openalex.org/W2401455439,Bed supply and hospital utilization: a natural experiment.,1961,article,227,404,24,0.5618811881188119,first,Economics and Econometrics,Healthcare Policy and Management,1,8,6,147
https://openalex.org/A5047928870,J. S. Mackenzie,https://openalex.org/W2100574374,A Comparison of Contingent Preference Models,1993,article,224,404,126,0.5544554455445545,first,Economics and Econometrics,Economic and Environmental Valuation,1,119,19,170
https://openalex.org/A5056156800,Michael C. Münnix,https://openalex.org/W2158140512,Identifying States of a Financial Market,2012,article,220,404,13,0.5445544554455446,first,Economics and Econometrics,Complex Systems and Time Series Analysis,7,9,6,138
https://openalex.org/A5009431231,Tido von Schoen-Angerer,https://openalex.org/W2138490742,Promotion of access to essential medicines for non-communicable diseases: practical implications of the UN political declaration,2013,review,209,404,6,0.5173267326732673,last,Economics and Econometrics,Pharmaceutical Economics and Policy,8,4,4,195
https://openalex.org/A5062026520,Frederick H. Harbison,https://openalex.org/W2017370442,Human Resources As the Wealth of Nations.,1975,article,204,404,12,0.504950495049505,last,"General Economics, Econometrics and Finance",Economic Theory and Policy,2,11,11,200
https://openalex.org/A5069797495,Peter van Wijck,https://openalex.org/W1970479998,Monitoring the future. Building an early warning system for the Dutch Ministry of Justice,2009,article,291,403,14,0.7220843672456576,last,"General Economics, Econometrics and Finance","Economic, financial, and policy analysis",4,7,7,101
https://openalex.org/A5077615696,Jacques Raynauld,https://openalex.org/W2028492814,Measuring World Business Cycles,1997,article,251,403,18,0.6228287841191067,last,"General Economics, Econometrics and Finance",Monetary Policy and Economic Impact,3,11,9,142
https://openalex.org/A5057370182,Robert P. Merges,https://openalex.org/W2086875603,"Specialized supply firms, property rights and firm boundaries",2004,article,222,403,17,0.5508684863523573,last,Economics and Econometrics,Firm Innovation and Growth,2,8,6,141
https://openalex.org/A5110473314,D.A. Hanson,https://openalex.org/W1495241076,Decomposition of changes in energy intensity,1988,article,219,403,26,0.543424317617866,middle,Economics and Econometrics,"Energy, Environment, Economic Growth",3,16,9,103
https://openalex.org/A5111869530,Nancy Wilson,https://openalex.org/W2025980975,Health Status Assessments Using the Veterans SF-12 and SF-36: Methods for Evaluating Outcomes in the Veterans Health Administration,2001,article,203,403,5,0.5037220843672456,middle,Economics and Econometrics,Healthcare Policy and Management,8,4,4,200
https://openalex.org/A5066242385,Yue Zhao,https://openalex.org/W1982585463,Impact of environmental regulations on the efficiency and CO2 emissions of power plants in China,2015,article,284,402,6,0.7064676616915423,last,Economics and Econometrics,Climate Change Policy and Economics,3,4,3,111
https://openalex.org/A5112831811,A Aydin Cecen,https://openalex.org/W3208831396,International Journal of Finance and Economics,2018,article,261,402,19,0.6492537313432836,last,Finance,Financial Risk and Volatility Modeling,2,18,5,141
https://openalex.org/A5088564278,Jian Cai,https://openalex.org/W3125841019,"Syndication, interconnectedness, and systemic risk",2017,article,249,402,15,0.6194029850746269,first,Finance,"Banking stability, regulation, efficiency",4,12,9,136
https://openalex.org/A5015033656,Chak Hung Jack Cheng,https://openalex.org/W2803604320,How important are global geopolitical risks to emerging countries?,2018,article,213,402,18,0.5298507462686567,first,Economics and Econometrics,Market Dynamics and Volatility,2,9,3,115
https://openalex.org/A5077994935,Leonard Rosenthal,https://openalex.org/W1991701984,The seemingly anomalous price behavior of Royal Dutch/Shell and Unilever N.V./PLC,1990,article,210,402,12,0.5223880597014925,first,Finance,Financial Markets and Investment Strategies,1,8,8,121
https://openalex.org/A5029773378,Uma Subramanian,https://openalex.org/W1996731204,The Impact of Logistics Performance on Trade,2012,article,204,402,8,0.5074626865671642,last,"General Economics, Econometrics and Finance",Global trade and economics,3,5,5,198
https://openalex.org/A5000588911,Orhan Erdem,https://openalex.org/W3037680452,Freedom and stock market performance during Covid-19 outbreak,2020,article,271,401,23,0.6758104738154613,first,Economics and Econometrics,COVID-19 Pandemic Impacts,1,19,11,130
https://openalex.org/A5047671840,Lawrence F. Cunningham,https://openalex.org/W1993509378,Perceived risk and the consumer buying process: internet airline reservations,2005,article,245,401,11,0.6109725685785536,first,"General Economics, Econometrics and Finance",Aviation Industry Analysis and Trends,4,10,9,156
https://openalex.org/A5057259115,Arash Nekoei,https://openalex.org/W3123077723,Does Extending Unemployment Benefits Improve Job Quality?,2017,article,216,401,11,0.5386533665835411,first,Economics and Econometrics,Labor market dynamics and wage inequality,2,6,5,145
https://openalex.org/A5054062927,Duc Duy Nguyen,https://openalex.org/W4214818772,Climate Change Risk and the Cost of Mortgage Credit,2022,article,213,401,19,0.5311720698254364,first,Economics and Econometrics,Housing Market and Economics,4,9,6,169
https://openalex.org/A5025070644,John Kitching,https://openalex.org/W2134972937,Small business responses to a major economic downturn: Empirical perspectives from New Zealand and the United Kingdom,2012,article,285,400,24,0.7125,last,Economics and Econometrics,Firm Innovation and Growth,4,17,12,110
https://openalex.org/A5042876806,Alessandra Mori,https://openalex.org/W1966616772,Collaboration Between Firms and Universities in Italy: The Role of a Firm’s Proximity to Top-Rated Departments,2014,article,231,400,8,0.5775,middle,Economics and Econometrics,Firm Innovation and Growth,3,5,3,165
https://openalex.org/A5002385212,Felicia Fai,https://openalex.org/W2075040185,Industry-specific competencies and converging technological systems: evidence from patents,2001,article,217,400,19,0.5425,first,Economics and Econometrics,Economic Growth and Productivity,2,3,3,141
https://openalex.org/A5000968299,Scott L. Zeger,https://openalex.org/W2147113686,How can clinicians measure safety and quality in acute care?,2004,review,211,400,13,0.5275,middle,Economics and Econometrics,"Health Systems, Economic Evaluations, Quality of Life",5,4,3,127
https://openalex.org/A5002456932,David Toke,https://openalex.org/W2044825833,EU renewable energy support policy: Faith or facts?,2009,article,207,400,8,0.5175,middle,Economics and Econometrics,Climate Change Policy and Economics,7,4,4,168
https://openalex.org/A5103950365,Ethan S. Harris,https://openalex.org/W2098683532,"The Equilibrium Real Funds Rate: Past, Present, and Future",2016,article,253,399,9,0.6340852130325815,middle,"General Economics, Econometrics and Finance",Monetary Policy and Economic Impact,4,8,7,146
https://openalex.org/A5032164222,J. C. R. Dow,https://openalex.org/W2015942114,"Default, Settlement, and Signalling: Lending Resumption in a Reputational Model of Sovereign Debt",1995,article,229,399,16,0.5739348370927319,middle,Finance,Global Financial Crisis and Policies,3,12,8,169
https://openalex.org/A5079115002,Cynthia J. Girman,https://openalex.org/W2388052703,Regression coefficient–based scoring system should be used to assign weights to the risk index,2016,article,228,399,16,0.5714285714285714,middle,Economics and Econometrics,"Health Systems, Economic Evaluations, Quality of Life",5,3,3,100
https://openalex.org/A5062835899,Gloria Ariza-Cardiel,https://openalex.org/W2824156522,"Psychometric properties of the EQ-5D-5L in patients with hip or knee osteoarthritis: reliability, validity and responsiveness",2018,article,223,399,7,0.5588972431077694,middle,Economics and Econometrics,"Health Systems, Economic Evaluations, Quality of Life",8,4,4,147
https://openalex.org/A5063225191,Marina Rybalka,https://openalex.org/W2080157908,The effects of R&amp;D tax credits on patenting and innovations,2011,article,262,398,21,0.6582914572864321,last,Economics and Econometrics,Innovation Policy and R&D,3,11,9,117
https://openalex.org/A5111733907,K.G. Mäler,https://openalex.org/W2314139020,Biodiversity Loss: Economic and Ecological Issues,1996,article,250,398,5,0.628140703517588,middle,Economics and Econometrics,Economic and Environmental Valuation,6,4,3,148
https://openalex.org/A5062318669,Aiza Shabbir,https://openalex.org/W3142372085,Do institutional quality and financial development affect sustainable economic growth? Evidence from South Asian countries,2021,article,242,398,7,0.6080402010050251,last,Economics and Econometrics,"Energy, Environment, Economic Growth",4,4,4,138
https://openalex.org/A5074681059,Larry Selden,https://openalex.org/W2030434827,A General Equilibrium Analysis of Option and Stock Market Interactions,1991,article,226,398,25,0.5678391959798995,last,Finance,Stochastic processes and financial applications,2,8,7,123
https://openalex.org/A5101930513,Matthew Smith,https://openalex.org/W1826307119,The Empirical Implications of the Interest-Rate Lower Bound,2017,article,217,398,27,0.5452261306532663,last,"General Economics, Econometrics and Finance",Monetary Policy and Economic Impact,4,21,12,177
https://openalex.org/A5007950658,Linke Zhu,https://openalex.org/W1622730902,Import competition from and offshoring to China: A curse or blessing for firms?,2012,article,211,398,14,0.5301507537688442,last,"General Economics, Econometrics and Finance",Global trade and economics,2,5,4,103
https://openalex.org/A5090813449,Michael E. Solt,https://openalex.org/W2148553891,How Useful is the Sentiment Index?,1988,article,204,398,10,0.5125628140703518,first,Economics and Econometrics,Sports Analytics and Performance,2,6,6,161
https://openalex.org/A5014999609,Urs Waelchli,https://openalex.org/W1920341630,Firm Age and Performance,2010,article,225,397,12,0.5667506297229219,last,Economics and Econometrics,Firm Innovation and Growth,2,4,4,115
https://openalex.org/A5057136786,Joseph Price,https://openalex.org/W3125873554,Awareness Reduces Racial Bias,2018,article,203,397,9,0.5113350125944585,middle,Economics and Econometrics,Sports Analytics and Performance,3,7,6,194
https://openalex.org/A5003773187,Gideon Ozik,https://openalex.org/W3184522998,Flattening the Illiquidity Curve: Retail Trading During the COVID-19 Lockdown,2021,article,203,397,20,0.5113350125944585,first,Finance,Financial Markets and Investment Strategies,3,11,11,184
https://openalex.org/A5072656595,Menghe Liu,https://openalex.org/W4281698496,Environmental regulation and green innovation: Evidence from China's carbon emissions trading policy,2022,article,203,397,5,0.5113350125944585,first,Economics and Econometrics,"Energy, Environment, Economic Growth",2,4,4,194
https://openalex.org/A5010464799,Won Chang,https://openalex.org/W3125834385,How Regional Blocs Affect Excluded Countries: The Price Effects of MERCOSUR,2002,article,252,396,10,0.6363636363636364,first,"General Economics, Econometrics and Finance",Global trade and economics,2,4,4,116
https://openalex.org/A5067846769,Gailen L. Hite,https://openalex.org/W2117733761,The Effect of Bond-Rating Changes on Bond Price Performance,1997,article,239,396,8,0.6035353535353535,first,Finance,Credit Risk and Financial Regulations,2,7,6,157
https://openalex.org/A5015308618,Torberg Falch,https://openalex.org/W2150338004,"Public sector efficiency: the roles of political and budgetary institutions, fiscal capacity, and democratic participation",2008,article,226,396,21,0.5707070707070707,middle,Economics and Econometrics,Fiscal Policies and Political Economy,3,12,10,159
https://openalex.org/A5033069592,Steven Sumner,https://openalex.org/W2037132380,Bank loan portfolios and the monetary transmission mechanism,2006,article,216,396,15,0.5454545454545454,middle,Finance,"Banking stability, regulation, efficiency",3,7,6,123
https://openalex.org/A5005071071,Felipe Aguerrevere,https://openalex.org/W2086987147,"Real Options, Product Market Competition, and Asset Returns",2009,article,216,396,4,0.5454545454545454,first,Finance,Capital Investment and Risk Analysis,1,3,3,180
https://openalex.org/A5009045849,Jonatan Pinkse,https://openalex.org/W2614939196,Accountability for social impact: A bricolage perspective on impact measurement in social enterprises,2017,article,213,396,26,0.5378787878787878,last,Finance,Community Development and Social Impact,2,19,12,129
https://openalex.org/A5085455883,David E. Davis,https://openalex.org/W2021958865,Fat Taxes: Big Money for Small Change,2007,article,199,396,23,0.5025252525252525,middle,Economics and Econometrics,Economics of Agriculture and Food Markets,4,11,8,148
https://openalex.org/A5001035795,Roger Friedland,https://openalex.org/W1965707271,Lost in Space: The Geography of Corporate Interlocking Directorates,1998,article,269,395,8,0.6810126582278481,middle,Economics and Econometrics,Regional Economics and Spatial Analysis,4,6,5,119
https://openalex.org/A5059049205,Marc R. Tool,https://openalex.org/W1989214155,The Discretionary Economy: A Normative Theory of Political Economy,1980,article,200,395,21,0.5063291139240507,last,Economics and Econometrics,Economic Theory and Institutions,2,4,3,128
https://openalex.org/A5004802989,Kashif Imran,https://openalex.org/W1976538707,"Industrialization, electricity consumption and CO2 emissions in Bangladesh",2014,article,283,394,8,0.7182741116751269,last,Economics and Econometrics,"Energy, Environment, Economic Growth",4,4,3,100
https://openalex.org/A5029599906,Richard F. Doner,https://openalex.org/W2546712197,The Middle-Income Trap,2016,article,266,394,10,0.6751269035532995,first,"General Economics, Econometrics and Finance",Economic Theory and Policy,2,7,5,128
https://openalex.org/A5006700369,Ayoub Yousefi,https://openalex.org/W1964548466,The impact of information and communication technology on economic growth: evidence from developed and developing countries,2011,article,208,394,8,0.5279187817258884,first,Economics and Econometrics,Economic Growth and Productivity,1,5,4,162
https://openalex.org/A5110287917,Yoav Kislev,https://openalex.org/W2022159875,A Stochastic Model of Applied Research,1976,article,205,394,16,0.5203045685279187,last,Economics and Econometrics,Complex Systems and Time Series Analysis,2,4,4,109
https://openalex.org/A5107870133,Anwar Islam,https://openalex.org/W2171391209,Health System in Bangladesh: Challenges and Opportunities,2014,article,231,393,6,0.5877862595419847,first,Finance,Healthcare Systems and Reforms,1,4,4,143
https://openalex.org/A5110481922,Chi-Sang Tam,https://openalex.org/W3121886604,Assessing financial market integration in Asia – Equity markets,2010,article,231,393,18,0.5877862595419847,last,Finance,Global Financial Crisis and Policies,3,17,11,162
https://openalex.org/A5033795301,Caterina Calsamiglia,https://openalex.org/W3123885923,Constrained School Choice: An Experimental Study,2010,article,230,393,16,0.5852417302798982,first,Economics and Econometrics,Game Theory and Voting Systems,3,5,4,120
https://openalex.org/A5015346324,Giliberto Capano,https://openalex.org/W3038027147,"Policy design and state capacity in the COVID-19 emergency in Italy: if you are not prepared for the (un)expected, you can be only what you already are",2020,article,214,393,16,0.544529262086514,first,Economics and Econometrics,Regional resilience and development,1,12,6,162
https://openalex.org/A5090838787,Gerard FitzGerald,https://openalex.org/W2948281403,The public health care system and primary care services in Saudi Arabia: a system in transition,2019,review,204,393,11,0.5190839694656488,middle,Finance,Healthcare Systems and Reforms,4,10,6,189
https://openalex.org/A5086774357,Deborah Peikes,https://openalex.org/W1969496965,Six Features Of Medicare Coordinated Care Demonstration Programs That Cut Hospital Admissions Of High-Risk Patients,2012,article,243,392,16,0.6198979591836735,middle,Economics and Econometrics,Healthcare Policy and Management,5,8,5,139
https://openalex.org/A5047295208,T.B.M. Steenkamp,https://openalex.org/W3121831272,Strategic asset allocation with liabilities: Beyond stocks and bonds,2008,article,219,392,10,0.5586734693877551,last,Finance,Financial Markets and Investment Strategies,4,4,3,145
https://openalex.org/A5077175868,Morton Owen Schapiro,https://openalex.org/W2096779438,Tenure Issues in Higher Education,1999,article,219,392,24,0.5586734693877551,last,Economics and Econometrics,"Law, Economics, and Judicial Systems",2,20,15,153
https://openalex.org/A5031882311,Dirk Ulbricht,https://openalex.org/W2252671164,Between the hammer and the anvil: The impact of economic sanctions and oil prices on Russia’s ruble,2016,article,208,392,40,0.5306122448979592,middle,Economics and Econometrics,Market Dynamics and Volatility,4,29,16,137
https://openalex.org/A5100342810,Zihao Li,https://openalex.org/W4382602049,"Digital economy, industrial transformation and upgrading, and spatial transfer of carbon emissions: The paths for low-carbon transformation of Chinese cities",2023,article,202,392,15,0.5153061224489796,middle,Economics and Econometrics,"Energy, Environment, Economic Growth",4,6,5,109
https://openalex.org/A5070136452,Lois M. Takahashi,https://openalex.org/W2443964634,Intersection of Living in a Rural Versus Urban Area and Race/Ethnicity in Explaining Access to Health Care in the United States,2016,article,261,391,5,0.6675191815856778,last,Economics and Econometrics,Healthcare Policy and Management,5,4,4,130
https://openalex.org/A5045062925,James Witkin,https://openalex.org/W2584855053,Asset Quality Misrepresentation by Financial Intermediaries: Evidence from the RMBS Market,2015,article,257,391,5,0.6572890025575447,last,Economics and Econometrics,Housing Market and Economics,3,4,4,134
https://openalex.org/A5039713495,Fengxia Hu,https://openalex.org/W4388098648,Effect of digital transformation on enterprises' green innovation: Empirical evidence from listed companies in China,2023,article,244,391,8,0.6240409207161125,middle,Economics and Econometrics,"Energy, Environment, Economic Growth",4,6,6,126
https://openalex.org/A5064788341,Eklabya Sharma,https://openalex.org/W3130064322,Socio-Economic Implications of COVID-19 Pandemic in South Asia: Emerging Risks and Growing Challenges,2021,article,228,391,4,0.5831202046035806,last,Economics and Econometrics,COVID-19 Pandemic Impacts,10,3,3,163
https://openalex.org/A5087261321,Per Tovmo,https://openalex.org/W2150338004,"Public sector efficiency: the roles of political and budgetary institutions, fiscal capacity, and democratic participation",2008,article,226,391,10,0.578005115089514,last,Economics and Econometrics,Fiscal Policies and Political Economy,3,6,5,129
https://openalex.org/A5111541808,Nir Klein,https://openalex.org/W2069777137,Non-Performing Loans in CESEE: Determinants and Impact on Macroeconomic Performance,2013,article,216,391,29,0.5524296675191815,first,Finance,"Banking stability, regulation, efficiency",1,21,14,141
https://openalex.org/A5051023684,Kim Wittrup‐Jensen,https://openalex.org/W2087596550,Generation of a Danish TTO value set for EQ-5D health states,2009,article,264,389,6,0.6786632390745502,first,Economics and Econometrics,"Health Systems, Economic Evaluations, Quality of Life",4,4,3,108
https://openalex.org/A5063382866,Natalia Nolde,https://openalex.org/W2592545909,Elicitability and backtesting: Perspectives for banking regulation,2017,article,204,389,25,0.5244215938303342,first,Finance,Financial Risk and Volatility Modeling,2,10,9,114
https://openalex.org/A5024266358,Christopher Parsons,https://openalex.org/W2529564876,Global Talent Flows,2016,article,274,388,22,0.7061855670103093,last,Economics and Econometrics,Economic Growth and Productivity,4,17,9,113
https://openalex.org/A5051829060,Robert G. Hawkins,https://openalex.org/W4300935174,Nontariff Distortions of International Trade.,1971,article,249,388,20,0.6417525773195877,first,"General Economics, Econometrics and Finance",Global trade and economics,2,8,5,100
https://openalex.org/A5003256757,William B. Brueggeman,https://openalex.org/W1984083540,Real Estate Investment Funds: Performance and Portfolio Considerations,1984,article,226,388,15,0.5824742268041238,first,Economics and Econometrics,Housing Market and Economics,3,11,10,116
https://openalex.org/A5103961083,Nathalie Francken,https://openalex.org/W2310753075,Natural resources: A curse on education spending?,2016,article,202,388,9,0.520618556701031,last,"General Economics, Econometrics and Finance",Natural Resources and Economic Development,2,8,5,186
https://openalex.org/A5087561801,Alain Bertaud,https://openalex.org/W2020883241,Analyzing building-height restrictions: predicted impacts and welfare costs,2004,article,286,387,4,0.7390180878552972,first,Economics and Econometrics,Housing Market and Economics,2,3,3,101
